Fecha,H01,H02,H03,H04,H05,H06,H07,H08,H09,H10,H11,H12,H13,H14,H15,H16,H17,H18,H19,H20,H21,H22,H23,H24
2017-01-01,6090271.96,5887031.28,5708693.89,5538133.02,5389774.53,5288199.94,4851217.85,4876162.18,5073813.27,5359713.29,5586470.17,5770471.79,5847839.73,5844160.87,5745568.87,5647807.4,5609297.84,5690105.56,6761038.26,7077861.59,6979468.9,6695312.12,6289107.72,5794545.98
2017-01-02,5557603.42,5361012.17,5239119.86,5163721.7,5249539.75,5438852.95,5566947.57,6055220.8,6588005.66,6979088.72,7300560.97,7536077.12,7561759.76,7543951.6,7610559.73,7584026.97,7421194.49,7317194.26,8182697.67,8482127.69,8251009.75,7836278.95,7221234.85,6660691.64
2017-01-03,6160676.02,5924880.04,5764416.93,5685832.28,5778222.13,5985840.29,6083907.36,6545100.21,7092804.54,7461185.94,7793417.76,8048475.01,8027249.1,8027658.57,8148614.93,8117168.0,7930900.03,7783762.28,8653467.38,8835882.88,8562448.23,8095841.79,7443299.51,6840297.15
2017-01-04,6321851.2,6092135.24,5905390.85,5827867.82,5925730.02,6182279.89,6276759.96,6737660.53,7256819.19,7608691.4,7942405.48,8175350.47,8130409.06,8103241.98,8164513.51,8132006.92,7962749.39,7841533.59,8700506.07,8860255.66,8611085.76,8147451.75,7471240.82,6838250.32
2017-01-05,6395397.96,6162409.22,6001153.67,5918673.26,6005924.21,6225027.53,6322923.78,6739120.44,7307847.42,7619827.03,7841273.28,8086657.92,8112556.47,8059751.44,8144209.65,8136193.07,8022918.36,7927405.07,8718181.89,8832234.87,8579992.47,8063978.64,7406615.66,6829864.57
2017-01-06,6381819.62,6131392.34,5995648.54,5926665.13,6016864.72,6294425.78,6434787.53,6882054.0,7365946.07,7734212.67,8030173.76,8274327.44,8185560.87,8173830.18,8240411.86,8173415.39,7996806.3,7822605.04,8675548.79,8846841.24,8592264.6,8136250.38,7518243.88,6921639.21
2017-01-07,6525895.31,6240836.72,6090880.04,5990958.51,6031128.61,6153095.75,6153441.16,6494933.3,7032859.86,7404827.5,7693273.84,7825830.52,7824002.98,7692923.86,7541365.53,7431992.46,7301062.46,7354996.31,8254006.56,8462231.18,8247014.72,7846633.93,7263016.84,6748022.1
2017-01-08,6326836.49,6094599.0,5894932.99,5767066.6,5723343.19,5732869.09,5517452.94,5695553.38,6006775.9,6245034.62,6452579.21,6660908.42,6725256.59,6668164.02,6530022.48,6424695.7,6390754.63,6548894.08,7552952.28,7754913.1,7563722.46,7188256.16,6705884.31,6238894.75
2017-01-09,5917367.06,5725053.67,5567058.06,5496669.03,5532239.19,5566907.36,5397204.37,5600906.11,5965768.21,6303910.1,6570787.98,6793605.75,6859574.31,6777145.21,6659606.88,6544740.37,6509866.66,6712253.52,7703462.32,7979736.68,7716144.47,7297017.51,6795361.42,6321478.25
2017-01-10,5956092.23,5712085.93,5606050.44,5595323.09,5770049.55,6103857.89,6296790.66,6776968.47,7381221.79,7723873.93,8064491.85,8290855.43,8167156.1,8168408.77,8317358.6,8286351.48,8191637.05,8053310.11,8803188.92,8925547.21,8563960.4,8036507.99,7340419.13,6664161.76
2017-01-11,6247497.23,5973970.15,5850082.32,5825558.91,5971029.69,6286085.97,6495134.5,6974008.5,7573269.04,7878197.45,8220191.64,8496093.43,8367847.38,8348495.23,8452147.88,8443873.14,8277363.59,8040677.59,8773563.02,8937015.37,8610020.05,8104977.64,7398256.5,6670426.94
2017-01-12,6281657.87,6058053.29,5915033.97,5853487.17,6037400.44,6367048.73,6574833.93,7062448.94,7606404.17,7949730.96,8271194.38,8489964.93,8391747.53,8359064.83,8517808.31,8514069.28,8335155.25,8102346.1,8849044.87,9014758.48,8742208.41,8235449.25,7493710.63,6805224.72
2017-01-13,6391904.81,6109056.72,5993121.48,5966735.74,6117911.38,6445812.9,6636808.99,7147650.01,7697967.56,7992775.67,8319213.66,8565243.78,8425137.22,8346564.84,8501870.42,8487437.43,8274365.14,8090716.31,8821825.79,8986601.73,8657221.75,8126277.22,7458226.28,6752472.02
2017-01-14,6380559.7,6136372.71,5988934.93,5899758.44,5971830.54,6156273.77,6247261.29,6644536.53,7209680.37,7623520.24,7886059.43,8064112.97,7988110.65,7805846.35,7631706.73,7538207.8,7379971.49,7371796.01,8308689.99,8536272.58,8244696.69,7764060.22,7138582.56,6618058.75
2017-01-15,6160894.13,5857447.18,5676577.03,5563299.19,5515415.8,5528447.87,5355332.86,5584519.92,5977534.16,6280759.08,6550598.81,6772869.45,6797319.79,6709434.63,6573694.17,6480169.76,6408327.58,6522384.68,7563803.51,7971409.89,7860135.71,7458977.07,6896159.86,6383917.81
2017-01-16,6008364.13,5775561.76,5672195.09,5658816.87,5831892.28,6260446.5,6508209.98,6956210.4,7525942.8,7844417.8,8197847.78,8447967.78,8319195.72,8293443.09,8451259.76,8450529.29,8285365.84,8129301.12,8819671.66,9067444.36,8800735.55,8225465.14,7471716.35,6774156.9
2017-01-17,6346679.98,6110812.69,5908722.13,5874471.45,6001287.54,6500904.01,6798574.57,7219319.93,7744641.15,8034976.03,8317874.45,8545368.41,8455592.94,8442865.7,8583484.05,8585293.21,8430135.73,8176867.19,8908807.33,9116466.92,8811363.12,8207466.92,7458363.83,6757032.04
2017-01-18,6296312.28,6086823.54,5901295.8,5883070.79,6040123.03,6522710.22,6701343.07,7128388.78,7646887.73,7874564.97,8214568.44,8467319.25,8293134.12,8330552.95,8497222.51,8489364.09,8298037.69,8171474.59,8823577.74,9005601.39,8652984.59,8114483.92,7341548.98,6675982.96
2017-01-19,6256591.67,6044783.56,5907103.23,5836547.98,6064611.28,6442521.02,6744858.64,7151457.38,7654618.86,8023953.52,8373661.22,8629099.28,8455636.97,8438018.78,8562720.94,8583712.17,8382131.65,8242729.59,8912593.94,9073089.83,8802270.58,8296879.04,7491934.02,6808424.96
2017-01-20,6385316.25,6170992.9,5996997.58,5940138.81,6144625.14,6560242.23,6875968.81,7324438.15,7837866.74,8164568.35,8529717.81,8752107.55,8583317.59,8536507.82,8708886.25,8676641.07,8423212.0,8201011.47,8919347.41,9121490.36,8812691.27,8265441.01,7535458.46,6939906.04
2017-01-21,6498231.12,6242843.23,6075968.21,6012372.32,6081705.86,6250921.45,6349573.79,6804379.54,7351269.81,7759644.91,8059853.51,8241499.38,8109337.48,7916018.38,7692162.17,7571897.95,7401326.66,7392257.68,8316803.09,8604592.91,8347227.93,7839792.74,7187146.8,6611730.33
2017-01-22,6156590.63,5916508.56,5711157.34,5608294.08,5544686.88,5524993.96,5340099.94,5547716.88,5934386.66,6326157.38,6607108.87,6786542.4,6861474.31,6801309.09,6709409.59,6633396.4,6520852.06,6542894.17,7533532.1,8023586.96,7917812.89,7522133.61,6915321.68,6387169.99
2017-01-23,6010952.56,5801593.08,5656464.45,5610192.42,5838537.86,6353619.08,6604400.92,7012948.52,7625210.4,7983982.18,8333309.11,8570982.87,8368725.1,8371999.7,8523881.49,8519120.17,8308198.59,8022975.32,8769382.93,9109278.54,8847500.09,8271554.52,7446394.24,6756628.71
2017-01-24,6324268.61,6093514.33,5945373.12,5915390.46,6137481.99,6638962.86,6833021.36,7189238.55,7699111.0,8041915.98,8389876.94,8611533.4,8477369.78,8477408.47,8611050.5,8666709.49,8483769.66,8227959.2,8909540.4,9227466.63,8928416.7,8339701.37,7519526.77,6837094.67
2017-01-25,6411339.56,6171158.22,6017349.22,5978432.17,6228998.58,6771804.27,7033814.02,7342970.35,7845672.94,8136755.87,8441999.98,8678294.14,8474695.95,8471673.12,8642822.35,8641777.16,8505884.18,8196880.04,8944448.71,9320232.53,9030111.55,8399188.6,7556701.1,6836660.03
2017-01-26,6362481.71,6166695.7,6015745.76,6012248.25,6269737.79,6879502.83,7088143.95,7431406.21,7922126.55,8224147.79,8561410.1,8771050.0,8524724.39,8530246.1,8731038.49,8703590.9,8558082.24,8334135.57,9061750.09,9327697.7,9077190.66,8475527.82,7662119.14,6974146.86
2017-01-27,6581114.91,6359529.23,6208836.39,6177714.34,6372440.98,6934174.26,7157712.74,7447522.18,7967866.56,8229752.66,8578795.11,8770117.74,8567023.46,8593610.51,8796220.85,8799849.84,8580478.17,8362961.39,8993619.07,9235405.46,8911651.31,8417105.18,7760184.32,7161055.21
2017-01-28,6663307.45,6392629.74,6211019.37,6139312.12,6246956.97,6430171.18,6532118.8,6880255.65,7447237.43,7864465.54,8204832.78,8395949.51,8218975.53,8017776.62,7892115.85,7766559.37,7615991.69,7568380.85,8411651.47,8762969.23,8461814.01,7997983.41,7401959.38,6881491.59
2017-01-29,6424314.03,6147855.61,5935481.84,5840351.86,5786585.69,5827938.72,5688440.73,5939882.57,6349016.94,6666147.36,6918243.24,7151343.17,7213795.4,7134377.37,6977058.59,6917190.46,6792255.85,6816739.48,7821730.84,8322681.13,8252559.0,7911097.22,7311497.57,6677396.96
2017-01-30,6326774.12,6107762.8,6004497.24,5954242.44,6198692.57,6787891.03,6994614.34,7313585.72,7857768.79,8161560.61,8484206.75,8688561.3,8500194.13,8543370.77,8688790.53,8696459.58,8580759.5,8359400.69,8996879.08,9274073.69,9016283.68,8484388.95,7683067.85,6944531.12
2017-01-31,6514914.07,6287638.98,6156475.01,6107684.14,6336829.43,6973870.13,7153230.99,7437253.62,7942009.0,8234616.25,8534359.35,8780582.84,8526181.93,8552337.05,8680690.86,8697047.31,8500591.85,8216010.87,8940081.37,9265307.59,8993728.87,8430197.99,7620430.58,6937312.33
2017-02-01,6488639.08,6255510.69,6143892.56,6092218.75,6353549.22,6996350.43,7153073.85,7361456.43,7828732.82,8133063.02,8464166.01,8638769.02,8460601.82,8529859.59,8726194.7,8739305.38,8609265.51,8375238.06,9058165.19,9414478.33,9115213.79,8516844.58,7759202.47,7026403.03
2017-02-02,6582604.04,6336386.59,6175032.51,6130164.28,6369363.66,7033631.48,7152891.89,7514495.84,7975597.85,8206885.99,8529183.44,8764384.41,8621551.55,8640033.4,8867088.18,8881427.01,8755035.23,8472658.84,9087905.52,9447853.47,9154720.66,8593045.42,7732260.56,7020265.44
2017-02-03,6564662.8,6285001.56,6150458.03,6115825.68,6323338.93,7016163.86,7141824.15,7465097.67,7949882.92,8264588.48,8562715.52,8812293.14,8660317.43,8690730.43,8883868.68,8914876.64,8723448.87,8390543.29,9037653.79,9366679.57,9097226.34,8575874.14,7923409.84,7298983.12
2017-02-04,6778254.93,6466584.46,6283526.04,6231773.15,6316105.96,6515630.9,6592318.72,7052943.88,7594014.89,8024621.84,8397566.89,8581153.72,8410658.19,8180888.41,8014867.07,7885774.53,7787950.03,7745447.61,8578562.98,8989227.95,8686994.2,8157649.73,7564512.75,6937380.82
2017-02-05,6523051.0,6256168.62,6074492.92,5925017.67,5881798.81,5893176.05,5729575.96,5956714.86,6310772.0,6679393.98,7007757.27,7205673.78,7282510.6,7199142.48,7094734.68,6996249.72,6879387.72,6893707.41,7834427.24,8422580.78,8337574.72,8017551.73,7376838.03,6858747.25
2017-02-06,6363682.55,6096065.58,5962546.77,5950822.48,6202075.52,6927985.52,7056678.96,7379945.03,7949831.31,8321628.51,8683060.79,8916171.28,8738036.41,8770821.79,8992604.35,9011483.88,8802189.72,8455609.01,9053444.31,9478419.18,9251314.12,8697790.14,7879570.94,7120636.34
2017-02-07,6642118.39,6479353.26,6289927.14,6231990.76,6498714.98,7226317.11,7301082.86,7569307.79,8091807.25,8402262.89,8707342.52,8938802.67,8790869.64,8862683.02,9078979.31,9091314.73,8878506.25,8541473.22,9167378.91,9596900.64,9360737.49,8828880.98,8064272.86,7176642.69
2017-02-08,6724007.18,6491403.79,6361066.42,6294030.81,6536373.1,7283946.67,7367312.57,7663661.37,8149487.33,8495543.19,8857638.61,9103597.22,8854545.83,8907954.37,9124829.23,9140702.0,8974165.51,8699245.85,9307967.99,9704659.29,9428664.34,8854164.69,7999435.6,7248995.56
2017-02-09,6819986.74,6554370.14,6429558.73,6397037.2,6633019.82,7307369.67,7474570.66,7684507.6,8174646.9,8497645.71,8802156.02,9033934.96,8835244.13,8918828.91,9118273.81,9088599.87,8880873.83,8603526.4,9245446.34,9632769.7,9392693.19,8775774.18,7948932.59,7308896.67
2017-02-10,6790966.5,6534300.48,6388036.71,6349445.3,6592135.94,7266915.98,7379994.34,7682490.33,8149771.62,8407823.09,8734381.35,8920336.93,8698773.12,8798712.72,8968728.56,8924870.16,8705131.24,8359905.57,9034322.43,9346209.83,9048042.78,8420022.61,7702891.82,6992500.83
2017-02-11,6582609.78,6348370.45,6176849.12,6126063.56,6230836.87,6431690.51,6533623.57,7000651.33,7557796.94,7986730.32,8235021.58,8422923.03,8338693.94,8122397.2,7982744.92,7840396.48,7682610.79,7651165.46,8492143.01,8873883.91,8629648.28,8106025.17,7490802.9,6913140.03
2017-02-12,6502654.27,6211158.98,6019620.15,5843766.71,5846667.94,5843144.48,5715660.25,5944451.71,6302926.44,6604078.96,6873934.4,7054299.31,7131991.01,7094041.37,7003572.5,6932826.0,6850048.92,6913190.49,7788733.2,8303519.34,8167262.4,7848974.05,7234666.31,6625290.14
2017-02-13,6275088.05,6044166.07,5777128.29,5807083.01,6315469.56,6894100.54,7053113.14,7497965.99,7876618.99,8377576.33,8618198.57,8830286.34,8637334.03,8708647.37,8844845.01,8854016.24,8650813.85,8420373.78,9016979.81,9380493.07,9119557.13,8542986.1,7705062.29,6956074.99
2017-02-14,6471378.55,6265435.97,6120974.64,6094953.25,6333337.87,7058082.04,7140127.25,7386821.35,7873978.46,8180268.59,8570592.52,8791315.58,8561437.6,8665313.51,8892722.47,8910314.37,8741006.53,8400811.74,8935870.23,9452505.11,9152263.86,8619296.9,7688338.71,6961189.85
2017-02-15,6557884.25,6343518.71,6217120.82,6127729.08,6403180.2,7069089.0,7142121.16,7452851.29,7859348.8,8189960.83,8552613.36,8775522.42,8513835.8,8628465.57,8883681.59,8924419.98,8749984.12,8415253.0,9068065.65,9530003.64,9263530.22,8649150.07,7781658.91,7163286.57
2017-02-16,6672003.31,6401764.68,6256486.97,6229092.37,6479245.59,7212919.63,7333848.37,7596581.01,8096847.02,8374460.12,8749662.48,8970869.97,8625552.13,8700565.78,8968452.69,9005083.51,8873344.22,8584831.0,9163665.8,9538577.73,9232752.54,8650601.55,7825780.63,7035721.98
2017-02-17,6709756.74,6434480.55,6251068.09,6224198.99,6455768.02,7124107.38,7283443.07,7548471.63,8005652.7,8374223.64,8711737.48,8863508.84,8692380.02,8728280.21,8843498.55,8822220.55,8583167.5,8355396.66,8903040.48,9257411.12,8947078.48,8375324.46,7686434.62,7085077.19
2017-02-18,6637325.85,6355700.0,6155221.48,6082922.99,6244161.59,6397540.69,6533302.19,7048212.96,7633993.04,8019402.5,8331510.86,8532546.25,8412795.37,8193945.54,8027889.28,7908816.12,7778674.5,7686707.88,8486856.3,8928220.46,8675941.83,8204258.42,7526774.92,6977740.97
2017-02-19,6544716.09,6209213.96,6022194.93,5907779.22,5876988.87,5832903.92,5626308.65,5897755.14,6294000.38,6648573.75,6938989.21,7214880.19,7299068.92,7168562.89,7083103.23,7029804.55,6935990.38,6971800.32,7877696.25,8440037.83,8280608.63,7945641.67,7377026.24,6756229.47
2017-02-20,6357385.21,6138330.81,6018753.22,5947046.38,6220471.1,6924396.62,7058736.42,7428456.45,7923422.71,8338256.72,8704768.81,8844620.6,8640680.62,8787488.24,8957327.92,8934913.42,8734016.75,8468476.29,9104950.92,9460477.4,9155800.46,8622546.28,7737562.25,7051681.48
2017-02-21,6660753.76,6397575.75,6283192.96,6244964.75,6525721.34,7191682.68,7322281.33,7613919.8,8069131.77,8298863.86,8626028.08,8836749.88,8630454.52,8702440.92,8912176.17,8886983.46,8731681.2,8419643.37,9060288.65,9394650.91,9104047.73,8582335.3,7722358.77,6959754.22
2017-02-22,6544366.06,6367725.55,6231888.2,6167721.66,6408204.61,7102337.34,7275576.27,7536500.53,7994470.99,8237968.28,8563213.29,8783104.09,8552762.92,8619576.36,8799478.67,8789532.19,8633281.2,8418678.62,9089986.19,9444983.07,9159193.54,8544860.99,7676005.55,7001530.34
2017-02-23,6561496.07,6280971.98,6155436.08,6111817.66,6404426.62,7094736.38,7193109.59,7456843.61,7970189.11,8215518.6,8561871.0,8773684.23,8549967.61,8648291.53,8870592.83,8885156.65,8725006.15,8488138.59,9116024.01,9535834.01,9269024.12,8634178.0,7798652.42,7078836.5
2017-02-24,6607968.52,6422671.0,6244531.13,6216502.22,6470425.08,7104852.98,7193307.71,7562039.36,8009627.08,8257054.04,8616770.72,8858180.56,8691839.71,8687757.05,8917424.54,8996241.5,8815221.37,8502780.99,9076252.87,9367823.58,9100382.02,8487799.09,7787992.91,7200863.15
2017-02-25,6731946.58,6477205.55,6345810.48,6263071.2,6338651.35,6545834.2,6636806.69,7139670.64,7622446.72,7972935.27,8274987.13,8404605.86,8360958.38,8155634.11,8015840.81,7859890.01,7704692.87,7746719.64,8526578.95,8801624.65,8528956.01,8015159.67,7389143.44,6886766.56
2017-02-26,6383370.2,6087980.95,5978941.54,5857663.05,5810119.63,5853999.62,5631125.26,5940345.12,6297730.16,6588267.46,6830501.15,7011946.34,7098644.71,7107816.2,6934687.6,6810994.66,6789092.66,6883564.33,7785533.56,8206143.84,8034641.7,7624315.22,7105445.17,6455459.76
2017-02-27,6154599.78,5938574.84,5834183.23,5816439.23,6081461.44,6811375.0,6990301.93,7263099.05,7681649.49,7970120.23,8309472.0,8551468.74,8369049.53,8388510.6,8535942.39,8554273.16,8402282.8,8191843.15,8905885.94,9253570.48,9007794.78,8379862.38,7530779.73,6855407.18
2017-02-28,6448051.93,6200005.69,6114491.66,6066294.29,6337795.19,6868616.74,7126094.15,7444280.16,7875409.12,8109912.48,8431639.8,8681879.36,8491503.53,8450900.92,8585779.32,8505716.31,8351320.95,8276763.67,8957890.41,9239381.39,8991764.2,8376897.15,7583341.82,6936793.61
2017-03-01,6521696.16,6266791.28,6147168.86,6107933.71,6371038.8,7051094.01,7136831.33,7379710.13,7844680.7,8079347.82,8402760.12,8637764.99,8470195.74,8516209.39,8735855.15,8661379.61,8544888.61,8294450.8,8898376.11,9238763.02,9018767.1,8468043.36,7654473.93,6965872.08
2017-03-02,6526247.04,6275816.45,6129614.9,6100033.48,6351517.36,7035880.1,7182449.64,7503826.33,7949709.44,8196652.07,8560437.09,8766364.68,8499792.75,8582572.32,8767472.97,8776284.95,8640260.36,8412507.31,9085418.85,9445709.57,9211118.29,8625990.64,7796653.93,7108217.51
2017-03-03,6669053.14,6439917.61,6292034.25,6247349.24,6481680.64,7152447.85,7224093.86,7492884.4,7923344.4,8223363.4,8544327.39,8748466.44,8606165.06,8652482.44,8831225.72,8824399.6,8655008.33,8431066.72,9001090.35,9338992.63,9052794.75,8534890.32,7776774.98,7121378.39
2017-03-04,6662755.94,6384708.17,6233543.36,6120177.93,6190753.11,6410138.53,6487573.33,6931519.79,7448916.33,7820760.58,8083922.35,8270034.63,8175309.73,7984252.58,7843291.69,7747104.65,7547887.89,7482005.29,8322741.53,8788583.32,8516154.47,8047853.18,7429345.95,6806538.04
2017-03-05,6373506.98,6112779.61,5912353.06,5807460.23,5783688.81,5727304.51,5614898.25,5888952.49,6270912.8,6598701.08,6860849.18,7080744.0,7083220.05,7011989.78,6925674.12,6876311.02,6766424.06,6830760.31,7762970.1,8245017.64,8132332.98,7747538.36,7172903.05,6579588.95
2017-03-06,6210829.39,6010224.09,5877975.66,5856275.61,6127388.2,6856157.99,7004544.54,7343227.36,7845384.05,8150848.78,8552392.82,8730110.0,8579849.97,8582110.08,8775096.57,8778564.69,8645411.42,8468653.15,9045803.02,9350152.16,9014011.95,8461726.72,7608001.17,6888135.41
2017-03-07,6503366.95,6290153.94,6146643.42,6105780.04,6352419.79,7055731.77,7185229.76,7416428.36,7865035.48,8077542.14,8355465.05,8575901.86,8372759.85,8443595.82,8629336.03,8641760.04,8557432.17,8508886.24,9083819.4,9314204.25,9017484.36,8426140.8,7564503.52,6821981.73
2017-03-08,6414330.57,6168995.65,6057147.11,6030349.86,6303202.57,6960299.02,7122706.43,7404014.92,7793238.95,8021318.69,8293486.84,8351486.88,8222602.56,8295034.88,8480938.37,8511562.71,8383628.07,8170882.28,8814611.71,9128396.51,8802302.07,8242231.79,7437656.49,6744287.48
2017-03-09,6423626.44,6186901.77,6043174.54,5981784.59,6298809.75,6912280.27,7084191.54,7396748.51,7832512.51,8121417.46,8413117.2,8622003.08,8408857.71,8507602.97,8693765.65,8721173.78,8467572.11,8243628.33,9008963.22,9281134.99,8998380.01,8369831.74,7551111.24,6999709.45
2017-03-10,6451585.33,6182129.66,6061657.59,6015827.43,6345807.98,7008599.38,7105018.58,7409394.37,7870547.48,8123633.61,8455999.24,8695944.52,8484750.6,8518705.27,8703941.5,8727197.78,8540759.8,8282934.49,8910187.05,9215736.99,8986122.84,8427662.75,7682935.15,6985161.16
2017-03-11,6574670.91,6358610.24,6188043.45,6097715.58,6177961.07,6388054.5,6531178.47,7022925.61,7554991.24,7941030.75,8260082.04,8424569.76,8292066.95,8053159.55,7915757.42,7739907.05,7677202.36,7612945.81,8474460.16,8751074.7,8461393.33,7933281.35,7269889.55,6708801.45
2017-03-12,6257927.16,5982945.83,5793016.64,5655814.92,5632944.2,5687065.5,5512627.52,5764697.6,6151060.96,6445594.82,6641940.65,6804144.01,6890961.35,6814244.3,6655553.95,6587380.1,6526211.65,6658428.34,7586726.11,8056668.69,7885997.59,7465954.13,6893623.22,6290428.5
2017-03-13,5953010.41,5750634.64,5648643.49,5658983.75,5952668.93,6679090.5,6787180.5,7116622.21,7636533.5,7962408.24,8324544.78,8537380.08,8374261.91,8364695.43,8533075.84,8517004.86,8366036.69,8193177.14,8906237.92,9244981.95,9005058.67,8398866.88,7534523.34,6855907.51
2017-03-14,6438210.22,6176855.34,6055332.01,6028126.58,6263265.1,6952691.39,7079183.68,7418385.99,7880579.08,8214273.61,8528961.91,8691387.32,8438095.87,8467481.08,8549404.69,8448439.41,8336507.29,8184174.76,8908708.5,9115810.31,8817493.36,8244396.6,7435172.64,6779312.17
2017-03-15,6276941.85,6117937.8,5988786.46,5928868.04,6231869.52,6970660.31,7115938.34,7408419.47,7906289.58,8078809.97,8373787.0,8496400.55,8254784.89,8255718.19,8474153.13,8490186.47,8368813.27,8147917.47,8880360.74,9191394.91,8927316.07,8340546.2,7536054.22,6804105.87
2017-03-16,6328674.48,6095020.57,5973272.72,5942006.81,6217856.07,6899245.38,7025991.86,7345828.7,7797130.71,8097654.74,8402617.3,8614071.24,8413855.45,8496235.75,8691033.39,8684867.63,8571271.15,8262607.98,8947371.67,9378663.36,9159733.26,8559775.21,7754392.54,7045705.08
2017-03-17,6575215.81,6322228.47,6186238.93,6148621.31,6415809.15,7061145.02,7151524.47,7472461.1,7906461.15,8213407.45,8508517.66,8596427.28,8205416.82,8539802.13,8773985.69,8799963.73,8594357.56,8353862.35,8976661.21,9307997.95,9002827.74,8441078.91,7750279.18,7086112.0
2017-03-18,6584927.43,6356614.79,6195743.14,6104479.87,6190694.1,6396191.61,6522282.05,7013889.34,7598854.62,7988732.99,8202677.02,8390063.96,8302974.77,8091783.33,7939320.96,7804698.47,7654850.64,7640204.62,8439124.35,8732532.01,8436361.32,7918223.31,7303853.34,6741924.1
2017-03-19,6315684.52,6028310.7,5837144.05,5749020.27,5731684.4,5746985.69,5516859.35,5767263.12,6134917.52,6455527.24,6688676.89,6854878.42,6931093.81,6890190.33,6777257.29,6693988.11,6567860.06,6635584.15,7540936.11,7930480.93,7761335.74,7436454.84,6898792.18,6434574.95
2017-03-20,6070169.31,5798497.7,5650131.98,5565334.7,5549746.61,5619685.33,5498553.98,5822537.25,6245152.41,6601581.33,6916739.24,7188177.62,7276370.32,7230249.66,7017653.86,6913104.17,6858590.19,6921637.43,7859732.55,8303458.97,8140489.41,7696214.89,7128412.09,6514047.38
2017-03-21,6183097.95,5941740.58,5808621.16,5793415.94,6101180.29,6794521.07,6932359.71,7273326.14,7763799.57,8093765.39,8444359.01,8605316.91,8445527.63,8587229.3,8783123.49,8801301.69,8626896.42,8410671.6,9057231.61,9322695.38,9114583.98,8496724.52,7689894.12,7070098.51
2017-03-22,6521503.41,6280850.11,6170145.03,6139411.28,6397046.44,7052355.76,7156404.98,7446714.5,7911008.66,8186325.73,8469899.98,8631146.36,8411041.65,8464539.49,8627500.61,8630030.53,8490552.64,8353621.3,9045190.35,9301952.84,9037296.81,8446027.92,7644957.21,6895992.88
2017-03-23,6456636.77,6241023.56,6115988.94,6101908.2,6379817.44,7057523.62,7248353.08,7498545.37,7892277.88,8183909.2,8328790.95,8519374.55,8281718.41,8298656.15,8372719.32,8460798.61,8418522.73,8330114.32,8960145.59,9140546.24,8818576.34,8205656.91,7389227.77,6729853.6
2017-03-24,6299729.71,6127179.41,5976172.23,5967219.85,6241551.08,6979229.83,7116262.79,7412044.88,7765729.3,8031721.66,8262130.01,8411413.23,8199416.95,8281449.49,8456127.57,8478955.2,8359596.89,8216892.43,8923137.51,9111235.04,8737586.54,8176793.65,7452905.7,6824933.88
2017-03-25,6431230.93,6156146.18,5992615.33,5955531.0,6087075.4,6312659.39,6435301.12,6899704.63,7543037.08,7949990.25,8249907.63,8432238.4,8343529.69,8098504.29,7916596.41,7807663.69,7631519.21,7635732.38,8472889.7,8715967.41,8456106.63,8004475.93,7366240.76,6746517.53
2017-03-26,6291814.97,6064260.24,5829261.06,5706195.19,5672265.25,5672172.46,5505513.24,5742702.09,6080551.23,6333149.82,6613904.88,6811648.76,6922916.56,6933597.18,6800885.63,6716269.21,6653180.26,6780194.4,7755974.55,8094989.91,7904856.78,7494605.27,6910013.76,6415215.25
2017-03-27,5975773.84,5769034.3,5665794.54,5652895.87,5933954.84,6640917.89,6793978.4,7108773.11,7646381.73,7955883.86,8360856.62,8601385.36,8396918.9,8479022.91,8705441.02,8770232.25,8664662.05,8386649.15,8998367.53,9250976.1,8988792.57,8425826.28,7570573.19,6865666.68
2017-03-28,6409717.26,6223360.79,6110299.64,6096082.51,6332913.27,6993051.55,7136110.6,7427692.34,7902359.27,8174723.77,8514022.03,8745121.51,8518930.88,8648195.66,8838975.29,8870710.13,8703965.63,8503221.77,9164192.17,9355711.77,9034876.14,8397770.54,7609845.07,6867384.86
2017-03-29,6470539.83,6275535.43,6134375.81,6104290.16,6334274.63,6966087.21,7054824.1,7401403.39,7854421.08,8156634.9,8453697.26,8641219.44,8460979.83,8469257.53,8600544.87,8606188.56,8508834.96,8353392.26,9057540.16,9276503.13,8996864.31,8384380.14,7552735.07,6873420.52
2017-03-30,6394076.71,6233027.52,6097970.07,6046579.71,6293054.46,6926912.07,7087937.59,7434937.39,7829387.36,8102429.26,8409011.34,8514800.99,8387717.53,8431720.5,8598602.08,8533965.12,8393127.93,8246245.39,8918270.75,9173879.62,8930419.08,8334544.56,7528961.08,6839382.93
2017-03-31,6396802.93,6165664.72,6006945.94,5967664.78,6215603.07,6893656.45,6975206.66,7316402.96,7778777.35,8030820.54,8340982.89,8516780.28,8350881.75,8355443.05,8488778.43,8515019.36,8359853.64,8123547.42,8806438.53,9060569.51,8782276.43,8244631.99,7523771.05,6884207.27
2017-04-01,6406227.48,6186782.98,6026131.73,5974366.01,6035185.24,6265538.0,6384750.55,6882217.79,7405808.22,7740126.05,8018385.03,8231262.37,8141204.16,7981817.52,7818796.9,7713718.48,7538813.46,7500022.98,8414102.16,8752178.87,8470354.23,7979623.17,7328461.61,6800128.52
2017-04-02,6353832.61,6094454.61,5888653.35,5781947.6,5738442.66,5687765.51,5518815.97,5849331.14,6230508.13,6591113.55,6887270.35,7092969.46,7171126.44,7144617.55,7043088.2,6935014.46,6833341.59,6824600.95,7793936.94,8355811.11,8249143.47,7871115.1,7300291.06,6695019.96
2017-04-03,6348105.81,6130126.89,5985925.13,5909621.72,6165710.58,6763304.3,6875979.59,7308570.19,7880721.87,8222358.54,8659843.38,8792064.19,8640055.74,8720452.98,8935931.35,8955307.75,8743655.22,8461994.77,9213084.39,9449931.59,9313475.77,8728732.14,7882988.3,7127907.78
2017-04-04,6764154.31,6453621.17,6295749.46,6235195.12,6496795.16,7062712.56,7126743.88,7483937.78,8015978.16,8317599.57,8701652.93,8907709.18,8719077.74,8770570.16,8951162.19,8998750.85,8819305.4,8508946.4,9184054.33,9527170.99,9302798.31,8721484.05,7850848.7,7104195.45
2017-04-05,6684597.01,6453582.96,6338992.46,6278044.12,6601146.79,7163487.38,7205543.97,7582447.03,8092157.28,8413503.66,8738593.79,8995850.09,8790657.73,8903899.6,9110072.79,9110940.4,8925931.25,8622042.89,9333384.31,9638926.75,9361101.52,8836831.38,8044249.6,7324316.25
2017-04-06,6791719.43,6534615.34,6413449.3,6363463.14,6601452.89,7174046.51,7247522.47,7634696.06,8171966.71,8483040.29,8786068.88,9024520.31,8848918.11,8952317.72,9138094.47,9189032.59,9012486.31,8647317.63,9309320.0,9664134.67,9430526.12,8898579.02,8076947.91,7382536.39
2017-04-07,6871829.0,6664879.38,6520413.37,6455910.78,6673950.96,7197218.04,7309284.43,7723676.52,8198430.74,8524205.3,8858875.6,9071382.6,8982068.07,9013755.66,9151500.46,9123402.53,8918300.19,8623890.53,9279148.4,9452237.98,9202809.56,8714902.11,8014256.01,7445355.62
2017-04-08,6977040.06,6698395.16,6516886.51,6434554.07,6536780.16,6652711.64,6764153.94,7275657.35,7792296.46,8172480.39,8469316.07,8655615.96,8559253.07,8302645.54,8130427.09,8011965.57,7894787.25,7961043.34,8773932.36,8991636.8,8743964.48,8272972.46,7669553.77,7026781.15
2017-04-09,6617666.52,6383832.75,6228056.5,6102484.83,6043566.88,5998942.54,5899242.97,6168289.44,6531255.18,6846154.94,7060517.25,7161229.62,7249348.27,7210453.24,7040979.51,6989858.88,6897274.57,6915913.85,7838971.15,8195303.86,8063832.9,7706917.43,7202850.48,6763056.61
2017-04-10,6275719.97,6027494.55,5916557.07,5870633.86,6084597.58,6412906.64,6620151.66,7157795.05,7746822.0,8122332.61,8454440.81,8675098.2,8575645.17,8576101.1,8608868.5,8616649.92,8473805.61,8319575.25,8973632.81,9207626.7,8961415.29,8443443.57,7714826.2,7024498.88
2017-04-11,6574920.07,6341201.67,6201564.14,6173107.17,6323277.35,6600788.66,6803129.65,7360787.36,7927331.32,8196347.13,8445187.47,8663660.34,8586481.93,8604662.02,8689161.44,8680450.7,8474121.96,8242245.14,8880808.15,9166891.81,8916898.39,8446735.75,7676875.46,7099660.71
2017-04-12,6641806.42,6399570.78,6254467.09,6237363.13,6364352.51,6599826.03,6766135.7,7294913.12,7795782.96,8070416.2,8322154.2,8561834.9,8453842.68,8444474.62,8469370.01,8379093.43,8134275.91,7928165.86,8520495.39,8795641.82,8542370.87,8042976.33,7420021.51,6858629.62
2017-04-13,6409436.56,6136987.3,5971832.33,5836338.46,5844031.93,5787793.69,5580711.48,5884897.52,6274318.97,6564235.08,6809339.97,7050808.08,7133792.56,7043353.71,6902897.36,6773571.59,6644144.21,6660133.6,7528886.37,7893692.08,7709457.84,7392708.2,6913413.32,6475832.92
2017-04-14,6044303.52,5835918.94,5664361.65,5538302.98,5536735.38,5502576.32,5292203.69,5510841.07,5817880.82,6082271.66,6231790.09,6430822.62,6503975.11,6445565.32,6253945.52,6043220.39,5969550.53,6126261.25,7095033.34,7449965.64,7287651.68,7015167.82,6652650.58,6121219.31
2017-04-15,5804030.77,5571157.94,5428448.55,5365904.75,5399423.86,5443704.87,5441668.93,5917076.12,6429960.95,6860698.26,7184785.57,7401289.32,7437970.05,7408293.44,7312576.98,7217937.65,7106604.48,7102990.74,7969043.15,8317662.26,8071941.87,7659812.04,7210304.24,6686947.03
2017-04-16,6286827.06,6019630.34,5841129.33,5731398.9,5678412.93,5615919.14,5438985.59,5754983.29,6166526.74,6541234.53,6827100.23,7018234.22,7109691.22,7092695.22,6955924.93,6824779.46,6695322.44,6768127.76,7762327.52,8135118.91,8029512.58,7640672.13,7010823.33,6482696.34
2017-04-17,6106488.99,5867984.53,5786580.74,5761191.31,6024610.98,6591821.13,6776194.85,7224479.89,7760816.53,8050335.04,8377964.71,8606246.66,8441793.18,8468100.2,8593333.02,8619493.12,8490808.95,8368614.16,9122144.73,9374201.39,9097526.53,8486028.64,7721886.78,7069333.59
2017-04-18,6635879.07,6416547.73,6272704.82,6238736.67,6505626.5,7113181.7,7218760.24,7540629.3,8040049.15,8402248.83,8727017.91,8934426.42,8714287.73,8754861.79,8939882.42,8852876.65,8776822.04,8558621.98,9256341.53,9482754.29,9226435.42,8644785.72,7838073.2,7060926.17
2017-04-19,6629191.16,6422872.55,6261438.81,6221223.19,6516691.97,7118969.63,7221021.1,7544001.11,7958314.19,8168895.62,8499828.1,8612447.39,8265151.25,8306111.0,8556145.56,8608494.82,8493676.16,8351601.18,9162608.02,9434305.16,9146132.7,8574846.25,7778880.74,7069848.93
2017-04-20,6580733.11,6292642.62,6207510.97,6185129.9,6446679.13,7071764.25,7155826.19,7509685.58,7930873.11,8209661.92,8471889.89,8598671.23,8345294.08,8186483.68,8332208.32,8388335.02,8325311.0,8197809.18,8884701.12,9086546.02,8841658.64,8234979.99,7425738.47,6837819.48
2017-04-21,6379571.38,6147418.26,6065955.41,6023690.48,6331432.41,6934306.94,7096465.51,7444758.4,7903872.3,8138800.28,8397971.24,8594907.91,8453275.31,8543326.27,8771467.48,8776556.57,8632296.95,8444100.19,9131460.8,9375447.46,9101343.39,8553433.96,7844804.19,7206401.66
2017-04-22,6747802.18,6441591.77,6285455.05,6223773.61,6355477.53,6434550.4,6598336.82,7154836.14,7734024.92,8127144.49,8442289.86,8621544.24,8567486.88,8369122.92,8222833.49,8135109.91,7979126.31,7928069.97,8773458.28,9114230.75,8833335.19,8348812.47,7715530.93,7156280.51
2017-04-23,6701752.09,6411384.48,6205746.65,6087173.65,6058069.61,5977881.57,5803953.62,6100603.61,6511035.11,6842936.88,7103963.42,7298414.92,7338898.76,7323960.08,7294688.2,7207552.41,7079705.0,7125714.92,8099487.82,8562314.28,8467460.92,8097079.42,7495931.84,6888084.22
2017-04-24,6492380.92,6245834.77,6097932.61,6039262.9,6297045.62,6923269.91,7046514.01,7482002.13,8046850.02,8363890.95,8683650.34,8823990.99,8610824.6,8625434.71,8797578.92,8815669.38,8704039.6,8560572.98,9233515.9,9477883.36,9259366.05,8715074.31,7879971.21,7179300.72
2017-04-25,6731863.4,6475980.79,6338486.49,6253022.75,6510335.71,7146402.98,7295647.33,7666575.18,8151801.8,8435896.03,8714211.44,8922966.72,8695697.17,8750302.96,8895266.78,8907694.43,8772590.23,8565168.74,9317357.14,9345241.58,9133265.66,8630437.87,7842884.67,7178309.38
2017-04-26,6709984.39,6496001.75,6358449.39,6279069.95,6526763.8,7060957.66,7180083.32,7604910.13,8018716.24,8218057.89,8463299.13,8744240.85,8636191.02,8644290.43,8796418.96,8805628.5,8624260.15,8376191.57,9136488.28,9393043.22,9123956.97,8580561.62,7798878.13,7069304.41
2017-04-27,6646109.7,6363961.14,6224879.53,6232581.84,6494628.58,7015318.46,7163318.59,7581694.96,8084093.12,8423150.0,8771356.8,9039499.32,8834285.05,8884783.67,9033904.94,9029172.67,8864596.83,8646391.67,9399285.61,9638580.36,9354584.64,8810359.51,8019409.59,7333383.18
2017-04-28,6878019.13,6587974.51,6440442.45,6400262.6,6643016.43,7193881.48,7298685.98,7680127.67,8229701.83,8523582.34,8859724.62,9041620.99,8853807.31,8829120.61,9028347.9,9062350.78,8880957.87,8628753.43,9311248.97,9532515.56,9252794.43,8760329.23,8094859.61,7458141.2
2017-04-29,6973677.95,6710578.01,6540272.72,6421324.46,6527376.73,6620374.1,6733650.76,7259484.22,7852491.11,8223682.52,8551169.42,8692390.85,8581474.48,8360169.41,8182771.81,8069927.27,7914026.42,7847944.3,8752658.38,8941099.75,8700071.74,8216555.96,7594525.9,7018821.07
2017-04-30,6636914.67,6408983.18,6217617.36,6059608.18,6015755.64,5959493.9,5805051.53,6063578.46,6436005.67,6677835.29,6890157.3,6940959.56,7059831.59,7028649.68,6903025.95,6773988.38,6724546.75,6803698.95,7780218.88,8058520.81,7878768.78,7485046.2,7038152.22,6614021.62
2017-05-01,6183033.02,5920080.19,5765358.0,5694257.44,5697829.64,5670812.27,5576476.04,5923379.03,6257382.04,6659822.19,7049793.62,7282974.62,7364136.89,7299742.18,7113002.99,6922540.73,6855222.66,6962416.12,7978543.26,8366717.34,8192260.97,7730210.81,7108285.7,6580746.17
2017-05-02,6227670.51,6013492.98,5892054.55,5879495.06,6145576.01,6734769.58,6889590.87,7311354.77,7793151.19,8094214.21,8385695.4,8609054.01,8461839.59,8552473.92,8767944.14,8783648.85,8610438.14,8435481.44,9138689.72,9390772.42,9129531.25,8503486.34,7655106.0,6941924.89
2017-05-03,6522204.71,6275376.35,6135100.54,6098741.92,6362152.47,6940871.52,7092771.16,7504012.74,7964060.1,8248580.69,8549269.48,8734380.69,8560717.05,8631930.1,8813184.41,8823332.26,8685077.46,8491144.83,9180989.39,9436689.24,9169108.98,8548792.62,7726717.21,7100932.34
2017-05-04,6652185.99,6424785.58,6312580.99,6276428.46,6545788.5,7106896.29,7227800.27,7640005.44,8126962.02,8413485.3,8780540.83,8975617.05,8785753.74,8836831.06,9001114.1,8994206.74,8856305.67,8608268.84,9344840.93,9581099.7,9325423.26,8772833.61,7947655.94,7142418.15
2017-05-05,6744073.99,6516769.1,6360440.04,6310105.7,6553017.37,7125056.65,7251066.86,7657903.81,8166437.21,8442435.0,8773031.95,8930262.13,8641671.63,8680795.62,8856805.41,8879664.68,8732630.39,8558340.69,9216065.72,9334652.95,9055621.16,8442448.58,7695298.7,7117656.79
2017-05-06,6623859.04,6431476.6,6260815.9,6180255.8,6243416.99,6415754.18,6571794.25,7105048.19,7597731.64,7907918.82,8171855.21,8348025.53,8272264.45,8081611.96,7910952.27,7790855.63,7611953.03,7640883.45,8522567.42,8808545.33,8621988.67,8073882.96,7423245.92,6818469.33
2017-05-07,6394985.01,6095368.66,5947641.26,5804944.91,5797911.74,5705136.32,5620545.97,5917994.62,6243828.61,6525219.9,6857747.92,7050189.9,7122699.71,7041251.47,6854146.08,6750419.51,6731606.08,6808015.73,7799650.89,8178433.37,7997990.92,7594247.06,6979602.5,6433408.99
2017-05-08,6068030.72,5851893.45,5761381.68,5758518.61,6081358.21,6652382.74,6782078.93,7212312.87,7707969.07,8004380.5,8338684.62,8561269.14,8389698.1,8407986.83,8602220.24,8612181.09,8518463.16,8345782.02,9031428.7,9315330.03,9080549.35,8423654.6,7572650.37,6905232.14
2017-05-09,6478637.56,6276837.9,6139116.19,6078737.3,6340385.08,6929817.62,7110261.26,7474394.99,7916985.62,8141429.25,8395153.16,8566192.1,8315099.07,8306845.83,8497389.45,8511505.04,8417350.95,8316899.42,9020142.51,9175500.51,8909404.16,8285590.93,7503753.9,6793753.71
2017-05-10,6349420.61,6113909.47,5984503.45,5949841.01,6174616.35,6600203.34,6907715.97,7432332.98,7926128.22,8244788.97,8563270.37,8724152.37,8548608.56,8484711.66,8649831.12,8617574.04,8466157.01,8380549.85,9056081.64,9231787.0,8970338.04,8334058.37,7500960.13,6730496.62
2017-05-11,6312711.43,6082882.81,5953031.59,5950331.56,6230413.35,6756440.89,6984159.21,7466720.1,7929657.28,8182196.07,8398353.56,8645541.65,8482910.54,8445510.03,8575831.63,8614346.1,8490255.19,8326146.58,9051166.78,9250365.04,8968584.23,8376943.51,7501937.36,6853864.72
2017-05-12,6366646.09,6208498.79,6042121.31,6004541.19,6228568.87,6703837.57,6893515.37,7313194.5,7836884.39,8023538.14,8337475.6,8570651.48,8440883.66,8293153.71,8411714.96,8493877.47,8385146.53,8205653.05,8943412.03,9114152.58,8853166.47,8292424.96,7537423.44,6943061.9
2017-05-13,6518553.36,6260657.06,6105339.78,6038902.37,6151078.68,6244659.48,6461977.74,7059592.88,7606605.12,7941431.55,8185621.81,8362655.55,8257538.75,8003177.77,7871471.24,7782399.02,7667590.16,7687326.65,8536201.88,8795719.99,8558981.25,8083545.7,7467119.26,6827073.42
2017-05-14,6395431.53,6069255.78,5889514.84,5769063.34,5720079.8,5629201.07,5477446.38,5844280.34,6256126.07,6664898.97,6912870.86,7067529.43,7097659.82,6958131.16,6784109.43,6682237.73,6607020.09,6770208.33,7664642.2,8015974.87,7898370.89,7537527.03,7076228.38,6615478.36
2017-05-15,6258458.4,5984680.79,5848055.98,5844314.81,6061534.35,6547138.41,6788170.72,7340152.62,7878522.69,8210053.97,8524218.66,8759898.13,8598846.32,8626735.39,8735728.02,8753913.04,8674210.43,8571462.26,9143858.54,9216760.07,8910540.22,8356504.62,7587898.23,6898133.41
2017-05-16,6437495.96,6212081.37,6079737.88,6053729.5,6289249.16,6776272.4,7009026.84,7451337.8,7925204.17,8165021.17,8459135.42,8690149.22,8563280.75,8573468.67,8739969.93,8714705.39,8533713.31,8430530.17,9137600.33,9404821.07,9094401.58,8528343.44,7686262.62,6885578.87
2017-05-17,6494151.17,6274748.43,6146445.44,6094094.81,6323201.01,6802443.81,7089759.84,7488346.62,8005695.48,8299700.21,8607658.7,8810079.88,8596679.24,8636904.52,8784759.1,8819772.3,8704848.16,8515183.9,9171166.4,9440457.09,9182570.08,8577270.4,7754935.43,7111740.96
2017-05-18,6662535.4,6401646.94,6255281.23,6219619.47,6430963.02,6865468.35,7083269.43,7608717.81,8154197.26,8461713.13,8733890.56,8939936.35,8730103.27,8717635.46,8897142.77,8945597.61,8852260.34,8624846.13,9247422.84,9565775.96,9355844.79,8783822.46,7981209.37,7275792.08
2017-05-19,6779837.7,6495867.46,6335883.53,6327353.76,6513696.28,6909842.4,7111121.89,7659843.66,8249890.06,8633690.61,8910698.69,9104524.01,8935040.06,8972063.0,9155941.84,9145399.82,8961888.85,8705263.84,9365763.53,9617972.33,9378977.83,8866950.15,8156824.5,7422631.88
2017-05-20,6966631.09,6686213.63,6512981.22,6410535.93,6485772.65,6546977.01,6719413.57,7285459.96,7870555.07,8192191.84,8430669.11,8518068.68,8445861.3,8247444.44,8076504.53,7953156.89,7790284.16,7821686.09,8686753.35,8932928.58,8697655.14,8190624.94,7588471.94,7000322.58
2017-05-21,6547045.09,6287977.39,6079836.11,5986252.49,5949941.71,5839040.78,5765794.31,6082790.31,6474617.62,6800472.28,7000327.91,7222144.25,7300607.67,7253623.22,7139432.98,7012565.0,6843209.47,6903858.17,7855941.63,8335854.31,8217018.73,7875448.26,7301916.34,6710122.25
2017-05-22,6346627.31,6131150.94,6004399.25,5974386.44,6216682.29,6656548.04,6879620.33,7369290.08,7949339.05,8289353.62,8564381.67,8790497.43,8644426.72,8645176.42,8745048.05,8694164.57,8580549.39,8371525.02,9102966.06,9336997.83,9085660.62,8520691.53,7719942.24,7046640.64
2017-05-23,6615949.4,6387916.68,6268340.18,6227088.62,6444581.33,6864441.99,7055841.39,7505327.25,8034041.54,8330564.66,8641368.41,8842659.19,8710808.06,8708156.51,8881052.34,8861450.49,8700688.96,8497299.6,9182132.4,9560141.82,9260951.75,8739516.97,7888085.77,7160898.2
2017-05-24,6599840.57,6405256.97,6273854.23,6231331.5,6460371.74,6924595.25,7120425.35,7635507.31,8207121.13,8529490.89,8831611.61,8933894.58,8785283.59,8890671.2,9077404.6,9045299.26,8895686.83,8627089.79,9230664.52,9587778.75,9364082.59,8785982.15,7949813.5,7228774.05
2017-05-25,6868857.46,6586634.19,6443563.47,6373081.12,6590767.55,6984810.08,7233868.99,7751463.68,8306614.65,8673261.88,8958781.49,9149588.52,9004857.34,9018302.75,9129618.5,9097598.74,8962678.73,8686407.36,9401087.67,9650893.44,9348754.28,8835355.27,8030644.76,7278217.31
2017-05-26,6826327.13,6573310.35,6416152.7,6366090.38,6548808.88,6897683.2,7164487.13,7710444.98,8300434.75,8669991.51,8960942.89,9081859.31,8914179.23,8915729.73,8962822.47,8954196.63,8757448.87,8510623.25,9185086.37,9379396.5,9122625.97,8545475.18,7865859.55,7298480.8
2017-05-27,6796279.75,6519182.63,6350744.36,6246158.46,6334309.21,6421898.13,6604886.02,7157436.92,7734019.85,8044333.96,8352192.45,8529334.48,8427943.04,8222194.95,8061276.42,7916819.13,7781701.48,7728661.71,8554032.77,8881774.0,8617493.35,8151700.22,7486241.58,6924079.21
2017-05-28,6460086.45,6194932.63,6004381.12,5895841.72,5838598.17,5754343.77,5656562.3,6001683.44,6391018.09,6757163.34,7045421.19,7222805.57,7226666.76,7146150.1,6990389.02,6845863.55,6708864.25,6737778.32,7664708.23,8110775.74,7967071.11,7630066.92,7144191.62,6612443.54
2017-05-29,6210294.33,5977305.67,5804175.78,5676966.47,5689120.12,5602224.6,5524922.1,5908036.95,6360116.34,6731401.58,7080650.55,7310877.14,7393291.2,7308297.8,7115948.11,6992461.62,6849584.84,6946436.33,7931588.13,8389144.14,8192592.56,7768073.87,7180701.37,6624519.09
2017-05-30,6236270.1,6045393.25,5916184.28,5894402.38,6094887.07,6579615.04,6811649.54,7374082.68,7954334.59,8270876.98,8632113.2,8895121.49,8762781.82,8796207.07,8930356.62,8906686.89,8727653.22,8505765.72,9104866.49,9452464.97,9181864.24,8678242.91,7865075.96,7173501.6
2017-05-31,6714249.37,6438553.48,6296100.0,6253055.37,6473275.81,6895819.36,7094804.24,7597042.97,8105705.12,8367831.35,8694203.5,8881117.56,8756474.76,8782724.35,8943880.42,8867315.73,8771619.98,8522951.0,9128830.69,9416801.61,9147095.99,8619273.45,7827303.04,7046536.77
2017-06-01,6603091.74,6358695.46,6184109.52,6120881.18,6342177.38,6802308.66,7023723.62,7489796.74,7982374.01,8281683.63,8543337.9,8820570.62,8699605.42,8710889.18,8878139.94,8969981.14,8843787.74,8622608.1,9191684.27,9475258.75,9267384.82,8698990.37,7927914.54,7206766.68
2017-06-02,6740233.72,6454558.11,6280972.99,6196334.19,6419218.5,6855230.26,7130006.93,7665090.16,8169315.03,8505773.81,8896419.93,9137446.55,8954347.69,8964869.48,9103106.25,9125909.85,8977005.55,8675805.36,9152254.1,9465064.53,9197294.01,8705480.78,8018925.74,7382576.62
2017-06-03,6933327.51,6638275.44,6421289.15,6298961.78,6381329.51,6498576.44,6704149.72,7265647.33,7875694.1,8303134.8,8636510.03,8797006.05,8676054.65,8516672.22,8383745.16,8323771.17,8089969.15,8009445.34,8740623.63,9084188.49,8810560.24,8340222.08,7782388.82,7266966.86
2017-06-04,6805040.97,6496320.25,6295469.09,6120661.62,6074522.62,5901829.25,5792011.17,6089021.94,6491368.03,6802403.51,7029873.12,7271694.62,7336283.13,7229049.06,7132649.49,7018049.9,6995913.24,6965166.84,7806111.7,8347740.63,8285378.09,8028014.2,7482766.56,6951493.52
2017-06-05,6543859.25,6310940.19,6128071.72,6036510.29,6227715.02,6679313.35,6976742.02,7520782.75,8085680.28,8380186.68,8713820.2,8932355.95,8757606.25,8722215.36,8877968.55,8925670.67,8741722.15,8501652.5,9079498.58,9451205.09,9233408.44,8719011.27,7860280.94,7173628.02
2017-06-06,6745693.14,6448420.5,6301707.11,6289102.06,6453467.74,6839150.02,7117757.66,7657830.77,8183447.6,8541372.72,8866753.02,9103498.43,8984188.81,8957574.99,9114834.7,9088888.34,8901587.5,8649345.27,9247724.39,9656386.41,9368613.23,8848357.44,8036795.44,7327854.31
2017-06-07,6863510.86,6558170.04,6415479.19,6347580.39,6614525.93,7033715.75,7280451.27,7679557.81,8171206.76,8465876.56,8714798.98,8912922.78,8794556.33,8748937.59,8872359.13,8923695.54,8772538.6,8581300.27,9231311.05,9445646.36,9180009.05,8547649.24,7765016.34,7079139.42
2017-06-08,6606154.67,6440036.0,6303531.82,6186204.79,6381589.91,6870504.25,7144541.17,7594035.88,7974828.17,8208078.64,8470817.69,8651179.33,8475050.06,8431334.91,8541713.77,8487867.19,8443654.56,8425947.39,9055655.21,9281815.2,8971124.67,8450142.87,7645848.69,7009430.41
2017-06-09,6558552.09,6345608.22,6124724.66,6144372.51,6312324.13,6763917.52,7076621.14,7542888.08,8065887.54,8326804.49,8618487.88,8822415.12,8648603.92,8682044.9,8806195.37,8792367.29,8639895.58,8444644.78,9054192.53,9341749.16,9076458.51,8551490.1,7821789.7,7184069.72
2017-06-10,6758580.65,6513113.97,6344307.7,6294358.18,6384176.52,6483440.26,6629866.52,7168629.5,7773540.07,8153170.78,8429781.64,8608399.41,8522975.87,8337848.19,8211839.08,8101777.03,7959174.28,7886769.69,8636760.48,9030848.3,8803295.68,8307239.24,7687359.16,7164313.38
2017-06-11,6685895.65,6428285.91,6229289.68,6059789.73,6005398.23,5964840.99,5808450.27,6054559.58,6427188.83,6748220.98,7009685.8,7238399.06,7303728.23,7231775.11,7051533.2,6944133.92,6922614.94,7074184.46,7926938.44,8352762.63,8183477.62,7820568.85,7282100.71,6749652.1
2017-06-12,6369786.44,6128041.85,5992866.44,5955667.77,6185792.82,6522139.25,6763194.2,7313567.43,7849016.02,8103493.75,8386951.19,8579229.74,8450369.61,8444529.29,8556320.34,8584273.73,8485377.44,8282700.75,8922389.87,9195259.78,8964750.68,8411131.31,7569215.95,6854269.38
2017-06-13,6429546.05,6215928.49,6118086.19,6058977.65,6255311.45,6657232.23,6947540.39,7408044.16,7861637.56,8131628.18,8388764.14,8637073.92,8549125.37,8623721.78,8819152.83,8739051.55,8553538.97,8334390.31,8906800.58,9194532.09,8921316.57,8363995.32,7605334.27,6909964.98
2017-06-14,6482975.3,6262209.29,6132531.73,6066472.89,6287101.65,6682740.04,6940974.71,7444127.17,7913421.61,8163310.99,8449349.94,8690459.12,8632705.57,8673051.43,8852310.06,8824745.96,8667765.14,8368088.23,8977458.75,9383720.85,9151411.64,8597814.14,7848038.25,7156371.43
2017-06-15,6629428.9,6400835.66,6285589.66,6245619.21,6407925.84,6813837.39,7026323.54,7497071.58,7980262.59,8249640.87,8476759.19,8608091.97,8482063.49,8390183.39,8479671.37,8505730.99,8435688.94,8224438.35,8766405.16,9035907.04,8804997.54,8349408.73,7569081.7,6919705.69
2017-06-16,6512774.03,6291203.62,6159523.12,6101043.78,6301062.7,6667295.37,6951016.65,7454192.19,7940196.46,8235092.16,8537024.65,8764072.31,8649697.98,8680960.92,8855793.01,8859169.18,8674491.0,8434814.98,8999304.05,9319190.26,9087482.92,8617182.86,7891254.99,7249626.92
2017-06-17,6764673.5,6489239.88,6275612.49,6174862.76,6261839.71,6376763.58,6514270.47,7016499.02,7561735.57,7874056.86,8208441.72,8336801.38,8216272.61,7962198.82,7782506.27,7655331.98,7543678.03,7616777.34,8329689.94,8714921.94,8485942.26,7982029.36,7364967.74,6794974.4
2017-06-18,6344195.95,5995766.34,5875490.99,5764235.48,5705121.37,5566198.78,5457026.27,5726833.49,6155823.22,6522418.15,6783476.24,6933107.49,6958737.89,6872745.19,6712894.49,6597484.66,6560005.83,6646808.07,7418664.74,7824380.26,7677515.94,7324389.27,6865930.68,6409142.32
2017-06-19,6034695.58,5799790.1,5646668.12,5572496.25,5559953.82,5527918.08,5414163.61,5751197.31,6177914.25,6575453.11,6887583.81,7162123.97,7268162.83,7201984.98,7067093.17,7008949.51,6907616.36,6893217.82,7702370.69,8338631.26,8167834.45,7783457.5,7197949.57,6596337.65
2017-06-20,6262220.17,6060899.42,5910134.44,5866562.45,6066639.98,6388801.44,6660304.1,7272804.8,7849327.69,8199580.47,8558337.84,8806170.79,8693656.64,8679671.86,8793426.75,8780762.48,8630641.51,8465435.16,8927958.15,9232712.34,8926848.62,8431649.64,7658951.82,6964772.64
2017-06-21,6514219.84,6260660.54,6062827.33,6046427.11,6190060.08,6464056.55,6764851.11,7296319.62,7795979.96,8079839.15,8376933.64,8577644.19,8458325.73,8459572.69,8634650.29,8605770.06,8472653.69,8244130.51,8825698.38,9228473.51,8947406.58,8404998.85,7604214.52,6964689.85
2017-06-22,6519995.17,6297135.15,6106695.27,6090624.19,6257969.22,6567652.75,6900396.08,7439188.73,7989602.61,8303734.42,8624554.95,8845393.82,8693647.68,8708065.12,8840754.75,8792122.94,8646059.61,8393802.74,8959416.8,9319912.53,9058832.83,8481630.93,7699760.03,7003497.82
2017-06-23,6602146.74,6349414.03,6210311.33,6155929.48,6287990.25,6557413.67,6863289.84,7455294.09,7909503.67,8246184.59,8605330.84,8857588.53,8675612.14,8762734.82,8938843.84,8876414.4,8683934.14,8395585.93,8874943.42,9350239.34,9082107.03,8593720.08,7860454.04,7274808.71
2017-06-24,6817666.82,6557000.13,6375097.83,6287883.19,6340512.93,6401029.27,6527239.95,7081673.78,7667763.69,8067474.07,8368697.0,8543000.05,8421073.06,8213928.18,8058776.03,7955712.56,7750582.44,7709566.53,8474503.94,8865266.1,8604710.46,8108387.11,7512591.51,6982801.91
2017-06-25,6552643.14,6270936.46,6112886.81,5998961.17,5962967.3,5875364.77,5739995.61,6030333.02,6337995.76,6627795.39,6898111.92,7059359.17,7116174.49,7076034.6,6914630.13,6807744.69,6666113.93,6663189.15,7413275.42,7982118.25,7888228.46,7552534.96,7042391.95,6538782.43
2017-06-26,6186853.07,5955446.18,5766739.27,5650942.25,5644762.89,5616704.39,5517116.15,5879982.02,6280392.25,6627566.09,6928479.17,7205303.24,7281125.71,7244030.94,7080484.71,6958330.98,6905317.58,6957914.29,7797951.74,8296861.56,8119125.22,7684895.17,7096729.94,6592748.14
2017-06-27,6195005.19,5983008.11,5902747.59,5906595.74,6049375.88,6412445.29,6691221.04,7245270.83,7830148.88,8212737.34,8526320.57,8767809.42,8629802.42,8634456.35,8838026.35,8868829.12,8675084.13,8395494.12,8918639.79,9320862.41,9086953.63,8574872.27,7797846.57,7080159.3
2017-06-28,6607429.43,6332510.41,6187889.86,6143737.03,6326555.86,6609334.46,6871128.96,7457131.71,8032515.72,8313653.94,8651730.56,8886068.75,8725485.18,8780725.4,8968780.86,8902933.47,8698104.68,8408585.73,8896230.99,9378788.57,9106234.62,8643437.78,7882606.36,7195108.32
2017-06-29,6674562.06,6427589.99,6308577.89,6253782.46,6412609.62,6650260.29,6934872.13,7491818.58,8085324.52,8419058.66,8749655.24,9016179.13,8856104.96,8852842.52,9033022.89,8931636.22,8779015.65,8498152.09,8998573.34,9321686.58,9080596.51,8626057.3,7868640.3,7177741.07
2017-06-30,6703130.51,6442962.62,6254190.77,6171907.96,6336461.31,6637249.14,6924799.19,7495582.55,8060810.3,8384837.97,8715722.98,8931436.51,8762794.32,8740675.75,8900665.37,8886242.54,8669907.18,8369326.0,8831369.95,9277396.6,9027234.72,8585734.35,7943244.82,7280143.18
2017-07-01,6789482.73,6544915.59,6392601.79,6263676.42,6307559.47,6373219.74,6480985.05,7002040.88,7608208.24,7974139.6,8261624.96,8463338.92,8371357.77,8183940.2,8028213.83,7914122.9,7759307.3,7641987.56,8357588.46,8861316.43,8583596.72,8117958.96,7569728.04,7114730.14
2017-07-02,6645798.15,6370975.13,6187769.33,6039936.02,5979623.03,5863253.82,5712970.39,6006353.09,6328526.4,6641015.54,6808496.27,7055911.71,7125643.84,7074778.32,6979681.51,6827795.76,6724502.67,6707842.7,7471407.63,8013420.04,7818026.4,7525394.63,7069046.74,6630939.05
2017-07-03,6242685.79,6004426.13,5793918.14,5547421.39,5498191.16,5471499.0,5334948.73,5646357.9,6034929.65,6423829.28,6758841.17,7012879.81,7099793.71,7040637.18,6922810.21,6822665.08,6726684.58,6743439.06,7572857.96,8202183.02,8091421.38,7678232.04,7158635.59,6641614.41
2017-07-04,6255533.25,6020179.59,5901316.45,5864106.99,6095061.21,6515190.28,6701418.62,7255706.66,7848833.01,8199593.7,8558365.46,8790976.03,8584780.37,8625515.29,8799168.91,8757208.14,8583648.41,8336777.12,8814653.34,9299208.93,9061521.54,8567500.84,7784635.2,7065530.59
2017-07-05,6604615.91,6346381.28,6183575.04,6116669.1,6294815.52,6738102.92,6895539.37,7379321.64,7940442.59,8246590.58,8523932.33,8799630.22,8632755.28,8699093.04,8889131.91,8873145.34,8683403.4,8387310.18,8903575.2,9310175.81,9109057.54,8563126.34,7719385.3,6995771.04
2017-07-06,6548274.16,6329546.34,6190140.7,6112870.06,6301643.8,6680362.12,6912925.89,7397183.84,7942900.2,8238232.4,8606933.27,8814877.57,8625925.09,8689422.45,8910709.97,8812465.44,8691475.37,8411060.74,8858272.22,9331591.97,9029059.37,8583994.9,7861332.74,7205642.26
2017-07-07,6737764.96,6489587.26,6315275.19,6284302.57,6472291.76,6924097.31,7093692.3,7593579.83,8140155.81,8497247.73,8844091.88,9087690.32,8821558.32,8835329.74,9023089.92,9003223.14,8827952.05,8514330.37,8988704.2,9403056.78,9079899.44,8617891.25,7920906.43,7294905.94
2017-07-08,6834081.58,6574346.2,6453794.67,6352234.23,6434419.22,6524345.16,6607802.79,7224547.61,7838883.51,8209457.56,8522170.14,8665978.97,8544183.59,8338837.87,8165128.33,8067012.48,7869737.6,7805289.37,8530325.42,8980360.3,8718429.08,8240323.5,7632663.36,7041088.5
2017-07-09,6616384.81,6328579.54,6112651.13,5987430.21,5933967.0,5845422.71,5741881.51,6026604.61,6414055.65,6742755.73,7016796.11,7179841.5,7237953.86,7183422.02,7109598.61,6995866.24,6904840.97,6899031.29,7790315.74,8407028.67,8340280.76,8024530.01,7440534.37,6884831.11
2017-07-10,6511771.48,6272200.44,6151375.66,6080151.13,6302649.95,6833695.23,6997468.47,7501009.63,8066489.48,8418013.65,8757171.59,8987524.83,8783523.22,8807462.19,8940419.76,8913920.9,8763433.74,8521231.96,9038342.42,9398155.65,9137289.34,8594636.28,7758243.22,7102794.05
2017-07-11,6670878.8,6456266.36,6308272.41,6243790.82,6479133.02,6997122.0,7150213.38,7568024.22,8035369.52,8319176.07,8638439.9,8816810.8,8580146.45,8624237.52,8779589.36,8754109.71,8654895.8,8416550.77,8959315.63,9325936.32,9070952.31,8448332.65,7646855.81,6985947.58
2017-07-12,6563765.32,6290655.92,6134544.04,6089159.29,6310247.13,6780063.34,6943194.9,7318287.7,7790482.45,8032751.81,8344347.47,8497138.12,8264703.32,8358860.78,8536202.99,8602650.4,8476215.15,8233308.13,8769690.04,9197713.5,8972282.98,8410754.5,7634754.67,6957485.36
2017-07-13,6545370.44,6310874.93,6173958.92,6107239.12,6333117.58,6881969.13,7028350.1,7439929.23,8007258.93,8381809.2,8701073.46,8912042.74,8708262.02,8755379.75,8942313.0,8896232.28,8678994.43,8486877.09,8997029.67,9437643.09,9202864.28,8632240.06,7862046.07,7146868.37
2017-07-14,6641049.31,6410831.34,6285337.12,6241214.24,6481860.51,6953231.16,7101528.19,7554861.09,8124508.51,8451496.6,8793800.98,8994403.75,8800197.4,8761765.01,8702398.93,8701918.33,8701769.56,8459696.83,8918182.79,9294968.84,9025726.96,8426216.46,7718869.33,7167568.92
2017-07-15,6760346.52,6516811.33,6322613.21,6192039.5,6313488.78,6436029.96,6563182.73,7073338.34,7650320.52,8054669.89,8325517.37,8469988.75,8357504.99,8156862.73,7944881.3,7836539.56,7729232.03,7656726.55,8317195.39,8721949.07,8503829.25,8012808.3,7327802.57,6713826.17
2017-07-16,6304722.82,6042693.38,5837947.16,5709817.95,5673388.55,5584406.47,5478468.55,5865853.44,6298192.74,6622468.6,6842107.79,7031291.98,7042446.76,6983544.54,6872943.92,6834767.36,6781461.88,6796751.16,7557444.41,8143704.38,8037024.02,7686836.56,7137743.08,6656951.42
2017-07-17,6266772.44,6068545.45,5938627.77,5917475.69,6139367.24,6684867.46,6875232.21,7320195.49,7919443.39,8254443.63,8606616.76,8791842.35,8594292.23,8647868.65,8800239.19,8843079.05,8704957.49,8416601.3,8912855.45,9455570.13,9222618.34,8684329.64,7838479.75,7159943.29
2017-07-18,6679823.83,6507004.79,6343946.89,6306403.3,6511214.36,7053914.38,7188824.19,7595811.3,8102743.16,8421250.36,8733250.71,8954191.94,8776831.22,8760192.49,9017789.58,9009196.33,8837653.11,8553752.55,9070611.07,9437885.28,9183075.21,8581022.06,7779425.31,7028374.32
2017-07-19,6561602.91,6279609.68,6172961.85,6109354.33,6393298.73,6980671.53,7168362.82,7584379.68,8090673.91,8376424.55,8664985.56,8895874.05,8686110.89,8710845.68,8914354.15,8871774.67,8727230.73,8450339.28,9005326.1,9370103.64,9034838.77,8461910.05,7679292.99,7070082.99
2017-07-20,6609130.58,6389007.78,6192847.1,6104111.66,6122031.22,6146067.07,6050661.65,6367173.25,6751017.22,7121045.06,7393189.58,7568571.29,7527425.6,7333119.47,7141584.27,7084994.45,6981171.32,7047907.37,7789829.76,8436451.98,8274963.25,7762429.51,7112466.1,6566278.19
2017-07-21,6190525.9,5977126.15,5837505.6,5801767.69,6042901.43,6512181.81,6693352.1,7251554.37,7851144.19,8215653.13,8600964.65,8778945.55,8617753.33,8661305.19,8813802.31,8837654.99,8617074.05,8351998.0,8823815.52,9298141.43,9095994.56,8583753.78,7843543.57,7221958.59
2017-07-22,6730527.91,6495193.04,6313473.85,6230562.13,6298107.24,6374226.18,6482753.05,6997734.64,7625669.28,8065092.24,8391029.46,8545876.64,8446566.69,8308536.76,8109536.93,7953115.66,7794718.66,7721779.24,8458946.53,8915220.01,8655325.03,8220337.1,7616195.3,7027216.34
2017-07-23,6563805.97,6317634.82,6073813.85,5947455.42,5880419.26,5791165.04,5586521.79,5893764.42,6323150.63,6637006.72,6878681.11,7105646.94,7183294.74,7160014.38,7086326.56,7016528.57,6902803.82,6885858.22,7729951.82,8390085.2,8289087.21,7940850.95,7361273.21,6841317.82
2017-07-24,6458847.31,6253475.84,6124169.93,6046802.19,6300301.82,6886901.16,7052595.05,7539571.42,8109742.24,8477214.03,8822423.27,8994262.41,8787360.0,8903993.45,9059400.35,9081384.79,8936169.46,8597863.72,9068935.47,9567587.95,9299777.4,8802446.74,8001561.6,7298161.86
2017-07-25,6805421.91,6515553.49,6367208.51,6296810.78,6535308.35,7095166.65,7240880.54,7674312.01,8190106.68,8494187.95,8774177.65,9008672.24,8791080.64,8850270.6,9030383.33,9054006.82,8900446.16,8608201.34,9105396.7,9577060.78,9289357.17,8739221.32,7898279.59,7278276.76
2017-07-26,6774171.88,6526281.3,6388408.46,6333030.98,6557869.22,7082444.97,7199292.89,7577913.07,8171880.54,8462936.57,8751011.56,8980277.18,8783864.65,8841058.14,8999665.57,8993849.3,8812955.7,8518843.92,9091086.66,9559812.57,9303635.52,8763762.27,7929167.46,7243290.03
2017-07-27,6807606.4,6596028.21,6433736.59,6421347.26,6666584.53,7197547.0,7297083.68,7713865.08,8207038.16,8559011.81,8898527.06,9136794.41,8923469.26,8965768.8,9133129.69,9111424.84,8890100.69,8585927.73,9147961.81,9553740.94,9340618.75,8726680.3,7882809.84,7210424.1
2017-07-28,6731793.06,6518079.79,6366160.32,6316561.21,6508404.43,7085105.04,7218876.78,7641048.06,8205195.58,8482292.55,8819948.92,9019106.4,8827848.92,8865376.75,9031824.55,9064606.87,8873405.77,8599855.43,9114669.97,9510736.47,9226938.1,8768594.76,8048883.58,7420800.85
2017-07-29,6957731.83,6658239.91,6472887.62,6402443.41,6478466.68,6538618.62,6678921.69,7200170.81,7777145.8,8107213.62,8363627.29,8578696.02,8461952.68,8277146.73,8110353.67,7968176.63,7847500.65,7802529.08,8507449.51,8923710.44,8679151.9,8208396.11,7587726.04,7034920.57
2017-07-30,6616835.54,6301275.08,6075821.59,5942550.7,5828168.74,5786669.72,5616785.36,5964529.38,6333424.69,6607405.99,6810830.18,7000147.69,7049364.69,6973886.27,6842707.92,6696138.85,6647112.91,6753301.78,7645526.13,8172110.51,8060856.23,7661068.68,7080105.61,6507515.74
2017-07-31,6186889.16,5890798.13,5700908.06,5685766.99,5959211.61,6553001.51,6727995.23,7195936.34,7690155.1,7978647.79,8265641.02,8493168.9,8296631.96,8312430.1,8480471.68,8471445.33,8375551.47,8146948.81,8722527.07,9194816.1,8934181.24,8361772.18,7517247.49,6839238.34
2017-08-01,6375781.85,6151935.53,5985768.76,5970994.32,6203611.83,6856601.95,6965242.62,7318928.24,7795906.6,8060306.8,8384172.61,8636060.97,8457689.97,8498866.1,8689168.68,8741318.39,8601721.57,8333007.13,8848922.96,9368698.32,9127179.66,8618568.8,7779619.72,7025990.01
2017-08-02,6583300.44,6315318.4,6172000.37,6103142.67,6364528.31,6963442.7,7087501.54,7443061.27,8023252.32,8315065.87,8670851.1,8903335.96,8677135.73,8775215.34,9023525.77,9037526.88,8870284.96,8563259.12,9054928.16,9566674.76,9327834.94,8765218.4,7964729.9,7240341.89
2017-08-03,6718554.78,6514232.78,6374083.75,6310080.06,6526818.87,7086704.43,7194425.62,7684863.91,8212340.04,8509356.54,8854277.66,9113451.19,8930258.74,8966324.7,9224308.73,9241690.6,9048794.69,8725830.12,9182677.89,9662959.42,9418110.74,8894357.43,8086037.96,7380519.62
2017-08-04,6832250.23,6558764.63,6390859.18,6342431.05,6585316.83,7140218.65,7263362.69,7684625.97,8178140.38,8488234.21,8797887.96,9020328.19,8801265.12,8792982.7,8914777.78,8942639.95,8711298.36,8382606.4,8829416.68,9245557.81,8955093.49,8488070.88,7722314.26,7108919.83
2017-08-05,6636886.24,6410242.6,6254901.06,6160966.09,6244550.08,6368035.38,6437994.54,6929801.58,7451750.88,7858715.01,8143146.55,8311466.67,8216566.83,8058264.36,7929387.86,7829866.54,7687409.51,7651048.12,8386662.85,8841958.17,8593030.08,8100154.04,7476895.65,6946888.42
2017-08-06,6494842.6,6231856.4,6044661.46,5922547.95,5887106.27,5830280.48,5659405.12,6018930.35,6419013.61,6748544.54,7023256.24,7206935.47,7254801.06,7224160.13,7108799.97,6978649.55,6901729.35,6887843.99,7692269.46,8243263.31,8105630.33,7745918.13,7250778.13,6770605.11
2017-08-07,6421856.0,6165465.12,5998415.84,5867895.76,5871993.96,5910775.04,5752941.27,6101461.62,6552461.33,7032688.84,7454019.66,7735774.73,7867208.72,7809804.17,7655233.76,7570028.85,7326395.77,7245148.95,8173111.88,8877743.46,8718113.91,8106493.87,7508053.1,6916382.1
2017-08-08,6551347.93,6275663.91,6151915.27,6137922.82,6372620.97,6988493.13,7130546.7,7538880.91,8148168.88,8597656.35,8991522.91,9225735.03,9067464.13,9158796.1,9387014.3,9423089.6,9141493.36,8736303.38,9349357.79,9873609.09,9647151.09,9031490.46,8162516.51,7359342.19
2017-08-09,6837470.95,6616174.23,6473991.11,6431983.67,6633006.04,7157784.51,7305668.71,7749118.93,8287366.61,8616931.14,8867330.16,9119518.53,8832483.79,8812695.21,8977706.02,8953612.72,8680833.62,8373750.07,9084992.22,9588737.7,9289921.13,8737883.21,7755977.83,7062814.72
2017-08-10,6582415.9,6374667.53,6241288.4,6200540.98,6428930.19,7037298.03,7146622.14,7583222.54,8126411.74,8566426.89,8938360.11,9145151.68,8777309.17,8845953.3,9134173.8,9098777.7,8922437.54,8614638.81,9219965.58,9711303.18,9384550.45,8756692.0,7833916.55,7163364.94
2017-08-11,6760746.29,6477331.73,6287294.54,6254010.71,6466762.66,7012000.29,7219515.74,7631566.37,8078760.35,8341882.97,8689626.25,8912342.17,8718795.63,8773261.18,9009683.59,9010586.75,8839243.94,8569965.57,9173246.74,9635265.24,9402249.32,8787535.0,7927441.22,7247224.03
2017-08-12,6809163.38,6515208.59,6335028.22,6288865.88,6361522.71,6525241.38,6629616.96,7127242.63,7670865.82,8037466.89,8309469.37,8473826.37,8364564.65,8186946.98,8009428.56,7874386.99,7685981.24,7701244.28,8536599.08,9039829.41,8710418.68,8135832.05,7508575.73,6943918.46
2017-08-13,6512251.44,6235852.55,6043120.36,5921106.53,5877150.96,5832337.12,5648525.5,5985899.21,6373354.46,6729977.5,7029081.77,7248680.72,7346857.08,7297618.78,7205160.92,7124621.6,6997662.45,6970696.61,7823187.68,8499672.21,8361714.91,8007526.04,7405245.34,6843680.54
2017-08-14,6482297.0,6289680.16,6127412.01,6121558.2,6316354.03,6897135.09,7039086.88,7507253.16,8075491.15,8455230.53,8833445.42,9077547.3,8843154.56,8966021.97,9187342.49,9162626.0,9017743.92,8699158.65,9224391.71,9684229.19,9467865.83,8951405.94,8142949.35,7371010.83
2017-08-15,6885947.2,6629472.18,6497707.48,6449773.22,6676146.53,7270160.73,7333047.77,7730495.7,8289650.69,8599005.11,8965583.18,9207435.96,8974204.92,9024274.69,9170444.87,9199151.61,9003600.9,8751775.52,9339931.67,9670951.97,9431984.18,8853208.48,8025092.76,7273571.27
2017-08-16,6802800.87,6518675.26,6299581.28,6279350.18,6491191.22,7101715.72,7240957.94,7590180.8,8083491.04,8402625.73,8731982.33,8987032.55,8762867.29,8853273.52,9023080.79,9032321.01,8873178.79,8568751.05,9172597.45,9585274.51,9358260.73,8816236.28,7987196.41,7265061.08
2017-08-17,6810409.59,6562540.07,6428721.87,6337410.08,6551119.0,7118310.77,7263483.86,7703677.57,8261882.33,8593181.5,8961932.87,9147692.0,8896571.78,9000468.43,9294066.5,9335160.42,9141900.91,8868834.89,9410913.18,9804432.98,9531000.78,9020359.07,8201513.55,7451819.76
2017-08-18,6933218.46,6686865.21,6529930.51,6460664.17,6679943.79,7153006.76,7276965.53,7729041.85,8231117.92,8544238.81,8877260.31,9112488.92,8985443.55,9064283.44,9267115.21,9271155.35,9084059.73,8781315.89,9391655.75,9655351.78,9376054.77,8830306.6,8157191.72,7495332.37
2017-08-19,7006704.22,6736080.59,6534919.27,6432536.41,6496852.2,6646128.11,6717445.28,7199995.93,7795328.97,8120516.03,8366909.46,8518269.58,8404419.2,8137578.91,7981515.66,7899462.89,7808374.12,7769883.38,8555064.74,8870750.43,8638889.74,8116275.92,7469149.13,6922452.5
2017-08-20,6497702.09,6217188.78,6029552.12,5923254.69,5882125.74,5846184.35,5674857.68,5956784.28,6391191.71,6716781.44,6973541.41,7153766.67,7187857.57,7095732.57,6944516.48,6849547.44,6750962.97,6835766.49,7656313.22,7983699.55,7813121.3,7490892.65,6986035.84,6522922.37
2017-08-21,6160933.54,5915050.14,5787364.6,5689345.62,5705308.63,5758982.91,5643424.92,5978500.78,6378271.55,6789317.22,7090336.82,7372703.87,7415725.28,7332457.97,7172603.42,7061828.34,6976973.26,7052060.65,7995049.04,8566658.94,8401552.1,7907339.49,7306980.6,6769980.13
2017-08-22,6406613.87,6186328.56,6042458.01,6039224.07,6313554.08,6890107.7,7033144.72,7448028.76,8072901.67,8418693.6,8730486.81,8990660.28,8762033.5,8831472.62,9052262.65,8995072.04,8828929.08,8594279.09,9191383.72,9463841.98,9185325.33,8625238.7,7770934.76,7069298.29
2017-08-23,6593991.69,6356250.02,6201472.24,6175023.54,6406822.75,6995158.44,7123616.91,7537162.48,7996070.17,8330532.05,8647426.32,8889731.27,8718346.89,8826628.54,9058037.87,8983541.55,8805349.42,8612931.52,9272644.77,9625965.1,9353778.93,8822943.18,7976158.13,7233122.73
2017-08-24,6787860.03,6540122.88,6398302.43,6313962.13,6550453.0,7140812.21,7237163.47,7640789.7,8121450.93,8420934.46,8714637.76,8905541.1,8589151.17,8650997.32,8770533.89,8775533.65,8656999.16,8482560.6,9154690.53,9387351.74,9137330.74,8564074.63,7753087.96,7051831.49
2017-08-25,6615148.14,6406724.33,6305447.23,6283774.5,6529800.02,7075218.39,7222681.17,7629412.69,8162143.71,8496682.09,8794232.97,8998494.53,8756177.78,8795904.91,8936639.22,8905998.19,8708949.85,8441621.93,9062498.97,9388769.86,9152214.14,8618684.9,7918563.87,7257438.91
2017-08-26,6789338.4,6519837.59,6331353.92,6229887.06,6343086.25,6480330.32,6632410.48,7136777.95,7730202.21,8120415.4,8489438.88,8669605.01,8571427.52,8379575.23,8218614.7,8098767.5,7925755.06,7852385.59,8687147.24,8967326.23,8699256.15,8256576.32,7593850.4,7047973.85
2017-08-27,6579416.09,6317563.12,6111315.85,5990714.07,5960773.04,5953808.45,5759864.94,6054017.61,6443813.57,6792997.3,7092269.27,7275289.48,7348217.96,7295629.43,7193262.74,7040619.99,6934963.0,6998395.67,7991794.13,8465949.63,8311891.27,7888480.66,7252992.98,6767582.3
2017-08-28,6380489.17,6155024.83,6077458.62,6028840.58,6287869.22,6882648.85,7030781.9,7471048.95,8032070.77,8383898.29,8688262.09,8912250.54,8675383.92,8646431.91,8777416.42,8748364.11,8639073.42,8398442.88,9103476.62,9400835.82,9104771.24,8516813.66,7681818.29,6959205.33
2017-08-29,6542325.06,6339685.85,6202905.35,6194438.38,6415153.16,7078993.45,7158630.83,7529736.5,8065577.91,8337574.64,8625784.62,8770119.64,8534792.79,8620128.87,8861965.75,8870436.62,8742979.03,8500032.39,9209657.77,9480171.46,9173099.47,8578393.59,7752722.4,7048331.89
2017-08-30,6580283.16,6366175.38,6245005.79,6165536.84,6485511.63,7084640.27,7234889.72,7613735.93,8068645.89,8322781.31,8646793.13,8863147.65,8618188.04,8606860.07,8823266.45,8802039.22,8664469.59,8491343.56,9151790.36,9424333.19,9128805.37,8524036.68,7697282.48,6979857.71
2017-08-31,6537302.7,6356558.38,6233493.66,6196961.63,6490109.98,7072558.56,7205933.99,7556804.05,8068984.81,8390674.82,8684978.58,8880740.36,8725861.46,8791635.76,9014423.58,9011436.89,8874165.86,8649897.1,9250146.58,9533183.57,9247952.64,8661003.54,7832243.0,7205431.23
2017-09-01,6714172.12,6447857.24,6297603.5,6260652.93,6462793.07,6996435.0,7155221.29,7577103.32,8109192.65,8418666.76,8790562.02,9014978.29,8872444.85,8949775.8,9154174.08,9179745.33,8973095.93,8690998.79,9289094.8,9584904.7,9372309.32,8869205.15,8153271.29,7484204.93
2017-09-02,6969328.2,6707877.61,6497563.33,6375591.2,6441061.16,6602530.54,6655189.73,7266281.87,7859941.03,8287614.13,8585729.97,8767999.68,8583783.37,8436523.87,8278817.91,8162770.9,7987730.46,7943682.64,8859151.92,9066567.66,8805626.4,8326846.25,7618791.32,7075425.17
2017-09-03,6654775.63,6385996.63,6187629.91,6027353.08,5964070.22,5929397.17,5715325.13,6024000.06,6428872.59,6761840.25,7031607.32,7229042.04,7267740.34,7222238.36,7042836.92,6984191.06,6905084.15,6952171.84,7997745.46,8409150.12,8287214.78,7892161.42,7300130.14,6712862.87
2017-09-04,6355112.7,6187445.14,6064586.99,6058701.4,6309423.52,6865331.9,6971925.97,7457916.96,8095940.68,8516184.97,8866262.63,9096503.96,8906004.0,8984888.68,9192834.19,9102196.16,8953137.92,8724310.65,9395054.77,9669611.32,9297032.61,8784731.25,7972464.73,7241243.83
2017-09-05,6786327.66,6572996.14,6369878.06,6316571.16,6580003.43,7120492.99,7277318.7,7673204.75,8218539.12,8540248.66,8886976.95,9115005.23,8968516.65,9052724.63,9214088.23,9210504.14,9041476.89,8806924.24,9489156.77,9681304.54,9415866.54,8795762.25,7941415.95,7266366.78
2017-09-06,6821458.3,6583063.23,6430859.94,6381436.71,6603222.5,7141458.67,7286551.8,7705943.17,8231497.99,8505011.34,8870978.33,9062828.8,8895488.76,9000420.2,9163477.63,9135687.27,8924379.29,8740420.43,9464701.66,9557450.04,9340914.25,8741170.59,7931089.03,7214164.13
2017-09-07,6694818.39,6526483.82,6396826.15,6368698.78,6503888.58,6896085.55,7075143.77,7578596.66,8150074.13,8460711.19,8775664.98,8949944.83,8796457.2,8875121.32,8903507.03,8806387.56,8690419.83,8545756.33,9326458.24,9453776.09,9165074.6,8605247.64,7820564.21,7178276.74
2017-09-08,6721485.22,6473713.31,6288667.33,6300891.89,6456150.62,7021713.56,7107313.35,7593849.02,8095490.99,8401972.39,8685858.21,8874651.07,8604718.8,8522310.07,8674433.29,8649689.07,8497408.82,8342726.31,9110587.39,9157576.36,8855490.71,8346026.16,7572326.03,6931310.5
2017-09-09,6441320.95,6252837.83,6096508.97,6013932.24,6097368.36,6277311.03,6379417.92,6889041.61,7477875.19,7866942.32,8162796.72,8337505.38,8245670.47,8035754.82,7868116.29,7692796.77,7562691.9,7595754.57,8570625.88,8664873.81,8366715.52,7798386.03,7142446.43,6645952.08
2017-09-10,6230740.75,5962159.22,5815896.6,5698655.69,5651687.82,5644715.91,5515824.73,5847846.99,6289822.96,6621757.33,6822161.59,7052434.15,7128471.82,7073129.26,6900428.34,6789262.18,6733014.73,6838341.49,7869220.08,8209786.11,8071796.86,7663299.03,7042653.97,6431317.03
2017-09-11,6139954.43,5925591.06,5791173.19,5794198.43,6029435.26,6661583.01,6837607.57,7313769.57,7849461.45,8232721.14,8598848.22,8861329.36,8672923.64,8743108.08,8941059.23,8934715.29,8745477.89,8509357.34,9304771.6,9490639.87,9278147.5,8728857.9,7879535.03,7159075.04
2017-09-12,6688638.62,6446231.12,6290970.64,6235322.7,6505702.03,7047692.88,7165677.09,7626775.04,8132125.54,8460182.37,8787689.78,8988228.4,8777063.17,8809952.92,8984073.67,8938776.37,8773794.33,8603630.16,9392263.1,9525848.34,9200992.24,8609500.81,7803695.85,7111686.18
2017-09-13,6713985.35,6450146.0,6313678.41,6266949.37,6510508.58,7076270.35,7250305.46,7645749.08,8088277.19,8256337.3,8611080.38,8856042.46,8700541.9,8732843.77,8956462.68,8925053.46,8766010.07,8587157.23,9418896.09,9523327.94,9249073.02,8639945.92,7826980.65,7161568.74
2017-09-14,6667220.57,6490946.53,6329050.16,6251878.62,6511762.96,7137177.46,7241459.75,7659165.92,8210693.94,8496532.9,8842888.67,9056043.23,8817007.33,8816980.55,8932335.4,8929401.6,8766182.03,8591121.53,9360473.65,9362026.24,9124685.57,8601160.17,7809390.19,7145558.07
2017-09-15,6702332.48,6474379.25,6320103.52,6268941.26,6451404.54,7035477.18,7169649.15,7553799.56,8078983.02,8415201.21,8732698.69,8996414.86,8813582.45,8879766.14,9012900.66,9053221.5,8874478.02,8652069.84,9363702.32,9484644.13,9231659.54,8714253.59,8047672.56,7396935.6
2017-09-16,6911812.68,6624006.67,6432202.82,6371256.46,6404146.23,6540794.57,6674491.14,7201413.1,7850230.9,8229131.48,8488221.2,8626591.78,8524764.41,8353376.4,8187084.41,8073826.01,7916678.14,7874836.13,8869514.17,9042461.33,8746024.0,8240769.02,7632016.86,7043141.95
2017-09-17,6598546.46,6297859.18,6128422.81,5984839.31,5959858.64,5864513.93,5656610.56,5932113.71,6234957.61,6519933.95,6824501.1,6951405.37,6921247.23,6882707.35,6743497.42,6647766.41,6620428.61,6778227.46,7922026.24,8150267.44,8044116.73,7634021.98,7066666.49,6541953.15
2017-09-18,6203839.0,5961082.65,5848160.1,5829886.82,6102972.3,6700925.65,6911368.57,7315428.88,7911751.69,8356624.53,8652478.31,8905183.4,8712274.85,8738145.31,8879554.17,8881110.49,8752057.14,8666143.54,9380684.5,9501387.54,9237017.46,8687402.74,7847172.52,7052535.96
2017-09-19,6561320.33,6376858.56,6220750.74,6174050.66,6422600.66,6961861.77,7125705.96,7506315.03,8023110.94,8383505.79,8711628.95,8940665.17,8736240.06,8891645.11,9158540.9,9146313.11,8969009.11,8799835.29,9610768.71,9674348.07,9411008.12,8897051.05,8067837.87,7381434.91
2017-09-20,6903629.74,6622381.07,6484501.42,6404432.69,6677333.78,7276802.03,7379957.5,7742824.67,8231383.7,8534971.01,8840667.23,9030159.05,8821054.21,8929792.79,9093930.81,9078708.92,8960411.95,8873073.37,9606272.52,9700900.3,9420259.89,8807735.39,7957571.55,7271567.88
2017-09-21,6850663.05,6581968.23,6416906.52,6375592.99,6602765.27,7186345.19,7290982.96,7700986.21,8276207.9,8553073.78,8888206.51,9155813.58,8935501.1,9028792.02,9143195.83,9144530.03,8946470.08,8856406.39,9673495.68,9702532.45,9420075.61,8859959.65,7956348.05,7286320.14
2017-09-22,6814416.42,6608042.89,6450563.7,6413221.25,6610153.49,7163087.39,7329243.38,7817567.94,8304540.34,8643751.88,8983678.55,9116090.33,8895683.17,8960656.68,9170133.08,9149290.19,8943494.06,8773545.84,9499643.56,9489507.14,9118554.66,8631516.74,7945973.28,7305512.57
2017-09-23,6822513.54,6631692.14,6472147.23,6353395.22,6417176.81,6561453.33,6712726.46,7283104.85,7804055.62,8074589.87,8384766.34,8577441.62,8472774.31,8279658.78,8004323.48,7911277.78,7812244.07,7981872.76,8893161.78,8926821.75,8620425.51,8033827.14,7412407.32,6916140.1
2017-09-24,6504536.99,6220371.97,6078829.33,5980558.72,5956081.86,5923474.3,5759083.13,6116820.32,6532500.75,6792339.37,7041337.23,7245522.64,7314410.73,7271872.9,7080812.57,7004212.88,6910535.32,7159378.39,8263186.15,8412284.91,8275691.03,7850512.82,7279680.46,6726818.45
2017-09-25,6341099.43,6137019.56,6020238.54,5973208.5,6239457.23,6840773.48,6996717.69,7460722.99,7994401.0,8342797.58,8728460.27,8967257.42,8770380.76,8805721.93,8928771.52,8877843.52,8708413.91,8644815.84,9429607.64,9454996.33,9154850.34,8536919.87,7738680.55,7010705.67
2017-09-26,6576870.18,6342454.18,6221807.78,6171474.51,6426704.99,7059397.68,7217680.4,7631276.24,8069019.36,8269351.88,8593164.06,8822482.95,8634428.71,8748392.67,9016719.44,8985663.12,8826591.94,8692012.78,9494169.68,9571111.63,9253887.95,8680851.25,7804484.1,7078074.6
2017-09-27,6688975.29,6468674.54,6324516.36,6297967.52,6521127.67,7087510.35,7226904.02,7668546.09,8184041.25,8520813.4,8839175.18,9017536.26,8868225.92,8985757.38,9259961.12,9182584.91,9034023.23,8812956.29,9603777.59,9688863.25,9389372.17,8728592.57,7945845.56,7251152.6
2017-09-28,6806933.63,6566844.26,6411217.01,6363137.68,6588606.93,7162893.02,7302533.95,7681650.12,8193544.79,8468616.18,8748539.5,8931348.99,8748868.51,8733606.59,8891057.73,8893882.26,8780810.59,8741708.99,9488541.35,9483239.87,9090337.05,8558180.95,7760881.17,7145420.75
2017-09-29,6638585.79,6411289.13,6269161.25,6247733.92,6524161.01,7003472.39,7161520.59,7548621.49,8008967.15,8314930.26,8627803.77,8856731.75,8639813.33,8647213.96,8856177.8,8866021.12,8769006.95,8742084.81,9347423.18,9297087.4,8991183.83,8426852.01,7732633.11,7118470.93
2017-09-30,6693226.63,6452614.94,6286119.32,6170114.68,6282444.83,6421603.87,6533420.39,7097997.25,7587552.22,7879092.59,8148375.28,8264646.99,8141932.8,7935454.82,7759415.8,7637157.11,7590293.57,7782151.05,8726838.7,8744188.81,8447209.17,7920880.81,7282844.13,6683615.59
2017-10-01,6293708.28,6111907.37,5922870.57,5802584.29,5764929.49,5705385.27,5607083.35,5965696.65,6324191.18,6629854.43,6857678.41,7051700.58,7126276.77,7054522.72,6920497.77,6826484.59,6743753.22,6990847.03,8051368.09,8222672.85,8028084.36,7574814.07,7008234.48,6486426.69
2017-10-02,6138142.29,5973571.55,5855395.61,5808670.93,6050494.17,6656266.16,6860658.17,7235879.2,7747351.17,8109123.22,8469818.77,8728372.46,8569176.59,8637201.58,8773050.03,8779396.01,8630025.49,8679715.03,9350498.99,9305024.3,9015548.92,8443458.63,7618724.21,6934653.5
2017-10-03,6476276.5,6248193.55,6100136.6,6098806.52,6355642.26,6951886.83,7124176.22,7522322.51,8011117.82,8317093.82,8642616.38,8817319.4,8590138.05,8647716.38,8823989.11,8742783.02,8668501.41,8711912.17,9411293.04,9396367.38,9101496.91,8534238.77,7674654.77,7033391.57
2017-10-04,6562443.68,6350685.58,6216444.71,6184546.55,6426843.36,7024983.01,7159852.49,7486394.47,7905549.64,8163040.91,8466805.43,8664098.33,8452045.09,8468230.3,8585797.41,8554027.33,8407672.5,8447135.2,9200558.41,9205572.06,8947871.03,8356539.32,7546105.69,6855050.76
2017-10-05,6410112.73,6186903.56,6080367.44,6049354.14,6295012.12,6904141.1,7120850.22,7485034.27,7898676.66,8162345.42,8448983.33,8603275.42,8460956.02,8487785.66,8647483.55,8620524.73,8517405.87,8500676.87,9255086.86,9199807.96,8825489.9,8254044.6,7470273.94,6814285.32
2017-10-06,6396609.64,6154469.69,5996767.78,5947054.34,6180201.54,6767221.97,6979147.41,7428020.51,7896902.78,8106115.51,8443977.43,8694324.54,8493058.52,8488970.92,8655535.22,8642846.12,8499218.09,8414933.87,9219533.37,9175858.14,8923657.33,8354398.08,7608856.9,6968872.63
2017-10-07,6515386.96,6302651.56,6119122.79,6056819.71,6156922.22,6272919.05,6457006.89,7011676.02,7629616.86,8020550.84,8316523.39,8474962.66,8407203.32,8230495.26,8072205.83,7979976.49,7883999.43,7963775.66,8918780.65,8941568.49,8704919.5,8117977.12,7554388.23,7022501.31
2017-10-08,6577641.91,6335434.09,6123053.67,5999506.93,5958634.71,5879102.72,5780241.85,6091252.72,6490138.52,6839868.18,7092796.32,7297013.85,7371245.81,7288197.89,7179995.53,7089345.9,6996247.27,7207677.47,8197627.26,8357377.5,8227613.2,7850184.57,7299097.95,6804497.45
2017-10-09,6458487.93,6211781.88,6093349.48,6028924.67,6244937.04,6651387.05,6924683.56,7442135.33,8038065.81,8398108.83,8733385.16,8968533.42,8764752.99,8763002.48,8904153.27,8896885.43,8729518.76,8728723.16,9407046.59,9366719.66,9069047.17,8459462.63,7608884.13,6958487.46
2017-10-10,6535312.09,6290845.17,6150310.87,6116268.67,6335996.14,6746527.93,6986123.78,7519686.78,8078077.15,8405770.53,8786157.31,9044384.95,8857226.41,8941992.12,9137588.98,9111473.13,8951602.13,8832688.77,9573855.31,9541309.66,9171588.1,8678862.26,7914297.98,7220916.66
2017-10-11,6741159.87,6504757.29,6312267.77,6286671.59,6476356.42,6901603.09,7111343.7,7632729.56,8114999.61,8407885.94,8705512.08,8918445.72,8700261.57,8681751.5,8788836.51,8800667.62,8706379.45,8683276.49,9411065.41,9402867.82,9100251.88,8529361.76,7773232.19,7088994.71
2017-10-12,6607244.94,6426200.14,6239448.6,6147996.56,6382722.07,6785544.99,7094449.26,7658153.33,8261228.92,8622254.13,8940644.82,9165054.46,8953279.24,8971310.34,9150708.23,9120254.34,8935912.97,8885706.87,9659204.01,9596987.19,9312279.39,8784514.13,8050955.9,7373478.71
2017-10-13,6871967.6,6612609.3,6454578.59,6397246.19,6601740.99,6976228.63,7172533.29,7732173.12,8284892.61,8649023.42,8962149.17,9178658.09,9006576.13,8996851.0,9137626.08,9091454.03,8922017.06,8875228.72,9624250.43,9538698.96,9214074.15,8681498.44,8036454.49,7392926.47
2017-10-14,6916728.76,6623863.36,6424806.79,6337957.78,6390123.28,6481712.71,6628439.09,7154861.68,7765448.14,8173955.0,8480709.46,8620555.92,8521563.35,8344419.4,8135503.41,7988603.68,7834128.78,8015517.41,8959251.2,8977488.27,8679626.26,8172209.82,7589987.21,7079779.03
2017-10-15,6655434.64,6310824.22,6136083.7,6031519.94,5993736.46,5919574.23,5762531.64,6085505.13,6460177.47,6763271.64,7013597.15,7173343.94,7195129.26,7100181.62,6994627.16,6878605.18,6814978.36,7045905.24,8135966.72,8234804.96,8067076.94,7711121.56,7265769.08,6812821.83
2017-10-16,6481033.07,6260883.27,6050771.88,5949244.17,5950088.87,5938446.08,5888335.84,6276661.76,6712699.37,7111535.12,7421861.89,7696214.47,7776826.08,7685154.38,7526862.77,7371001.93,7247083.92,7547627.29,8610095.06,8816511.34,8640752.48,8168714.08,7560558.39,7024298.63
2017-10-17,6651133.37,6402727.02,6278684.22,6246834.78,6498706.02,7024854.05,7186263.71,7663479.7,8299527.69,8653456.44,8996440.07,9269110.3,9091216.47,9196377.95,9357109.98,9368500.11,9185264.47,9155362.62,9887076.67,9828654.33,9541981.87,9022955.96,8149383.31,7413496.41
2017-10-18,6967194.82,6728649.77,6574188.03,6521166.15,6783111.71,7316019.43,7469564.4,7892871.62,8397046.55,8718715.12,9083750.77,9328956.78,9109466.06,9197289.14,9375984.03,9338360.71,9148488.27,9148615.26,9808394.02,9788515.17,9462562.15,8936165.55,8127879.68,7425694.39
2017-10-19,6907877.15,6636031.29,6466640.86,6450342.11,6700448.2,7267819.04,7413380.09,7822729.29,8313254.69,8594044.67,8893578.36,9133739.34,8955009.66,9013091.75,9199749.69,9165466.51,9077932.86,9089407.13,9891835.71,9817085.17,9558956.62,9007492.79,8207894.65,7444888.27
2017-10-20,6992764.81,6754275.15,6613156.71,6559141.81,6744763.77,7230355.56,7414182.2,7863202.05,8395594.19,8745278.95,9055428.76,9268684.92,9056451.47,9076050.39,9290198.0,9266512.04,9068201.53,9093455.48,9770220.02,9675560.64,9353369.04,8838575.2,8140042.79,7569691.08
2017-10-21,7095943.95,6803078.45,6660146.76,6563436.76,6614784.8,6731639.49,6876727.22,7426584.44,8017870.14,8431899.13,8714240.98,8868965.8,8725299.54,8482020.07,8280868.87,8180141.03,8051954.79,8329013.76,9105693.73,9089103.34,8843007.63,8343030.56,7707008.49,7161638.52
2017-10-22,6700605.93,6432520.28,6225778.84,6039778.2,5993132.33,5931840.37,5853660.02,6128671.52,6484068.2,6828573.03,7063281.6,7251735.14,7312780.23,7267543.23,7125162.88,7018912.42,6954599.72,7305020.55,8299757.62,8406613.83,8213201.22,7803309.55,7288618.8,6710329.14
2017-10-23,6358651.7,6148738.93,5990147.99,5942156.68,6200563.67,6780324.49,7005943.19,7394459.24,7957570.62,8264858.06,8563703.07,8769846.36,8589393.13,8654261.87,8811468.09,8777603.3,8636765.92,8779893.91,9406908.09,9386156.95,9111898.83,8556222.31,7709048.48,7053782.38
2017-10-24,6584439.96,6382621.27,6248175.37,6220077.28,6484575.04,7039439.92,7191622.46,7591633.58,8024788.22,8275578.09,8575444.65,8752786.33,8556024.06,8516613.55,8681217.94,8668615.57,8570257.14,8727630.37,9379863.26,9274085.12,8931838.0,8315277.37,7465015.32,6810952.33
2017-10-25,6385623.57,6135184.97,6028874.99,6024958.62,6281577.11,6896883.55,7052434.87,7382468.34,7832029.05,8149860.53,8406025.73,8687568.88,8466328.42,8522736.2,8751856.36,8762779.49,8614434.45,8738611.32,9484864.89,9406459.64,9094565.66,8524029.13,7726250.99,7023381.9
2017-10-26,6586536.73,6362681.1,6232408.11,6200590.59,6431672.67,7000531.55,7154220.2,7530969.49,7956889.22,8227351.35,8509838.65,8763741.93,8585271.08,8610817.18,8756387.8,8726684.15,8589967.41,8621722.77,9445092.54,9378145.73,9010551.07,8452803.69,7635403.22,6974965.63
2017-10-27,6521690.79,6227477.42,6126219.47,6065396.57,6318019.42,6881267.52,7076788.21,7457755.01,7985086.43,8285348.59,8626444.36,8853047.0,8630107.12,8649653.87,8839612.32,8761571.05,8619711.27,8712496.51,9324915.82,9263634.38,8927277.84,8372421.42,7646309.35,7067183.34
2017-10-28,6628872.87,6343127.45,6196757.28,6094979.28,6187669.26,6320132.45,6504814.65,7042297.09,7618420.5,7923140.07,8161814.04,8342393.08,8240031.53,8025323.59,7869663.0,7710988.1,7616627.84,7925261.22,8731585.06,8646399.74,8317221.45,7831636.1,7173090.44,6601888.54
2017-10-29,6164691.24,5922481.12,5737237.05,5647134.01,5626591.62,5607367.02,5487253.68,5771727.19,6351735.5,6448785.73,6671147.62,6852837.13,6924231.92,6871570.26,6698924.05,6603510.5,6580456.07,6933918.77,7952091.24,8067463.9,7872899.4,7616912.94,6960788.94,6288945.51
2017-10-30,5977575.59,5759502.27,5699933.47,5684388.36,5933379.05,6549331.59,6714724.78,7147858.9,7603368.1,7956416.22,8272055.05,8474833.72,8263539.67,8319566.7,8485722.36,8495193.57,8418395.55,8581400.22,9254062.42,9294136.03,9133132.64,8364260.37,7554110.63,7685684.23
2017-10-31,6366039.03,6168236.46,6028447.82,5961125.53,6240289.45,6822820.6,7035594.7,7436782.48,7929130.37,8203432.91,8531213.93,8674152.14,8485351.05,8520692.72,8674686.42,8681631.65,8510075.97,8694116.8,9081941.16,8820481.78,8609249.27,8310692.74,7351178.21,6966597.9
2017-11-01,6498904.41,6263132.79,6123957.71,6105079.3,6354281.67,6827666.44,6972015.97,7358160.39,7875547.97,8136931.36,8488113.3,8715738.14,8507838.65,8589685.26,8866992.96,8849623.46,8724897.25,8755647.69,9514716.06,9480376.34,9167925.88,8590211.04,7758359.28,7066971.25
2017-11-02,6577898.12,6341525.66,6202308.29,6157271.12,6422983.95,6964654.25,7164110.85,7575457.57,8063581.38,8392295.49,8727932.15,8968390.35,8801777.6,8857809.62,9018843.22,9020615.75,8832147.67,8970705.15,9639838.97,9566867.67,9291387.14,8665034.86,7836184.13,7154444.7
2017-11-03,6698888.74,6457353.99,6298237.22,6270798.78,6500054.26,7012001.2,7179891.69,7590531.97,8092993.15,8439250.92,8765327.43,9021222.36,8830532.86,8876748.82,9066650.11,9015923.56,8860769.66,8941234.9,9539388.54,9398090.3,9007896.42,8395948.61,7781329.81,7226228.91
2017-11-04,6789052.35,6496427.38,6239277.79,6185983.02,6295110.75,6494997.71,6640822.48,7180732.19,7679599.28,8029816.85,8315725.21,8478953.07,8411257.45,8251059.53,8104248.92,8001713.32,7894300.24,8171400.55,9002101.81,8958680.85,8645303.94,8119295.72,7439089.59,6872297.06
2017-11-05,6477112.96,6200888.9,5980211.98,5862566.91,5851699.99,5744660.19,5654633.16,6002336.02,6364196.96,6708636.0,6929375.15,7144589.63,7204215.7,7123238.32,6959234.23,6798114.7,6771000.21,7051603.0,8031453.46,8040313.32,7876269.86,7524444.74,6999010.52,6531958.55
2017-11-06,5997703.21,5793364.31,5686666.69,5612013.76,5650976.01,5722272.13,5612553.57,5956497.06,6422401.28,6849911.89,7200764.38,7464063.2,7510870.5,7397809.27,7211803.33,7074758.95,7016362.35,7364467.24,8442222.94,8564299.45,8323686.41,7867578.7,7245445.89,6637554.79
2017-11-07,6332486.62,6111106.59,5984939.14,5960601.96,6231520.14,6826626.11,7002118.76,7446542.4,7976922.92,8311052.69,8667171.48,8940415.15,8751911.08,8789965.14,8854361.55,8815933.8,8637680.35,8900492.19,9512459.99,9437070.97,9162077.34,8580282.73,7743280.32,7063493.27
2017-11-08,6587795.82,6387062.15,6214631.65,6178779.0,6434010.72,7054353.86,7199652.2,7611399.19,8060356.98,8295543.27,8605747.61,8881918.92,8688820.26,8725014.53,8915737.08,8907011.13,8714075.59,8887846.15,9595371.31,9538610.41,9158272.32,8517990.45,7703794.01,7038335.5
2017-11-09,6589105.83,6354807.37,6220890.86,6218353.06,6427377.99,7049977.57,7257919.3,7625781.35,8082014.77,8346959.6,8685585.25,8877155.08,8647054.09,8626248.83,8836629.57,8868676.4,8752360.96,8836190.03,9553033.39,9478042.05,9144079.18,8553734.87,7748340.48,7079557.67
2017-11-10,6552720.4,6350836.95,6245446.67,6236946.17,6476450.61,7081153.28,7292544.49,7752513.59,8165668.45,8402602.3,8726023.08,8930453.51,8705674.12,8721382.94,8871317.99,8886547.34,8736284.53,8764337.84,9527065.01,9395301.19,9046534.37,8473118.94,7775770.91,7156691.86
2017-11-11,6655248.55,6374374.4,6264617.38,6207253.91,6284420.93,6488172.72,6634937.01,7182481.51,7713020.26,8080056.93,8370288.61,8478604.48,8426142.75,8240323.29,7991787.96,7943270.66,7835673.14,8095433.33,8929770.62,8884895.13,8640333.37,8137467.14,7520196.29,7013515.72
2017-11-12,6545481.17,6271219.2,6056336.11,5916840.61,5898819.5,5793388.75,5683007.38,6030790.86,6426527.83,6768099.91,7033060.67,7206905.84,7251017.38,7190671.71,7063803.6,7003401.02,6843513.4,7111452.01,8171442.46,8219924.26,8057116.12,7683162.8,7221484.18,6713061.8
2017-11-13,6368227.68,6114525.06,5957543.39,5872724.57,5885480.84,5937448.09,5873914.07,6217179.72,6615625.08,6955395.65,7262743.56,7508644.69,7569687.95,7530661.47,7395193.86,7256272.55,7179515.64,7611196.01,8596673.82,8666375.54,8454399.41,7974593.74,7389493.02,6823206.07
2017-11-14,6456524.84,6251323.32,6131842.12,6117453.12,6348234.03,6984122.91,7188243.33,7617395.15,8073738.98,8315469.36,8630221.66,8782500.71,8570936.7,8513480.15,8603060.86,8604188.96,8577117.25,8735509.86,9335469.88,9251395.95,8931194.42,8279033.34,7462586.77,6876881.21
2017-11-15,6432416.97,6154159.87,6041826.55,6046302.02,6304448.67,6946790.77,7085089.45,7456633.05,7885013.93,8141284.99,8433208.67,8743172.93,8525501.4,8470827.8,8608236.08,8683729.8,8577725.05,8719519.61,9375217.75,9335156.02,9027363.55,8471657.31,7742282.33,7027586.56
2017-11-16,6532613.41,6285356.67,6166993.81,6138336.47,6377353.44,6982542.74,7158664.85,7542211.36,7998094.21,8243017.88,8544452.79,8781167.68,8604383.01,8610848.15,8815782.24,8808285.03,8722225.55,8831814.68,9554430.95,9447913.14,9115512.44,8570963.41,7806960.21,7143691.56
2017-11-17,6710836.95,6442233.87,6281608.01,6246253.33,6476842.33,7040576.25,7250058.2,7650208.95,8118495.43,8415689.19,8753162.27,8887212.76,8676489.41,8607195.03,8747880.6,8737811.87,8579351.79,8713135.71,9432810.54,9313916.46,8904503.15,8369794.4,7613249.4,6940011.1
2017-11-18,6469658.94,6218642.68,6052257.6,5990475.19,6117591.34,6321626.57,6484908.72,7064428.41,7631572.26,7951414.12,8231478.44,8424173.41,8309108.08,8124970.28,7935539.87,7836146.5,7829109.64,8053523.2,8895219.39,8840632.65,8505779.43,7964422.72,7305021.07,6759269.06
2017-11-19,6309541.45,6032817.42,5822192.07,5709373.94,5727446.22,5711244.96,5635898.24,5979322.86,6413561.13,6700550.51,6906693.85,7108636.16,7248373.65,7159726.62,7005651.74,6894049.59,6837157.78,7202549.79,8159621.78,8255640.89,8019474.94,7658412.95,7083290.09,6534821.44
2017-11-20,6134233.25,5924088.3,5830786.13,5825910.13,6106066.77,6654016.11,6928345.99,7369454.09,7906410.03,8257821.03,8622937.46,8894835.84,8664930.01,8642726.94,8775380.61,8766846.24,8688274.07,8840840.88,9490803.94,9408411.1,9103859.06,8569079.31,7745596.34,7082731.33
2017-11-21,6603474.86,6339004.08,6200955.17,6175666.94,6396017.37,6956124.92,7155515.16,7603439.73,8090317.09,8387630.37,8727313.21,8924619.49,8749994.65,8788499.75,8983415.33,8978096.51,8804363.27,8869621.46,9612843.34,9542297.1,9208526.82,8577196.38,7798995.74,7104849.51
2017-11-22,6628431.42,6412284.46,6271433.16,6234949.27,6468831.68,6987500.38,7215851.91,7665502.62,8162715.42,8447324.01,8736779.53,8992478.2,8775810.13,8768346.07,8926196.01,8955637.47,8836764.51,8850416.1,9665374.26,9616834.76,9257064.94,8671199.52,7866644.96,7198423.66
2017-11-23,6710601.49,6480144.64,6340708.84,6302218.67,6520117.25,7020662.82,7250105.69,7701890.58,8206940.72,8470832.61,8816138.6,9046546.17,8855889.58,8849600.24,8985265.23,9044576.25,8896487.14,8997597.69,9696666.27,9616533.42,9284874.78,8692067.99,7887790.33,7150739.28
2017-11-24,6710880.89,6475855.85,6323715.21,6288022.46,6516774.51,6947478.19,7154348.25,7679143.28,8162084.84,8476836.87,8803464.12,9040487.5,8818745.6,8800995.51,8892964.13,8899961.74,8757157.22,8827632.85,9576549.32,9380658.83,9056619.31,8548441.82,7843577.79,7285055.78
2017-11-25,6759472.68,6502971.47,6325120.27,6248570.85,6345446.92,6530022.27,6644293.98,7149815.99,7727033.44,8091179.94,8406777.58,8586326.05,8485376.81,8262380.27,8136184.65,8008710.64,7894690.68,8065974.57,9033122.68,8984219.61,8715266.08,8203692.99,7586164.85,7002308.03
2017-11-26,6589645.85,6290730.83,6117066.23,6010653.7,5991091.55,5816091.46,5728408.08,6077546.4,6499359.87,6765867.83,7056448.77,7217121.74,7309272.83,7247608.59,7114102.57,7056963.93,6925852.68,7224661.03,8297600.36,8456576.87,8312598.72,7989230.1,7524255.6,6936778.45
2017-11-27,6527816.1,6228724.37,6162985.74,6157083.39,6356886.82,6839422.82,7118265.24,7731653.44,8279976.34,8610871.34,8928709.49,9188871.74,9006470.3,9016165.33,9091301.92,9050505.82,8910292.15,8981898.69,9639048.74,9602181.01,9337947.5,8822313.96,8040695.99,7329556.57
2017-11-28,6842143.9,6577261.51,6439853.33,6360815.73,6580672.54,7005249.67,7252058.4,7755890.18,8290863.63,8593572.4,8874671.07,9093040.07,8879351.99,8943651.25,9168032.02,9175057.03,9009747.77,9018072.81,9789000.43,9742937.21,9412229.79,8868738.56,8108544.14,7379005.12
2017-11-29,6906659.0,6621736.73,6466136.1,6432557.66,6632244.45,6975919.18,7255922.68,7801735.22,8360642.9,8638935.57,8931501.56,9194876.72,9075309.17,9091059.77,9228559.91,9188662.36,9055688.05,9124170.28,9803227.73,9699442.79,9389150.04,8844438.63,8053131.02,7410701.39
2017-11-30,6890403.16,6608068.41,6439363.21,6373241.63,6561538.35,6961368.38,7246201.0,7814772.86,8345826.39,8622724.87,8957188.71,9209235.06,9053015.1,9045659.73,9227289.06,9221390.61,9064377.02,9114735.11,9734309.43,9723371.93,9414391.12,8860736.69,8116230.94,7400036.11
2017-12-01,6861673.49,6623662.98,6466942.02,6394459.35,6571561.13,6895630.54,7174661.06,7727636.54,8282214.01,8573437.66,8734286.75,8991815.56,8820182.82,8756789.67,8944347.76,8906697.53,8786174.68,8854219.81,9462217.65,9346639.2,9052162.34,8502674.24,7848077.03,7289119.23
2017-12-02,6808439.53,6630780.68,6394387.24,6299582.29,6393431.51,6528463.65,6704793.3,7225205.05,7764666.41,8093214.34,8361378.74,8580568.4,8448224.99,8285517.32,8138534.08,8017153.28,7924203.65,8121974.08,9024038.98,9001275.8,8742936.13,8239170.45,7627952.01,7040559.86
2017-12-03,6554845.77,6237348.32,6089991.18,5997439.72,5959849.63,5924063.58,5776104.93,6114388.78,6493504.11,6837712.05,7118185.02,7286467.72,7355882.45,7316995.31,7220395.56,7165607.6,7046345.76,7279974.98,8400947.96,8491137.75,8318190.79,7995443.67,7466254.42,6902750.7
2017-12-04,6481326.96,6260165.51,6114728.57,6068657.87,6270360.1,6710970.71,6973302.95,7524617.0,8158305.42,8444590.37,8697499.61,8924199.75,8791014.91,8821992.7,8966460.81,8956480.5,8878835.2,8923920.88,9641503.99,9624041.11,9337389.09,8787953.22,8037583.46,7322672.68
2017-12-05,6827251.04,6560709.19,6418897.95,6369014.26,6565066.29,6940830.08,7182191.82,7717172.44,8220942.68,8546689.04,8858635.17,9083062.92,8965111.94,8972793.14,9166726.35,9179523.51,9000692.23,8935432.23,9711233.4,9668707.39,9425449.87,8881240.46,8116345.99,7383856.21
2017-12-06,6882173.0,6567640.58,6426464.01,6335836.54,6517988.96,6889124.59,7103731.21,7654888.78,8228318.81,8561586.47,8873057.77,9099124.12,9005457.77,9036904.45,9209931.46,9207123.95,9020892.7,8990118.85,9768836.07,9739344.49,9462450.2,8929936.12,8160733.87,7427520.39
2017-12-07,6909106.03,6652313.37,6482077.82,6422491.57,6596494.25,6981336.07,7213685.8,7800550.61,8336145.03,8646640.67,8940799.58,9152659.3,8987238.57,8994861.67,9109190.23,9073821.18,8892889.81,8764612.7,9514231.12,9276191.76,8862068.45,8411438.26,7824250.61,7313851.07
2017-12-08,6897332.69,6599112.82,6426164.8,6288575.54,6302834.68,6322443.38,6147910.32,6484909.61,6898474.03,7241181.29,7518756.86,7757422.17,7771080.29,7667808.64,7513117.31,7376577.52,7280227.42,7532444.61,8469042.6,8544421.08,8315073.19,7934914.26,7420361.49,6920691.81
2017-12-09,6522725.81,6274491.7,6088753.3,6002256.15,6062091.95,6211221.31,6346911.33,6868749.66,7452360.27,7839348.11,8126054.95,8343043.44,8308490.02,8139428.73,8016524.22,7928885.59,7792262.76,7962124.74,8879414.52,8889701.25,8678543.62,8206993.34,7615576.27,7069386.65
2017-12-10,6619270.36,6340411.68,6121982.98,6000083.67,5960063.79,5956562.48,5799377.65,6113254.27,6550009.62,6863784.71,7111312.26,7318296.54,7374069.97,7319754.2,7160491.13,7056971.56,6944655.01,7198679.37,8340002.74,8488233.11,8342751.83,7968095.04,7411737.24,6858662.61
2017-12-11,6436023.27,6216035.49,6067022.91,6042320.83,6217748.4,6570776.07,6834101.13,7439586.74,8023838.4,8371378.52,8698689.29,8910658.36,8786322.9,8772211.75,8885617.65,8861694.19,8740066.84,8762467.26,9554297.08,9544310.64,9261259.2,8708199.42,7903348.91,7222746.61
2017-12-12,6709455.8,6444743.39,6293440.76,6256832.88,6407283.44,6740794.77,6974334.7,7561491.24,8097834.52,8393887.04,8686094.0,8900400.55,8775729.74,8752604.7,8922068.83,8872909.58,8757142.68,8799332.0,9615905.78,9572036.35,9274954.6,8712307.32,7891499.38,7119898.92
2017-12-13,6627599.89,6314820.86,6170572.32,6140414.36,6306485.84,6605750.93,6820150.58,7432357.65,7958247.13,8286862.58,8598154.5,8863922.42,8676960.76,8710172.58,8923531.77,8892957.42,8735236.55,8622584.0,9484744.36,9502313.19,9238969.92,8676977.37,7834027.5,7183695.23
2017-12-14,6632574.5,6443188.97,6276819.87,6247507.2,6392873.01,6674311.42,6904646.93,7499932.38,8076202.38,8376497.01,8731750.73,8929361.66,8879977.5,8858775.71,9020128.62,9003178.68,8863567.25,8629781.94,9491426.93,9571611.44,9336215.71,8769861.99,7971818.37,7295173.79
2017-12-15,6807914.17,6541631.15,6357258.66,6289655.02,6444561.37,6766636.64,6996158.63,7559599.55,8191043.65,8513590.54,8777747.24,9033071.52,8845483.65,8796707.68,8967962.89,8955397.02,8786378.48,8686421.91,9550373.56,9524840.7,9239434.29,8733794.91,8051807.02,7413891.67
2017-12-16,6921107.62,6614904.64,6419054.34,6316627.22,6418428.16,6526990.69,6574995.99,7089925.33,7673028.69,8028595.19,8284164.79,8410137.99,8334783.85,8166502.29,8009359.62,7921296.35,7757950.74,7858367.32,8878866.6,8935257.98,8724086.96,8294397.83,7734536.86,7163867.38
2017-12-17,6735092.88,6411804.37,6190076.4,6085951.94,5985233.6,5957723.37,5766771.84,6066269.78,6466613.8,6829079.95,6991738.76,7207293.84,7300739.33,7263418.18,7144549.38,7016597.49,6877588.22,7016292.05,8221411.09,8385137.62,8310679.08,8017508.09,7513363.68,6970059.84
2017-12-18,6466837.03,6183074.84,6070217.28,6043019.35,6183699.99,6443887.86,6646241.25,7284153.57,8145908.74,8577895.18,8755406.3,8942071.78,9027060.92,8966068.49,8966684.95,8984671.13,8837363.09,8656728.51,9527961.56,9509258.16,9267310.44,8846723.19,8313748.44,7420548.34
2017-12-19,6829551.54,6553525.84,6373180.53,6302516.02,6444651.08,6715163.22,6875248.41,7619633.41,8278033.96,8639650.54,8806617.3,9214464.37,9138966.54,9163905.72,9326168.85,9282435.78,9170327.44,8845042.52,9696630.32,9734511.79,9476514.58,8965690.36,8336985.51,7658436.15
2017-12-20,7004269.29,6610271.78,6449990.95,6479775.92,6510672.4,6918093.68,7016769.32,7548461.85,8324174.41,8696136.73,8843731.53,9027770.55,8889212.43,8916138.53,9056322.6,9020972.65,8828488.5,8635729.37,9491672.48,9492545.43,9211371.3,8806326.05,8089942.43,7456617.35
2017-12-21,6930298.22,6666537.84,6457414.73,6376598.14,6557385.71,6959642.55,7171344.88,7771584.8,8360682.87,8650727.55,8965012.81,9228663.65,9097609.39,9099948.21,9250336.49,9242849.49,9031054.8,8826979.67,9526876.38,9485940.4,9238451.12,8801529.36,8125921.46,7393278.14
2017-12-22,6874166.82,6580861.24,6370732.53,6332836.71,6461860.74,6755254.72,6887970.49,7467584.75,8131821.02,8541592.39,8883113.8,9131261.49,8969991.86,8967898.46,9084904.16,8778471.75,8606074.28,8467182.17,9299276.38,9418030.3,9094172.69,8706470.05,8072548.31,7469182.15
2017-12-23,6934731.16,6620004.14,6430879.55,6348487.51,6396378.41,6507863.87,6478571.3,6996812.66,7528035.67,7849630.57,8112634.69,8222623.26,8144956.05,8002378.8,7861113.28,7736510.78,7587287.4,7615621.9,8679503.97,8801833.21,8588437.51,8292805.08,7791497.46,7246331.46
2017-12-24,6684207.99,6349375.92,6123284.56,5962540.32,5956011.26,5936753.4,5704153.64,5997027.94,6387387.93,6722694.45,6912614.38,7057835.37,7075550.69,7023041.8,6983251.8,6936231.99,6860140.65,7018661.65,8132092.42,8173916.4,7792814.14,7317541.61,6880434.67,6507869.46
2017-12-25,6241401.57,6077309.18,5886676.27,5716870.1,5609174.09,5537737.52,5169826.43,5245394.9,5480623.54,5778243.33,6061301.1,6304335.63,6452823.23,6429087.25,6300402.71,6217654.65,6188110.96,6374467.0,7383919.7,7579495.18,7420919.15,7141365.65,6689400.16,6300548.72
2017-12-26,5947833.24,5761413.95,5629892.6,5603615.97,5717032.96,5984000.93,6197070.28,6756862.09,7550747.23,7840673.86,8188902.47,8471414.85,8433831.12,8435189.63,8502509.81,8445340.2,8295126.98,8274089.25,9054838.42,9108245.54,8807087.95,8335442.34,7531432.77,6916367.26
2017-12-27,6425185.39,6203738.3,6043760.51,5983051.71,6103591.8,6374555.31,6487574.64,7009267.64,7588424.52,7903725.86,8263588.23,8505714.5,8404983.63,8329348.0,8470506.17,8460085.45,8315618.5,8232379.71,9089548.03,9173351.18,8870233.93,8416038.03,7705024.62,7102396.39
2017-12-28,6594265.41,6239944.62,6059681.22,6077054.62,6214559.06,6409787.38,6542241.61,7082071.45,7571224.93,7880251.06,8174549.21,8396278.77,8349464.26,8359865.76,8439980.91,8408213.2,8276988.54,8200386.54,9048772.51,9132295.25,8879304.77,8359676.6,7693790.26,7035478.17
2017-12-29,6595542.01,6314204.65,6115639.98,6072647.66,6138376.96,6381677.21,6444688.63,6911801.48,7456974.67,7802774.02,8120544.97,8352920.33,8260158.89,8211276.21,8193038.09,8113008.48,7920011.74,7940657.92,8819634.99,8910919.09,8617748.29,8149960.6,7532795.36,6971063.51
2017-12-30,6487675.6,6195533.84,6028566.96,5945143.74,5983641.1,6079080.59,6064278.59,6401824.14,6807710.7,7244837.92,7453720.74,7607985.79,7624674.76,7534431.42,7428499.16,7292418.0,7155216.04,7234859.98,8162894.93,8296400.22,8114735.28,7751141.73,7258556.11,6673989.27
2017-12-31,6212999.31,5946994.12,5753933.18,5645715.65,5560349.5,5607492.64,5490823.3,5678619.39,6019990.43,6297141.14,6560734.49,6696776.53,6771512.01,6775245.8,6679585.41,6608361.0,6548356.44,6728432.8,7808240.81,7917034.29,7603883.24,7141148.14,6717404.15,6434702.87
2018-01-01,6136422.53,5931003.06,5753282.88,5575229.61,5459532.11,5331838.62,4943097.35,4943553.61,5139821.18,5352716.96,5602474.29,5767825.03,5877948.57,5866747.17,5740159.22,5676618.39,5660192.42,5878661.83,6811302.12,7022498.01,6881848.21,6584633.29,6125810.87,5771795.62
2018-01-02,5456007.19,5290831.0,5176637.57,5166988.74,5258020.01,5475671.17,5552677.87,6026561.62,6561801.16,6893949.62,7245597.07,7505760.85,7538300.96,7527055.83,7591566.57,7575970.41,7484836.18,7453440.23,8298610.79,8447500.92,8196582.21,7782795.51,7129159.81,6600155.81
2018-01-03,6151673.79,5893813.87,5767221.0,5687446.05,5791708.02,6020619.33,6100532.98,6516074.11,7036604.61,7415935.17,7751807.59,7943287.67,7912197.04,7949363.43,8043511.51,7987864.02,7865435.66,7816590.41,8643163.73,8759192.82,8511300.15,8038138.29,7377538.21,6758870.19
2018-01-04,6333098.99,6095552.58,5927938.9,5872083.89,5980670.44,6221401.63,6279672.73,6763013.21,7324493.42,7577851.56,7942034.44,8159950.58,8165792.75,8161081.22,8262027.12,8243841.67,8060055.47,7945146.47,8789607.96,8922113.24,8650163.06,8185909.59,7368637.3,6880138.25
2018-01-05,6443607.73,6172212.39,6024510.75,5961468.64,6059901.74,6309999.74,6408433.64,6866329.03,7388800.58,7718724.91,8057981.25,8331071.6,8266306.3,8275071.86,8368288.32,8336662.41,8204788.69,8055568.35,8852974.3,9015256.66,8746847.09,8256542.3,7615441.53,7057958.29
2018-01-06,6617245.35,6347779.76,6170524.94,6062047.02,6115517.59,6229666.02,6210618.28,6598293.75,7059000.74,7414476.89,7742253.11,7912180.15,7862769.47,7722076.36,7634566.88,7528810.93,7375633.78,7363446.31,8352671.65,8517098.79,8275244.5,7831699.09,7293108.83,6816656.86
2018-01-07,6404053.64,6111676.85,5923782.73,5803271.93,5777833.7,5762095.12,5545667.5,5786597.14,6126314.36,6432879.53,6699068.42,6882881.38,6914974.66,6885058.53,6763097.87,6678120.0,6576708.96,6648205.73,7659956.4,7925308.61,7766828.71,7454027.66,7026897.39,6488979.97
2018-01-08,6169962.08,5927142.96,5747710.14,5658280.59,5638107.07,5722296.38,5539006.76,5749915.77,6184760.39,6552648.7,6841481.95,7115383.66,7246821.57,7184953.47,7100475.1,7026442.32,6904264.97,6988518.03,8019370.09,8350842.44,8170486.91,7759234.88,7242284.78,6744263.94
2018-01-09,6347857.33,6122215.89,5971984.54,5908485.51,6066207.02,6362747.58,6545589.04,7026713.82,7576454.01,7917940.68,8203937.58,8390807.23,8299422.52,8294846.67,8443689.73,8429224.82,8316025.96,8232397.54,8898317.54,8973028.92,8689467.8,8203408.42,7530018.9,6892449.69
2018-01-10,6399917.02,6180472.94,6018875.61,5965092.44,6129324.81,6418991.16,6588736.26,7063687.5,7628202.4,7931373.65,8188439.34,8501509.21,8372060.48,8388348.67,8563417.01,8546188.58,8422966.62,8214429.94,8925593.43,9151854.86,8871654.32,8381202.72,7697177.32,7087653.49
2018-01-11,6585597.44,6321699.37,6183327.73,6153130.42,6280435.92,6632146.35,6807556.41,7309685.21,7889193.05,8229065.78,8513331.84,8778256.17,8665346.73,8670520.42,8788816.68,8761311.18,8605168.23,8338932.64,9088236.26,9256978.96,8987665.89,8504745.23,7832909.05,7119430.7
2018-01-12,6653711.88,6373497.2,6230782.32,6213957.61,6351209.63,6694603.17,6896926.94,7415347.68,7989862.1,8291488.82,8597194.58,8801051.41,8679323.31,8653173.84,8754655.37,8662257.26,8482376.28,8350874.03,9072592.4,9179318.57,8885134.38,8441450.43,7837931.42,7152344.65
2018-01-13,6658539.73,6428925.23,6250603.73,6165940.16,6252469.19,6390207.46,6445800.6,6882389.94,7442135.65,7821373.73,8133705.34,8323139.31,8248795.12,8077562.4,7928958.79,7795087.58,7669290.99,7691111.34,8594901.66,8724493.6,8465776.03,8050940.77,7414000.92,6940037.96
2018-01-14,6529660.99,6253041.61,6045850.29,5949179.92,5931625.71,5951020.55,5768143.84,6003700.71,6393955.91,6698926.99,6956928.64,7135014.58,7222552.54,7199550.56,7083035.16,6906191.29,6833917.66,6930501.69,7834392.97,8156896.18,8053074.25,7739459.28,7274744.15,6704983.33
2018-01-15,6325631.0,6132214.0,5985468.74,5958595.72,6153081.03,6543397.58,6820309.52,7301510.43,7903265.84,8257637.17,8521953.97,8762025.43,8662712.0,8647815.73,8805457.9,8766331.05,8589180.1,8386214.63,9097243.4,9269862.71,9008706.06,8509866.64,7825898.67,7180161.41
2018-01-16,6596183.5,6370507.1,6264606.43,6204904.01,6369217.76,6795276.6,7028844.58,7435019.32,7973057.07,8299420.32,8547968.29,8828693.07,8648494.17,8632371.4,8776601.53,8740746.18,8627011.2,8399379.45,9092239.97,9324116.57,9025988.36,8525848.58,7800261.52,7106336.38
2018-01-17,6634410.07,6427195.25,6279777.61,6228857.09,6407902.85,6849000.22,7131929.62,7529692.78,8028295.34,8297391.68,8574460.76,8808156.23,8633096.83,8625201.15,8791778.19,8778299.17,8585481.53,8314847.74,9090922.1,9260490.61,8966722.12,8419085.03,7737790.91,7086852.65
2018-01-18,6646817.82,6419293.28,6266980.58,6205147.33,6361451.72,6782816.16,7051410.59,7475850.33,7965092.19,8238858.82,8502807.87,8735336.36,8625572.69,8599313.88,8751247.51,8712077.35,8578789.55,8358600.41,9077182.87,9268286.66,8980408.56,8420039.73,7702892.4,7035146.89
2018-01-19,6613441.57,6411880.33,6273816.6,6246538.29,6396454.36,6836834.56,7095907.34,7520536.58,8027741.7,8356517.27,8682822.21,8920554.14,8734180.44,8719491.74,8862999.32,8837214.86,8707959.22,8439511.18,9139631.36,9326959.84,9046335.69,8567783.9,7949578.1,7282961.75
2018-01-20,6816069.93,6518410.27,6351077.72,6274924.87,6333263.13,6502874.55,6577854.13,7048499.91,7652118.51,8041244.09,8362322.21,8541282.21,8466780.21,8280109.21,8080263.39,7945902.13,7804063.59,7751311.97,8615549.8,8977345.55,8711434.56,8194742.85,7613012.85,7063300.22
2018-01-21,6615962.8,6339204.56,6142317.93,6000746.83,5959858.79,5980739.23,5769248.15,6022947.99,6350011.81,6687315.1,6965260.25,7204983.24,7278194.03,7269065.9,7162170.68,7069024.05,6944058.8,6940568.54,7947174.75,8398820.84,8295581.64,7956142.26,7432175.62,6888128.65
2018-01-22,6521408.47,6275907.54,6120115.86,6104481.47,6290707.22,6784428.55,6987580.49,7421569.14,7997183.48,8353485.53,8730434.29,8990575.55,8803476.44,8839565.64,9017217.6,8977877.12,8797994.03,8541541.97,9221403.7,9490861.58,9240291.85,8726381.53,7976363.71,7275779.51
2018-01-23,6787096.5,6549885.75,6401074.62,6345317.44,6512092.76,7039691.68,7216608.62,7580528.06,8074761.41,8419571.62,8772407.32,9006150.01,8854525.89,8888067.11,9034457.02,9032279.21,8837112.35,8618433.23,9309136.79,9601263.81,9309584.07,8767481.21,7936837.16,7272891.61
2018-01-24,6729985.36,6506866.9,6340559.24,6300440.96,6493106.57,7010714.38,7178126.53,7534530.33,8058791.39,8408139.62,8760709.78,9000211.78,8792300.28,8812917.22,9018746.79,9009066.21,8846471.38,8530761.48,9188904.0,9506804.7,9238971.85,8733060.88,7989663.18,7288987.14
2018-01-25,6742671.31,6477986.26,6333510.66,6268442.81,6502104.85,7071569.55,7225953.34,7603681.18,8162119.22,8415406.55,8826878.39,9051005.27,8921927.51,8977453.25,9179940.12,9166151.63,8990859.25,8677953.11,9345398.31,9627527.43,9342406.6,8797528.37,8065124.35,7313940.46
2018-01-26,6853171.25,6614065.36,6466108.99,6417877.87,6587420.47,7088168.85,7277054.53,7699247.29,8205542.65,8483119.85,8860014.84,9114544.28,8904257.71,8943666.47,9086233.51,9096011.06,8911715.61,8591213.78,9171321.2,9498122.89,9184866.13,8697072.32,8079001.82,7414772.17
2018-01-27,6959221.34,6646880.32,6477723.76,6399623.99,6456844.16,6682777.03,6780098.26,7229880.58,7801398.9,8143588.09,8458007.5,8647111.85,8553163.07,8394386.12,8230604.77,8121349.71,7960370.79,7882871.0,8725097.79,9100921.23,8853505.17,8385700.94,7763013.54,7136852.21
2018-01-28,6713393.07,6434780.99,6199203.35,6085980.0,6045817.11,6036473.87,5832233.91,6095185.62,6482964.44,6812084.16,7050666.72,7270245.3,7371935.49,7295746.77,7172096.36,7116356.01,6995039.48,6986260.15,7920108.62,8446207.72,8347512.99,8026023.35,7445175.85,6881060.95
2018-01-29,6484916.99,6258164.51,6144263.31,6146310.51,6374670.66,6990905.11,7213944.94,7587493.62,8147117.97,8532763.21,8897363.41,9115633.72,8896280.13,8962772.54,9162440.26,9187937.23,8983619.09,8652624.86,9259048.7,9599064.16,9356636.75,8840171.52,8061979.77,7320070.65
2018-01-30,6855854.89,6611749.32,6461417.42,6413556.38,6634458.15,7233577.17,7388113.55,7749529.12,8276045.89,8606851.22,8920431.0,9147568.36,8925496.49,8889139.07,9135649.67,9185610.56,8996442.92,8696312.5,9257445.87,9660294.24,9355633.45,8866768.65,8113050.75,7398674.04
2018-01-31,6897159.95,6611860.54,6450140.96,6405129.14,6641736.6,7231904.57,7383241.6,7718824.14,8253422.7,8586530.25,8906328.18,9120858.13,8959327.62,9005917.91,9194230.19,9184269.81,9010285.04,8659990.58,9309285.23,9654018.11,9437254.56,8955585.6,8188364.01,7399253.75
2018-02-01,6859881.36,6615094.55,6476945.01,6431662.23,6640056.71,7263133.09,7384701.37,7701813.24,8179652.07,8429079.92,8770588.96,9045186.08,8855771.93,8926425.49,9113564.62,9162251.93,8974149.6,8645344.48,9306838.59,9609655.78,9287657.09,8773434.14,8064057.72,7325975.96
2018-02-02,6813823.46,6563725.98,6410864.6,6358376.63,6583986.03,7200217.13,7367797.88,7705294.2,8195418.29,8513082.96,8875473.24,9077480.93,8876421.96,8912395.76,9114517.61,9066479.04,8866033.13,8551848.04,9174189.95,9413336.28,9094023.47,8614240.97,7991336.08,7339364.95
2018-02-03,6865851.72,6604025.06,6429308.52,6372157.76,6448908.36,6653695.87,6737870.45,7200804.6,7770741.76,8098630.64,8381080.7,8538193.39,8395478.96,8248861.9,8107364.65,7982645.05,7831221.2,7788466.05,8639300.01,8948801.54,8715660.88,8212381.34,7611186.36,7047891.7
2018-02-04,6599830.23,6318968.61,6136431.44,5964782.29,5937962.78,5949978.98,5780856.12,6017212.84,6426015.29,6750353.38,7028237.47,7221000.94,7278747.56,7246027.89,7148775.11,7050791.5,6904984.37,6957630.67,7888104.18,8417398.68,8290627.26,7983425.85,7420263.88,6801286.83
2018-02-05,6397268.3,6151984.77,6000362.23,5980166.31,6239624.18,6918598.21,7102450.9,7418395.94,7950977.66,8277306.65,8626318.2,8818216.72,8587390.3,8649008.53,8830119.97,8783014.45,8689905.46,8403480.67,9016358.58,9349670.82,9119320.93,8648542.97,7859733.48,7086335.52
2018-02-06,6646004.17,6406905.1,6267762.66,6240062.78,6491370.33,7204991.82,7332338.19,7616361.91,8032012.66,8286358.13,8646119.52,8869736.36,8675889.68,8763629.64,8989708.25,8985206.64,8809899.21,8515877.56,9146370.51,9530117.0,9249253.16,8740376.0,7908942.9,7204202.85
2018-02-07,6744930.66,6475850.4,6306323.93,6264319.76,6524462.84,7213426.42,7399464.92,7683427.56,8121988.79,8382234.26,8697883.78,8904667.15,8690210.74,8762136.19,9007935.63,9031469.53,8884089.96,8586102.42,9176212.58,9604167.05,9359699.95,8816504.51,7985083.25,7219692.4
2018-02-08,6699980.95,6449964.04,6339766.7,6292681.59,6560406.63,7293613.63,7474527.68,7727165.38,8156042.46,8458704.62,8643830.3,9006493.53,8820817.65,8909139.97,9120735.31,9150358.02,8989603.6,8698554.66,9270267.13,9645357.58,9367698.47,8816100.31,8033254.54,7276735.76
2018-02-09,6813465.06,6545396.3,6400714.51,6365222.76,6598718.59,7293427.26,7403779.43,7695154.55,8152653.94,8446907.15,8797960.19,9039413.4,8844280.18,8913247.16,9138956.19,9117350.78,8932803.73,8578189.59,9093049.18,9561091.96,9213156.14,8700655.08,7998833.35,7331603.15
2018-02-10,6798073.33,6550758.92,6368572.55,6313723.82,6396810.68,6594844.89,6721894.98,7168821.37,7712571.7,8056133.86,8378922.24,8623204.71,8545573.16,8393777.65,8233234.15,8100759.11,7903382.49,7786367.29,8599651.03,9043109.23,8780630.77,8279222.85,7638234.0,7015575.03
2018-02-11,6606594.43,6315343.97,6129789.43,6045529.61,5985675.86,6003154.9,5851110.34,6122339.9,6501046.67,6814670.32,7088558.08,7354083.63,7438586.71,7386101.21,7249039.45,7159761.68,7048202.72,7063586.71,7971653.94,8486757.7,8310808.32,7936739.72,7310936.39,6753503.65
2018-02-12,6345326.91,6190787.58,6084195.6,6070602.95,6300716.6,7018102.2,7115754.53,7417151.38,7919200.82,8187730.77,8507721.95,8720702.62,8574699.14,8650899.69,8834640.2,8792927.91,8671403.09,8414396.3,9008507.82,9368951.02,9096683.87,8549133.09,7780446.75,7121456.49
2018-02-13,6632476.38,6397513.71,6250516.19,6218944.15,6475034.01,7230587.22,7341411.85,7588203.32,8019110.83,8215617.59,8509375.98,8713640.41,8546375.93,8567763.46,8775817.34,8772272.76,8626683.25,8354398.3,9013004.74,9363086.78,9028291.27,8494791.19,7690237.27,6945106.19
2018-02-14,6445579.88,6252778.18,6154300.1,6147118.13,6410999.58,7177316.1,7335346.51,7599945.43,8057066.55,8327720.34,8653085.9,8858555.88,8646899.08,8689779.47,8908641.52,8929262.82,8864766.71,8597742.25,9152946.48,9431259.23,9161330.06,8615061.94,7815036.16,7088266.5
2018-02-15,6639735.94,6406446.56,6244161.2,6206794.74,6479581.09,7182926.82,7312644.91,7584985.59,8002133.78,8254416.98,8583060.97,8796274.61,8607790.5,8646497.54,8854369.64,8945024.95,8821327.52,8537125.94,9159167.06,9438001.39,9171983.09,8655646.88,7895080.07,7159248.42
2018-02-16,6647526.87,6439596.18,6277431.83,6228002.8,6488755.65,7215600.82,7367612.78,7644011.81,8097489.87,8376052.71,8707883.41,8944446.28,8758618.68,8874892.23,9121942.33,9092278.28,8949785.65,8664540.36,9231636.39,9540885.28,9183931.06,8727099.53,8049562.26,7366116.41
2018-02-17,6916684.11,6637783.0,6471853.42,6385888.31,6444148.2,6695822.57,6860043.46,7231786.44,7749015.63,8130440.27,8421218.44,8597694.62,8469585.22,8290836.66,8145208.68,8022410.34,7898734.6,7868664.06,8676074.47,9012647.62,8746858.84,8271095.62,7637428.7,7094622.89
2018-02-18,6628076.83,6353202.33,6161491.19,6028130.38,6015930.56,6023744.2,5849041.15,5997896.43,6375300.16,6693959.47,6975241.7,7158571.2,7248744.72,7209683.82,7101447.1,7006120.34,6938044.54,7014293.43,7966443.76,8472257.11,8362089.61,7989877.6,7363469.67,6781452.68
2018-02-19,6348052.46,6169324.73,6038086.75,6003653.68,6300217.66,7003314.79,7152316.64,7453589.37,7941777.06,8258756.19,8601065.65,8834158.71,8661165.06,8736498.57,8906693.43,8875432.84,8752695.91,8496355.09,9081336.07,9447571.03,9186640.96,8696614.99,7851784.08,7132849.19
2018-02-20,6644114.66,6440301.18,6272433.33,6249203.77,6526389.52,7256216.45,7341333.96,7628768.35,8067346.41,8333708.64,8675349.49,8942671.07,8709536.43,8714110.95,8910925.88,8943017.0,8865042.39,8552169.05,9172059.34,9512640.3,9232454.31,8648179.5,7868702.98,7137747.16
2018-02-21,6695599.68,6473111.19,6330482.38,6298413.97,6526149.78,7150299.87,7321107.64,7656995.98,8125596.9,8407787.1,8736903.51,8965700.62,8775934.94,8816574.4,9015027.1,9047072.55,8845950.57,8513311.78,9137536.23,9571181.87,9272265.36,8721668.2,7913929.12,7155894.51
2018-02-22,6727418.42,6454917.09,6293797.19,6245297.15,6513028.11,7230066.77,7378999.46,7655008.92,8082106.53,8311170.28,8614694.38,8817270.25,8598498.29,8649754.03,8868319.23,8894015.1,8777891.77,8488722.13,9090773.58,9454333.62,9145270.03,8616071.74,7814379.29,7105176.13
2018-02-23,6639631.94,6340199.71,6240119.04,6200065.62,6449245.88,7122561.43,7257682.76,7555463.78,8016167.74,8311064.56,8643334.94,8827113.67,8624080.93,8678694.95,8913793.99,8913761.57,8763237.42,8461340.41,9051155.45,9351507.99,9092982.29,8586795.61,7827975.03,7169547.06
2018-02-24,6709125.33,6412324.26,6262128.86,6184696.54,6288631.55,6473871.14,6614322.74,7036153.43,7584670.96,7974418.12,8308168.17,8457957.57,8373249.22,8193017.99,8050503.05,7956456.76,7767707.84,7701450.84,8443011.38,8790068.68,8587668.08,8065808.14,7459574.55,6920801.36
2018-02-25,6498173.5,6214039.64,6016368.62,5898858.96,5888072.39,5921642.58,5739516.28,6006172.72,6373982.83,6700181.62,6962973.73,7214602.02,7301924.72,7291248.91,7163661.06,7082499.56,6942193.82,6933649.03,7807621.09,8326367.99,8215602.47,7810164.99,7176322.13,6586190.94
2018-02-26,6195411.3,5993715.47,5864412.38,5815943.02,6126847.5,6899310.14,7073642.12,7391949.91,7888700.85,8224292.79,8592458.8,8829593.61,8682306.15,8731461.86,8953106.42,8933750.46,8817100.83,8493037.88,9063240.81,9498570.39,9213873.96,8597940.94,7826290.79,7112217.78
2018-02-27,6600815.41,6361266.27,6216086.91,6196808.56,6483902.66,7221172.18,7322867.6,7574104.58,7973398.47,8345807.44,8660268.81,8921447.49,8732617.71,8745495.09,8996357.41,8986678.02,8802725.42,8496586.17,9085540.97,9475890.94,9121470.8,8492524.43,7732776.39,6940797.09
2018-02-28,6468607.4,6261629.72,6152501.9,6148170.64,6423825.21,7171055.49,7292550.5,7556664.07,7990057.37,8243733.08,8575612.69,8784443.38,8576683.42,8661400.04,8827999.53,8849834.12,8708888.09,8427230.1,9012056.86,9404514.18,9142198.31,8630187.84,7832740.47,7088231.77
2018-03-01,6604670.12,6377165.58,6252819.54,6226392.08,6481142.39,7193996.98,7246258.88,7496251.79,7919988.56,8200482.57,8587615.68,8796422.17,8622556.1,8745596.13,8970797.08,8962423.22,8812365.73,8535080.63,9090945.6,9470884.21,9208528.48,8685262.64,7933234.65,7132832.58
2018-03-02,6675739.63,6434100.38,6292888.32,6250393.5,6524353.04,7206074.97,7348345.92,7653318.81,8050554.91,8340125.56,8687937.79,8878518.39,8681790.24,8732755.66,8908526.77,8906075.67,8739841.57,8513095.11,9087461.05,9399366.41,9122371.93,8607147.77,7909017.58,7278524.37
2018-03-03,6775532.19,6517973.94,6353253.78,6292554.1,6365360.1,6555920.26,6700568.89,7138463.99,7706708.71,8080094.57,8386971.98,8563577.7,8467126.61,8298017.22,8127936.11,8028508.58,7866485.59,7812511.84,8592870.27,8953554.5,8699967.93,8165176.61,7577406.34,7031185.63
2018-03-04,6534242.1,6258485.34,6055165.5,5951859.51,5926349.44,5957449.4,5796615.74,6056741.27,6423929.8,6726771.01,6964411.98,7186763.04,7301012.78,7199434.17,7104572.78,7061496.06,6971798.87,6982235.33,7887069.21,8379300.41,8222615.77,7866133.28,7279570.94,6702725.23
2018-03-05,6279725.68,6058772.71,5914984.25,5917635.48,6180462.97,6950738.64,7112384.73,7401144.4,7890660.94,8181462.67,8567728.08,8748368.27,8540477.05,8572382.95,8715444.17,8778755.88,8659983.76,8473961.92,9031829.19,9344106.31,9062915.58,8475769.07,7666196.57,6938151.38
2018-03-06,6514255.45,6300196.89,6152947.42,6130219.09,6398755.52,7164310.17,7305628.58,7570045.39,7985984.36,8198398.15,8506969.07,8733372.16,8535714.16,8614496.94,8840624.17,8871454.98,8717489.85,8430377.99,9058845.2,9451179.69,9132492.91,8608082.42,7822331.25,7065154.93
2018-03-07,6623432.71,6366678.74,6221046.74,6184195.09,6479859.06,7245420.15,7413302.81,7673135.09,8153506.56,8431320.97,8795474.14,9042065.68,8833929.97,8932983.0,9079589.9,9102641.16,8956286.97,8647867.09,9253989.43,9673311.98,9381974.69,8847207.7,7998891.12,7290227.9
2018-03-08,6823400.82,6576363.06,6431767.3,6379951.88,6637412.73,7356323.52,7492786.1,7798467.42,8268756.75,8539086.62,8766666.21,9032415.1,8798515.41,8906514.09,9082070.52,9078929.42,8957514.81,8706067.1,9162184.48,9486786.79,9269600.14,8772599.36,7996105.19,7306700.04
2018-03-09,6832510.41,6590652.84,6392126.52,6351879.25,6603180.0,7322398.66,7437393.69,7762751.82,8244623.4,8561579.4,8930675.52,9170939.71,8977881.28,9047479.27,9232212.66,9272962.25,9054487.78,8762540.2,9315208.82,9665445.44,9312857.4,8835724.01,8169197.76,7458400.94
2018-03-10,7002292.1,6721651.15,6568280.65,6459167.18,6570700.97,6775530.5,6846897.36,7387898.35,7958705.37,8379493.66,8666640.88,8909347.72,8816351.91,8635469.79,8495368.27,8372323.43,8184617.49,8004711.63,8740583.47,9156076.29,8920971.81,8455571.1,7823580.41,7247516.18
2018-03-11,6792992.58,6489984.03,6304580.9,6171677.79,6133560.48,6177635.58,6015315.15,6241680.51,6600620.05,6913454.65,7129123.6,7296975.64,7353061.4,7315108.86,7219596.05,7161717.23,7153154.61,7196077.79,8082058.0,8655699.6,8571372.23,8199289.15,7633728.21,7022769.1
2018-03-12,6626164.13,6404047.09,6272029.62,6237956.56,6489590.75,7134099.02,7297715.21,7686941.83,8231022.54,8599310.47,8941768.48,9231013.42,9042152.97,9163536.91,9364823.94,9397610.38,9218726.44,8898254.62,9477852.9,9832416.6,9554931.76,9038463.33,8239910.72,7533751.49
2018-03-13,7056963.2,6794921.7,6650936.98,6615246.04,6855173.55,7543398.8,7596663.0,7964706.91,8437239.27,8644451.33,8981802.65,9284197.95,9142936.78,9227780.11,9403378.29,9391198.43,9247449.94,8966925.09,9551760.63,9869791.69,9582298.82,9067125.28,8259120.24,7533282.92
2018-03-14,7041819.06,6801509.61,6624271.27,6599866.91,6879359.77,7542210.84,7605331.55,7971649.1,8419464.6,8688352.0,9044894.21,9281331.74,9080225.85,9200360.98,9464361.8,9509120.27,9323283.92,8952854.13,9524257.89,9891256.24,9705573.45,9162339.12,8321693.09,7553490.38
2018-03-15,7107452.25,6864790.45,6709520.85,6641287.21,6862153.18,7495524.83,7581565.29,7931433.19,8398937.29,8670935.14,8998354.98,9200790.34,9005484.71,9132877.86,9364191.59,9325344.03,9130111.44,8877319.33,9490822.12,9773973.94,9528970.35,9003010.04,8176689.85,7443501.72
2018-03-16,6977546.1,6732526.34,6609587.46,6545706.58,6791855.28,7440397.4,7532753.39,7884097.06,8353394.32,8620262.76,8985619.07,9241426.15,9090454.83,9181480.35,9385568.39,9397886.06,9207447.44,8890770.47,9426739.89,9805563.35,9503612.53,9022569.59,8321204.05,7636225.44
2018-03-17,7191787.85,6904632.58,6702309.79,6626191.09,6686179.78,6848700.0,6942413.97,7474397.33,8061928.76,8434961.84,8725998.72,8917454.61,8800052.36,8653129.57,8519741.56,8350815.53,8160564.51,8016669.04,8846369.47,9154903.47,8945166.88,8494349.83,7890250.21,7362580.99
2018-03-18,6870150.29,6600780.95,6403829.84,6275967.89,6251607.1,6258878.81,6066545.49,6334568.59,6703588.56,6986670.91,7264948.6,7485441.0,7566211.45,7503654.85,7403405.68,7321654.65,7194439.72,7181888.31,8054205.46,8388074.47,8263616.13,7914198.52,7458325.88,6957627.89
2018-03-19,6566395.58,6294538.53,6157102.66,6065778.82,6058223.23,6136869.09,5987480.03,6334156.28,6773009.01,7162375.89,7538057.93,7772374.71,7831825.77,7730703.83,7596767.31,7486025.82,7387332.79,7418732.9,8350133.24,8787531.97,8601191.86,8160579.93,7520787.46,6962636.98
2018-03-20,6537312.24,6362321.06,6238537.34,6212244.28,6486917.42,7200649.51,7287666.11,7611815.87,8104847.5,8369638.65,8748724.44,9014169.39,8865757.13,8950333.15,9152674.16,9138216.2,8983070.76,8695334.07,9390050.53,9707174.43,9401175.68,8826081.07,7993141.3,7238684.87
2018-03-21,6801379.96,6570664.87,6437596.65,6399091.78,6679466.21,7322382.72,7426630.2,7772559.43,8234782.09,8552368.11,8894205.98,9130462.34,8913719.56,8929650.16,9134554.61,9141907.72,9008999.02,8734605.23,9388967.82,9705967.51,9456104.99,8922934.22,8086802.27,7373263.29
2018-03-22,6883091.28,6668101.38,6525737.26,6498585.43,6779323.74,7484870.72,7582501.38,7903701.81,8317698.08,8569624.69,8852056.94,9093758.17,8876388.27,8866104.99,9155438.52,9202742.47,8990900.02,8805835.89,9455110.5,9785095.29,9423426.53,8867328.23,8104124.15,7389547.91
2018-03-23,6954359.74,6729962.71,6574971.97,6519201.15,6774319.61,7388200.09,7503281.79,7851452.25,8325427.6,8595384.64,8956451.68,9217564.11,9070713.79,9134614.23,9290249.75,9254428.36,9074835.51,8784860.08,9348893.62,9466216.37,9258083.25,8709339.72,7971038.31,7395690.1
2018-03-24,6919559.32,6651942.17,6477805.64,6425551.69,6509945.41,6647619.36,6696381.45,7160634.0,7711993.25,8067668.2,8391535.17,8587986.06,8538971.2,8371889.2,8215725.2,8118155.05,7974594.73,7882584.14,8697515.08,9045646.93,8797149.76,8332741.57,7703938.61,7156647.08
2018-03-25,6742088.84,6451183.69,6291054.17,6174028.76,6149866.72,6128449.37,5985827.86,6297629.47,6727037.06,7019375.39,7280236.9,7436599.76,7541148.45,7483304.97,7401868.07,7313954.74,7195350.85,7159140.09,8011044.18,8463685.7,8320595.98,7953263.56,7503079.59,6947901.33
2018-03-26,6579242.06,6357046.36,6212439.25,6146694.43,6336207.68,6640095.29,6850123.59,7465475.41,8119203.29,8472593.91,8824009.96,9116980.47,9023722.08,9006185.11,9175829.14,9140114.75,8933340.5,8645105.71,9198141.58,9527743.04,9236388.4,8737554.28,8020943.9,7332883.27
2018-03-27,6857441.17,6590436.41,6463261.83,6381398.63,6533873.8,6855913.18,7048095.34,7636398.39,8184619.44,8501383.24,8817808.36,9064634.06,8945501.35,8987593.2,9148652.64,9079784.65,8815922.86,8529380.07,9085807.49,9386205.23,9088842.02,8582996.73,7925991.78,7259400.69
2018-03-28,6809549.6,6573762.45,6427674.25,6353148.03,6522210.68,6807067.43,6948067.21,7486259.26,8028117.46,8273190.83,8560452.82,8760248.51,8636460.51,8540284.79,8560458.82,8490743.89,8298295.52,8145057.63,8781169.1,9017631.16,8729204.31,8271052.3,7638015.01,6985999.27
2018-03-29,6579500.83,6295434.84,6135206.04,6058155.08,6040183.49,6014017.45,5771817.04,6024337.5,6363802.01,6647381.78,6889213.02,7128194.78,7209231.21,7132570.89,6995255.27,6866173.79,6741928.33,6757683.52,7607858.15,7938864.88,7754220.91,7442694.91,6979383.42,6519276.47
2018-03-30,6117328.9,5857600.53,5702187.82,5582359.47,5579638.74,5583779.17,5375030.71,5637082.8,5980496.39,6204929.04,6385091.18,6606584.47,6674088.22,6615280.59,6487874.27,6329587.78,6193276.7,6280381.36,7161003.78,7455367.52,7288378.76,7055007.4,6714280.51,6295801.83
2018-03-31,5961271.93,5701245.67,5587798.73,5540039.56,5547849.8,5663197.76,5643428.35,6094658.85,6560744.31,6976717.46,7267992.56,7449769.85,7490290.21,7371820.09,7280823.77,7232822.97,7194610.46,7246632.67,7985048.2,8155743.85,7896317.96,7461698.01,6965811.85,6534868.84
2018-04-01,6141204.59,5877494.41,5730589.33,5647872.06,5586383.26,5621911.62,5415318.43,5681723.35,6035802.54,6347133.18,6619765.47,6771725.49,6836712.32,6815260.91,6715623.6,6660017.06,6600275.1,6719117.75,7713266.56,8139702.67,7986334.61,7570228.31,7047922.27,6535776.63
2018-04-02,6171884.98,5980459.87,5862051.98,5849897.85,6149820.22,6738806.22,6929378.2,7335838.21,7858194.99,8112231.09,8464879.35,8696577.05,8541695.27,8523939.25,8669456.01,8683598.18,8570721.22,8394129.57,8993885.66,9286330.67,8985818.82,8391084.66,7603763.92,6928253.16
2018-04-03,6486351.62,6271993.95,6129749.31,6111293.87,6378604.9,7102420.24,7175154.79,7492722.87,7904034.84,8192208.85,8503549.74,8701916.92,8539266.01,8608691.99,8826499.57,8767557.68,8499196.88,8355410.33,9082129.17,9374401.75,9110668.37,8547647.32,7744190.78,6999793.22
2018-04-04,6562265.8,6319721.39,6202464.27,6183794.34,6458816.36,7136881.67,7241707.98,7587623.52,8014013.8,8297008.07,8640465.48,8813611.52,8658796.28,8712486.69,8895544.99,8876678.57,8779895.16,8556340.53,9227409.37,9448238.37,9171904.4,8544681.96,7783973.76,7044574.73
2018-04-05,6611513.55,6366512.32,6252302.49,6206439.39,6527518.12,7171758.85,7271786.24,7612128.05,8034407.38,8256013.02,8582850.17,8856155.03,8684107.02,8723390.99,8883269.72,8859725.95,8691807.96,8445487.18,9119425.88,9340503.97,9087740.82,8545278.7,7755130.6,7071518.88
2018-04-06,6594790.18,6347619.96,6230683.78,6188960.36,6429780.25,7073417.08,7191540.73,7534279.99,7959802.89,8177537.84,8491710.44,8714140.87,8519333.5,8513134.48,8646169.98,8590505.17,8485676.84,8363362.93,9046780.55,9292456.46,8959832.39,8433916.76,7687699.69,7081299.52
2018-04-07,6659577.53,6417481.62,6272223.61,6223737.44,6332525.48,6547950.94,6665054.04,7207780.62,7716935.1,8072051.4,8412480.91,8568406.88,8475473.44,8259207.74,8087522.76,7976059.04,7871451.9,7803817.83,8614227.19,8886774.32,8634844.57,8130736.14,7550640.24,7020069.3
2018-04-08,6577933.02,6294867.67,6108859.63,5996824.52,5936794.93,5846709.64,5692070.38,6001298.07,6378471.59,6701146.21,7021870.15,7228117.13,7321353.97,7279836.23,7212073.27,7113494.03,7060648.27,7052763.69,7975214.63,8447386.26,8359960.45,8045559.51,7470085.86,6894264.21
2018-04-09,6471738.86,6259768.73,6097039.81,6091102.71,6355304.48,6990218.2,7057578.75,7535691.99,8102756.0,8417514.27,8795885.69,8982544.18,8801495.43,8864769.01,9073516.66,9002852.38,8832035.9,8645717.97,9205888.8,9396372.95,9180853.84,8615545.1,7807931.33,7159204.72
2018-04-10,6714111.37,6485927.03,6337511.46,6291739.67,6546572.3,7177773.66,7274354.28,7654879.03,8098495.25,8326430.89,8656559.99,8891330.3,8676948.0,8710979.75,8858472.94,8841876.39,8682766.51,8495035.54,9278175.23,9458445.69,9207250.44,8637337.52,7829660.2,7145461.44
2018-04-11,6700660.69,6394848.7,6321163.05,6291583.89,6567612.86,7213709.8,7338661.43,7695243.62,8087539.15,8323873.14,8642656.72,8810188.65,8582335.01,8504638.68,8748843.11,8807344.63,8661977.97,8441028.7,8993729.23,9320245.19,9054602.96,8454253.11,7652876.03,7003841.43
2018-04-12,6559727.86,6341050.36,6156469.36,6144989.94,6464971.69,7151667.16,7259889.75,7628243.31,8060506.95,8326216.78,8631208.56,8832219.96,8639128.48,8725154.59,8888089.65,8934423.43,8830776.62,8611819.97,9244720.39,9471917.35,9196038.5,8641741.38,7835145.68,7114072.29
2018-04-13,6675989.23,6433317.98,6284891.07,6277268.92,6518810.14,7146153.48,7288734.18,7691618.97,8146209.65,8406969.88,8777407.62,9012120.07,8806242.67,8869879.0,9040947.77,9003633.89,8854961.94,8618202.71,9267042.76,9408543.05,9066596.3,8604463.16,7892487.38,7201307.98
2018-04-14,6748921.57,6559340.84,6369193.09,6305884.27,6436795.98,6592372.9,6691882.1,7211207.86,7767720.99,8151974.76,8462533.18,8642355.49,8556565.48,8336214.99,8252062.3,8121747.08,7968176.15,7905205.06,8809588.14,8973797.17,8701683.64,8263607.3,7626987.11,7059934.22
2018-04-15,6626880.52,6346439.53,6182590.01,6053453.22,5992213.02,5866093.88,5677390.77,6022009.19,6388146.09,6759079.78,7028014.06,7216408.45,7292363.6,7274888.09,7168154.79,7053219.43,6978543.36,7057992.34,8109740.15,8500529.1,8369651.97,8017918.98,7451604.56,6880255.51
2018-04-16,6459752.86,6261590.84,6148297.71,6116596.87,6384022.86,6997082.17,7193695.15,7635599.63,8183960.86,8507064.73,8842034.73,9065895.1,8869285.1,8890961.55,9113202.73,9083251.07,8865551.62,8657195.05,9321172.97,9575715.03,9283891.52,8671771.95,7882583.41,7191672.8
2018-04-17,6672643.12,6457873.07,6310983.18,6291632.12,6606695.46,7205602.76,7294894.71,7656677.62,8124862.67,8356618.58,8741587.01,8926265.39,8756509.51,8824951.24,8980035.59,8879917.71,8720233.2,8512701.32,9249245.12,9451348.94,9179178.62,8592509.69,7797514.43,7144105.17
2018-04-18,6687288.15,6475548.49,6328721.85,6324177.89,6602463.25,7240971.53,7383340.41,7738080.63,8187523.77,8491709.58,8807815.87,9021374.05,8842304.63,8885498.39,9045515.28,9094684.99,8968007.35,8721826.7,9387740.84,9664757.1,9391152.86,8838119.49,8008453.65,7194439.26
2018-04-19,6769605.79,6538709.69,6384228.75,6301005.77,6612392.07,7206314.72,7334241.09,7691350.79,8144208.08,8475000.76,8861950.75,9039936.88,8835546.81,8870228.3,9061562.66,9099135.41,8914885.79,8722889.08,9360827.72,9590086.11,9285854.45,8732501.48,7912600.93,7206232.79
2018-04-20,6697422.0,6396367.84,6280323.08,6308937.81,6523946.49,7051045.76,7202634.35,7631665.28,8099177.84,8369609.13,8683430.71,8886117.54,8672277.68,8771520.06,8969780.3,8945328.05,8765694.28,8502457.29,9208384.55,9430063.69,9150047.98,8635677.97,7980730.39,7286845.43
2018-04-21,6888031.52,6617406.25,6436246.15,6344043.59,6475196.39,6567660.34,6677440.61,7226518.42,7811966.77,8177835.58,8484310.85,8703086.76,8601127.24,8443636.77,8267753.26,8143974.62,7995495.48,7904136.77,8693517.44,8958369.03,8740405.25,8265059.55,7589140.82,7053846.92
2018-04-22,6668293.29,6361591.75,6168443.78,6083760.08,6032034.03,5980515.6,5851006.65,6158437.19,6536275.74,6801569.46,7063637.3,7282178.15,7340821.02,7277856.03,7169474.66,7076298.2,6986109.15,7136263.26,8083626.34,8485926.72,8323504.13,7955079.88,7383225.4,6789624.01
2018-04-23,6463467.98,6227294.8,6093586.08,6078019.96,6367808.77,7001940.77,7138212.56,7552422.14,8125664.24,8451413.9,8806502.79,9068826.57,8892861.43,8997989.29,9184509.02,9161204.33,8980499.65,8770784.08,9429933.12,9651845.65,9358003.23,8799891.84,8045837.61,7316264.14
2018-04-24,6824660.15,6598215.24,6444701.5,6417916.93,6666787.95,7256881.13,7385330.47,7758544.21,8252789.85,8558412.8,8887447.81,9124429.57,8920709.5,8984592.71,9185979.65,9159465.14,8977359.08,8766034.61,9465885.74,9683544.48,9369712.4,8773287.45,7928176.0,7268857.09
2018-04-25,6785980.93,6558605.21,6442204.57,6407633.77,6685278.88,7299401.41,7458716.51,7824773.86,8244926.15,8396343.04,8844898.12,9093134.68,8891837.93,8974906.91,9149503.83,9206296.86,9025963.55,8777820.19,9471606.84,9731705.73,9472118.82,8904051.64,8062013.67,7341073.38
2018-04-26,6880788.98,6653178.14,6505598.42,6443207.99,6740946.51,7351576.13,7485048.41,7889307.0,8322560.28,8524441.64,8971238.79,9202769.18,9011879.23,9007960.91,9217360.19,9205535.63,9010444.94,8856416.79,9457370.12,9676680.69,9360536.1,8794098.88,7986715.57,7207208.95
2018-04-27,6836310.29,6602743.8,6441437.33,6403551.13,6655458.89,7229312.43,7380966.02,7753734.82,8147956.21,8349598.38,8642633.17,8826253.27,8637572.97,8652194.29,8821652.0,8836643.12,8698003.17,8555172.55,9274525.78,9427299.71,9125418.23,8610428.94,7924914.4,7286178.3
2018-04-28,6802847.85,6583807.82,6429636.1,6354187.42,6486822.05,6634573.65,6833084.59,7369097.8,7935805.17,8263288.94,8559300.24,8715277.63,8610345.07,8372072.68,8170993.96,8091394.58,7930432.39,7878208.43,8732025.86,8944252.71,8683446.41,8180463.91,7557668.41,7053150.28
2018-04-29,6558598.11,6281098.42,6123555.54,6025356.68,6002313.04,5952599.22,5742003.95,6059363.32,6405810.33,6711512.32,6964885.14,7185152.11,7307263.59,7278334.3,7183864.37,7078610.03,6982355.07,7041298.39,8022964.4,8376177.01,8201133.06,7818043.93,7257272.58,6681772.77
2018-04-30,6350759.74,6112523.27,5989822.77,5977299.98,6235756.97,6731537.6,6938846.24,7414286.83,7918942.27,8235814.06,8614011.88,8860875.3,8712795.37,8736234.25,8872346.64,8861890.97,8715150.05,8505201.04,9129313.11,9323135.89,9019600.36,8498808.69,7817975.86,7124631.43
2018-05-01,6583981.56,6317295.36,6174271.79,6072233.77,6117932.42,6091123.28,5944212.83,6260092.04,6681838.59,7029547.43,7415487.47,7688358.11,7759137.06,7692513.72,7546374.52,7431092.22,7297584.45,7273287.98,8224491.43,8617891.92,8476264.73,8070712.81,7492327.42,6904371.25
2018-05-02,6456857.69,6273912.57,6123449.89,6080468.98,6362674.99,6939864.87,7136473.71,7548763.27,8073186.7,8409692.83,8707025.74,8940784.8,8813253.39,8904911.97,9118983.63,9165544.68,9009494.95,8813275.35,9436204.98,9654380.05,9400593.77,8854377.7,8079620.44,7374941.61
2018-05-03,6927079.42,6673634.88,6512810.55,6466187.25,6715733.17,7247203.96,7360082.25,7790667.81,8328359.39,8610056.96,8966850.66,9190840.27,9015178.82,9058073.99,9144959.06,9033037.01,8939258.53,8771427.04,9349870.28,9464945.54,9223372.98,8689417.24,7931830.43,7284991.14
2018-05-04,6782155.57,6491847.76,6389593.61,6344979.36,6616029.8,7195038.91,7274056.5,7691783.11,8098822.26,8356487.67,8674296.96,8847029.19,8597091.72,8667670.71,8834298.04,8849881.38,8681757.37,8554374.17,9246595.16,9433380.81,9116477.48,8634063.35,7951452.97,7332003.32
2018-05-05,6832013.18,6602001.98,6437669.08,6364952.79,6453462.26,6571194.0,6771294.44,7313227.51,7912309.23,8280270.82,8534843.58,8652271.99,8453715.92,8249198.83,8123522.44,8012394.27,7893540.41,7891024.03,8748382.96,8955485.86,8687409.65,8220413.47,7562287.13,6961414.97
2018-05-06,6597839.04,6322805.11,6103890.06,5988621.28,5947818.62,5900668.52,5840916.04,6161389.69,6563308.19,6845205.15,7093032.42,7331221.83,7397511.33,7345609.43,7233656.08,7077375.76,7018322.04,7140555.22,8154212.07,8501152.05,8308628.92,7896857.83,7281983.38,6764080.13
2018-05-07,6370301.34,6178366.45,6081893.46,6077695.44,6342007.64,6975800.49,7137912.23,7568545.47,8091896.64,8345508.09,8594614.97,8811034.92,8556174.17,8639426.37,8848089.62,8820932.42,8737498.03,8587510.13,9240027.79,9495813.21,9241736.59,8650843.83,7828921.64,7158769.04
2018-05-08,6674429.8,6422768.44,6273694.33,6248535.05,6494123.92,7152241.76,7224557.2,7592223.51,8003327.68,8280069.23,8587030.27,8719763.95,8505146.71,8477062.51,8570405.65,8619604.63,8461102.91,8378939.45,9068872.11,9325340.02,9072908.89,8451791.67,7679300.19,6992658.15
2018-05-09,6511696.15,6290600.39,6161422.88,6134918.97,6387466.08,6920075.67,7166759.13,7572465.09,8034646.65,8337868.97,8625941.42,8868470.56,8729300.25,8639341.72,8815665.32,8813418.66,8700376.01,8505842.74,9252115.59,9467197.09,9137826.33,8549123.12,7789119.44,7045317.57
2018-05-10,6540785.41,6314902.69,6219006.58,6214773.65,6405851.28,6911069.46,7179208.62,7672583.26,8141877.84,8403484.99,8685581.89,8884253.87,8782942.43,8842311.67,8949086.11,8935527.47,8882054.78,8730237.5,9389160.09,9594293.24,9319311.29,8755978.27,7980616.06,7197208.19
2018-05-11,6662123.83,6462875.56,6359326.81,6309603.36,6575748.24,7105752.44,7294327.63,7720572.26,8188096.48,8433048.56,8736749.28,8962981.43,8747711.07,8796609.75,8933868.11,8966017.97,8864298.42,8645991.94,9250219.89,9468543.67,9238367.41,8708309.04,8043708.64,7365689.43
2018-05-12,6896285.44,6590594.67,6411501.09,6358446.54,6476561.47,6551116.99,6795011.48,7348766.93,7900890.74,8305336.78,8591769.16,8717750.29,8602114.23,8416798.77,8259992.64,8160463.48,8015100.0,7955218.94,8768396.52,9021226.8,8796236.88,8356417.04,7700821.72,7128179.26
2018-05-13,6706361.48,6396784.57,6206062.94,6058317.07,5997390.25,5897579.98,5737579.22,6037408.66,6412873.26,6723909.05,6934627.16,7125592.81,7118186.0,6992588.94,6806890.3,6694259.34,6605059.43,6767278.41,7651144.01,7909574.67,7762105.28,7461370.12,7048732.17,6597299.48
2018-05-14,6279416.58,6057848.67,5881528.16,5755353.55,5742976.98,5699999.79,5637762.95,5988956.87,6392263.18,6790715.47,7120062.14,7308325.25,7352904.22,7272132.05,7104613.61,6919401.91,6937907.55,7110166.32,7999179.72,8387534.98,8197079.24,7740865.47,7075399.9,6588625.9
2018-05-15,6187651.92,5985399.47,5880933.88,5845307.78,6145161.61,6762667.96,6947642.25,7413376.42,7949648.11,8249009.3,8578943.0,8784058.75,8665624.7,8673078.76,8837143.18,8794834.43,8694828.41,8622217.41,9253777.51,9509568.97,9185860.38,8655918.6,7873164.69,7180174.88
2018-05-16,6686902.76,6453858.16,6307019.2,6267764.04,6502932.09,6870472.5,7153646.7,7685252.39,8250185.71,8496585.39,8847110.04,9109727.46,8981269.5,9008241.72,9101949.72,9036576.71,8857260.41,8690560.79,9342278.49,9659747.19,9417013.15,8855984.73,8069883.37,7310463.02
2018-05-17,6778723.28,6543672.19,6391400.87,6357201.29,6633166.22,7186503.18,7347323.98,7775470.81,8266462.64,8605850.4,8928714.99,9119418.05,8962278.31,9036101.98,9188298.56,9141605.59,9018554.12,8757033.49,9409224.76,9712233.44,9466061.31,8927032.22,8162406.67,7422938.72
2018-05-18,6878224.36,6639864.94,6491300.68,6435984.63,6661669.59,7108495.92,7315113.63,7777527.9,8310322.47,8613669.4,8894278.88,9131792.25,8929763.21,8916038.22,9018693.53,8907043.68,8722816.38,8568130.52,9248754.17,9408628.26,9180523.03,8679650.77,7989843.63,7360743.2
2018-05-19,6927802.89,6637482.7,6469167.06,6409051.21,6503549.56,6621134.73,6786594.09,7304941.47,7792466.95,8110382.9,8408828.01,8553156.6,8431660.03,8297269.06,8133528.32,8018977.76,7885585.17,7961765.43,8746954.58,8969665.83,8674386.37,8177072.44,7564361.53,6990137.76
2018-05-20,6567164.57,6286519.42,6084989.41,5979929.41,5958100.33,5853691.0,5737513.81,6087684.41,6489158.82,6821568.9,7032000.46,7259144.74,7376040.86,7338214.04,7219446.75,7093721.06,7027162.94,7111639.83,8091035.38,8500448.14,8397917.22,8020030.58,7433406.44,6804142.3
2018-05-21,6395631.33,6192474.96,6000337.27,5968921.1,6261313.9,6949695.49,7118276.39,7536206.17,7983268.32,8228648.98,8501674.53,8712587.97,8502667.42,8514700.16,8675586.2,8692951.15,8590669.24,8440339.35,9164137.19,9455893.26,9152021.78,8566961.5,7779890.44,7062216.06
2018-05-22,6617913.22,6370783.98,6230208.4,6185068.73,6488145.57,7098713.49,7282558.0,7679245.41,8184486.83,8423099.13,8740051.62,8952857.43,8739398.18,8827240.53,8993999.91,8993787.33,8845201.78,8626848.79,9311543.38,9605459.94,9315409.96,8749297.55,7904970.82,7179268.79
2018-05-23,6740447.93,6478839.94,6350430.48,6298266.69,6571079.62,7158554.81,7356897.91,7716223.65,8180874.75,8477390.74,8780682.52,9022598.79,8829561.13,8861268.46,8923943.99,8893614.68,8787179.88,8544129.42,9279673.67,9597057.4,9329809.07,8764631.78,7949252.15,7233064.48
2018-05-24,6805890.79,6532911.26,6392610.77,6345344.44,6589015.13,7154115.42,7310260.41,7704440.37,8158359.51,8457817.5,8781115.88,9014830.25,8756467.86,8813175.9,8946694.92,8900370.45,8780199.39,8600529.15,9268897.08,9550856.35,9305509.83,8737954.58,7947582.77,7210948.82
2018-05-25,6764562.07,6541099.41,6389207.05,6344546.41,6565756.27,7077188.96,7255814.46,7746587.59,8306313.01,8608908.63,8957047.0,9178712.73,9007407.74,9058029.89,9215400.07,9166579.36,9018797.82,8735590.81,9344591.11,9552015.47,9283644.14,8798152.7,8090700.27,7487063.03
2018-05-26,7005022.36,6743430.33,6562952.04,6447960.99,6507678.69,6602648.14,6783896.0,7334528.09,7937721.23,8301770.48,8576956.81,8743165.35,8655077.35,8459542.99,8240357.04,8117988.99,7928510.4,7870887.94,8628219.06,8891241.75,8638814.08,8166263.47,7472796.3,6889841.2
2018-05-27,6440388.06,6161765.55,5985326.71,5873468.56,5868899.38,5839721.74,5783032.8,6103638.23,6525222.66,6758819.97,7006034.14,7159084.81,7237550.14,7119138.29,6979940.27,6912517.81,6968281.51,7136900.41,8029249.74,8429145.05,8282969.06,7849875.86,7249902.08,6692377.52
2018-05-28,6353134.9,6132237.52,6009787.5,5964444.98,6239051.63,6790709.28,7016055.91,7479176.38,8000054.58,8307385.94,8671806.88,8861557.33,8696710.42,8713221.91,8866315.64,8889580.51,8744282.01,8512191.57,9115500.94,9449435.53,9214807.15,8631573.64,7773836.02,7028204.15
2018-05-29,6645989.33,6421908.94,6316400.23,6265491.06,6484240.54,7082076.39,7183720.9,7655598.18,8163833.12,8476646.96,8767621.04,9016656.57,8842222.73,8896694.47,9104167.62,9065701.64,8926778.51,8755525.12,9387970.5,9701976.24,9453632.32,8898044.74,8081013.1,7368364.8
2018-05-30,6856889.95,6622840.2,6477422.74,6436005.48,6686045.85,7189850.73,7339901.9,7761959.03,8273023.98,8556997.22,8899619.31,9109733.63,8903580.33,8963412.01,9113344.04,9083002.01,8976597.7,8705473.65,9311128.38,9631509.9,9368696.17,8825294.32,7988340.88,7258817.35
2018-05-31,6825567.37,6602963.5,6431328.74,6394228.35,6672464.26,7181718.21,7324393.64,7770436.92,8290881.29,8547190.3,8941210.24,9084429.66,8974662.11,9068582.12,9244628.81,9253130.53,9063677.73,8812393.71,9386303.91,9737854.81,9538190.53,8994838.47,8190529.88,7459650.26
2018-06-01,6976064.97,6743502.11,6567086.18,6512355.33,6741152.86,7185290.07,7337420.08,7834379.44,8348556.08,8614395.5,8943515.85,9131644.35,8908688.56,8923391.32,9085489.16,8963713.3,8779801.71,8551010.47,9138575.59,9350040.38,9072815.16,8589441.9,7859216.91,7233576.3
2018-06-02,6783034.27,6508564.58,6343514.83,6291496.36,6399332.95,6489057.81,6669398.01,7233719.7,7811575.92,8160577.58,8449799.55,8616620.57,8551142.19,8412075.32,8249503.26,8147844.39,7999861.18,7965507.89,8750592.36,9122783.49,8881983.96,8374953.16,7735016.47,7200423.58
2018-06-03,6781338.87,6495445.42,6292596.08,6153819.14,6104802.54,5980018.95,5802675.49,6082484.8,6441456.58,6759689.31,7041864.47,7238923.66,7304946.6,7251804.36,7183615.47,7125889.54,7039610.46,7078560.93,7995576.01,8432162.36,8290796.96,7978922.41,7438459.46,6929982.67
2018-06-04,6538902.03,6285000.72,6135167.07,6031441.33,6009856.62,5877942.69,5822595.85,6181818.19,6623520.89,6993199.02,7397921.23,7663602.83,7791018.55,7721587.52,7575737.97,7478010.44,7365571.14,7418907.69,8376490.22,8854515.32,8700807.24,8259976.93,7632389.46,7030611.63
2018-06-05,6652534.67,6391321.01,6260003.75,6187031.03,6496675.88,7070209.19,7236258.07,7710302.92,8230402.27,8503371.77,8918217.91,9085621.37,8933978.84,9008899.3,9163014.87,9125512.33,8940541.59,8784995.63,9406256.72,9667033.5,9432760.36,8914232.3,8122380.29,7404344.29
2018-06-06,6924600.12,6640746.35,6530042.88,6465322.93,6704627.1,7204097.72,7373846.18,7782297.05,8383083.87,8719554.82,9064926.21,9265487.57,9105349.7,9175803.14,9333532.44,9191448.65,9092488.55,8850934.08,9498817.52,9843621.23,9559493.48,9055365.81,8244334.81,7451546.21
2018-06-07,6917071.8,6694914.44,6575290.47,6592980.27,6836584.12,7377089.46,7504716.34,7924117.28,8422178.49,8646668.01,8983836.15,9252913.81,9066172.74,9165923.63,9323609.88,9287422.5,9138452.47,8919944.51,9511626.68,9914435.82,9673477.61,9103129.53,8373031.55,7671542.46
2018-06-08,7157629.5,6850249.12,6699655.78,6662065.5,6878691.41,7314665.75,7507553.35,8005737.36,8562176.2,8808875.75,9122059.6,9365703.54,9159384.17,9219049.78,9449756.8,9454256.91,9251941.92,8966499.13,9546036.01,9848944.01,9605873.45,9075491.56,8469490.84,7764083.05
2018-06-09,7246083.89,6957603.17,6784016.67,6669957.34,6751268.27,6834777.66,6947429.64,7536470.09,8111841.32,8497594.52,8821691.42,8969775.08,8855239.82,8693617.23,8526273.04,8389652.01,8204746.09,8112513.95,8936495.52,9195340.95,8952570.53,8530142.38,7909171.9,7364572.76
2018-06-10,6870096.12,6582136.27,6412560.58,6273383.22,6203400.05,6106769.19,5987122.84,6292355.54,6635425.16,6922480.6,7180181.68,7326405.64,7465249.01,7406974.08,7280591.95,7171683.2,7063901.15,7083244.86,7945504.24,8296163.61,8134333.5,7825135.08,7455241.85,6983941.55
2018-06-11,6593306.59,6341827.36,6176904.98,6069006.33,6061220.8,5989225.04,5888245.13,6213681.57,6658180.2,6990103.47,7272822.19,7507034.68,7584401.97,7525316.58,7359715.01,7261596.69,7152775.22,7290008.91,8140371.19,8558996.07,8373947.64,7997415.71,7371113.75,6779985.4
2018-06-12,6476739.39,6219191.32,6074411.66,6022444.14,6316574.05,6843963.33,7072387.49,7584627.15,8135585.76,8425322.3,8756163.8,9054631.52,8961708.86,9046229.17,9201014.24,9208945.57,9088776.26,8790477.73,9338565.92,9732574.24,9547995.45,8998679.75,8219665.84,7485042.36
2018-06-13,7018036.11,6742546.68,6569415.69,6558934.23,6749818.69,7182625.66,7365401.46,7880532.92,8415723.85,8656393.73,8966306.34,9218284.78,9071084.16,9133990.8,9311668.84,9313047.78,9181406.92,8965252.68,9502883.03,9739014.95,9485600.73,8930478.76,8194849.29,7457317.43
2018-06-14,6988218.16,6718572.19,6556353.18,6513186.29,6734540.55,7200406.57,7457303.91,7935093.35,8498441.29,8777193.79,9105896.93,9316735.18,9092718.69,9049681.49,9076861.21,9024283.08,8877190.0,8687574.83,9226382.74,9540370.84,9313634.88,8717428.94,8022735.78,7277485.77
2018-06-15,6787073.44,6494769.56,6381928.39,6412054.02,6593354.19,7018018.6,7289887.44,7843244.39,8355833.5,8656715.1,9001963.91,9209828.77,9074032.45,9139342.89,9298885.09,9203087.29,8978815.19,8716529.73,9241534.38,9505338.8,9298079.31,8821887.9,8189875.63,7533092.72
2018-06-16,6988052.65,6721339.35,6556154.42,6456665.74,6527626.0,6613432.16,6782028.93,7412572.62,8065965.25,8461513.54,8787130.82,9004364.58,8903159.23,8711666.53,8540681.06,8360389.87,8090584.27,8018413.67,8700467.63,9101361.95,8865228.92,8386636.66,7840849.65,7232409.49
2018-06-17,6789971.56,6526461.29,6322690.52,6192280.21,6155736.76,6103445.11,6056108.93,6392482.3,6744643.37,7093728.62,7396314.25,7589634.16,7599849.14,7497902.37,7393973.96,7240378.22,7235440.89,7276449.31,8017151.47,8499727.58,8388631.11,8028144.53,7525235.66,6991092.79
2018-06-18,6525076.71,6273805.98,6151135.63,6137742.52,6333102.04,6660655.57,7017540.99,7680175.01,8253446.56,8642452.08,9006946.71,9328100.02,9185696.83,9183187.87,9258699.69,9161085.56,8962537.2,8741546.57,9260863.84,9539935.51,9328002.36,8806388.63,8104634.55,7429385.97
2018-06-19,6904088.93,6665239.97,6527884.4,6492460.61,6667076.88,7007585.58,7373259.97,7732941.08,8044255.1,8595614.05,8943091.18,9177519.44,8996230.64,8962163.92,9045743.84,9073499.06,8919576.77,8660501.32,9164125.55,9471137.8,9261340.46,8667178.39,7918442.51,7185262.85
2018-06-20,6723509.78,6508069.83,6375604.27,6333286.4,6489394.4,6795897.5,7093176.87,7692587.71,8212634.35,8542997.59,8879265.77,9125556.25,8965212.83,8908884.83,9069513.61,9066340.73,8924999.63,8655788.96,9184272.18,9522140.45,9299221.59,8798519.34,8136253.41,7419949.15
2018-06-21,6665521.45,6424231.65,6292956.6,6236410.81,6424048.17,6715193.58,7000621.18,7591819.13,8311854.71,8569283.94,8925818.73,9143225.24,8961621.84,8955115.42,9183887.95,9153855.75,8974397.57,8663331.72,9176188.04,9612430.4,9346682.64,8823356.99,8135640.25,7412802.21
2018-06-22,6956356.47,6694579.61,6505961.84,6470650.78,6652191.54,6905664.85,7178455.62,7873165.68,8446956.46,8751230.31,9047057.28,9277653.04,9135371.62,9132874.11,9282885.42,9262542.42,9036553.65,8721039.96,9159323.34,9494610.97,9255389.25,8712687.21,8115130.98,7491853.38
2018-06-23,6997020.82,6733725.32,6550692.22,6465842.08,6535763.15,6593300.74,6717816.18,7322363.21,7935247.51,8320292.06,8616408.01,8816075.6,8710167.79,8588576.09,8479883.64,8314086.12,8128918.5,8017280.53,8716288.22,9133027.18,8908258.22,8389494.12,7853599.32,7350623.77
2018-06-24,6900898.93,6651727.44,6421555.74,6308498.16,6262086.6,6152099.35,6008163.7,6358832.14,6765366.55,7119011.33,7445773.78,7689374.34,7681052.04,7305761.8,7159569.56,7017520.15,6913615.29,6922103.99,7634333.66,8184596.6,8101453.02,7782897.95,7295619.87,6806644.91
2018-06-25,6482502.11,6272816.89,6164405.9,6123871.34,6311053.59,6601025.7,6908085.33,7516250.72,8148731.47,8563394.97,8892887.67,9099654.33,8958902.22,8956487.55,9093833.01,9091996.13,8914273.8,8646273.95,9133350.82,9515812.62,9276347.26,8780480.92,8085651.6,7382264.23
2018-06-26,6868623.17,6641398.21,6490946.39,6447544.36,6594303.42,6853010.06,7157121.5,7796276.95,8386622.6,8744543.26,9074499.0,9265374.2,9095753.75,9156307.92,9313752.02,9219654.99,9013495.35,8755257.83,9224994.26,9571005.03,9309465.48,8771053.5,8083130.55,7371807.09
2018-06-27,6882084.45,6630900.21,6463598.32,6407867.24,6577167.56,6897795.95,7213347.67,7811407.45,8350149.42,8723309.64,9029623.48,9219157.14,9094420.15,9128164.43,9187445.16,9134626.51,8887311.45,8648267.02,9187425.37,9538090.89,9244383.61,8757232.68,8038239.34,7335512.4
2018-06-28,6779148.92,6540073.27,6396462.68,6353119.78,6549149.94,6855444.32,7179893.35,7912322.21,8529182.19,8408967.52,8554164.87,9219748.52,9115381.95,9064329.48,9169206.85,9118398.21,8932643.82,8679935.18,9147954.3,9502788.51,9250582.14,8745806.59,8029164.23,7352060.14
2018-06-29,6911528.87,6631604.52,6492330.31,6456638.36,6581378.28,6814550.85,7052757.75,7613718.25,8204847.22,8545835.03,8888793.28,9104713.96,8983319.89,8948069.44,9020295.31,9003117.57,8834267.07,8585395.84,9050441.41,9353212.32,9090774.47,8697286.5,7989686.63,7386561.61
2018-06-30,6952968.85,6676998.76,6527770.11,6448481.23,6506788.62,6594211.51,6684157.57,7199633.31,7805934.79,8212354.08,8487744.12,8620304.94,8501811.54,8364289.22,8250314.18,8093703.79,7853538.76,7762002.57,8350164.41,8740912.75,8562112.98,8094126.19,7515609.66,7010517.29
2018-07-01,6573714.2,6315764.69,6181610.89,6025725.81,5970791.43,5908432.95,5782737.76,6077031.34,6465099.98,6815651.77,7011002.99,7166732.73,7216329.2,7133187.24,6934895.35,6810154.04,6758711.61,6823688.22,7592286.09,8074840.68,7941606.73,7606255.99,7142428.03,6658198.19
2018-07-02,6272096.02,6034862.0,5874848.64,5759730.73,5776088.56,5711608.97,5647248.13,6046532.6,6507394.24,7023586.99,7306278.59,7538805.61,7593126.67,7526468.01,7330999.34,7212595.32,7056513.08,7105144.83,7829607.29,8365285.48,8195857.69,7804881.17,7213386.88,6675086.7
2018-07-03,6346299.12,6105379.59,5903502.89,5896419.23,6122687.97,6557084.23,6818236.48,7424510.98,8025217.75,8336328.76,8645371.01,8912306.18,8744449.11,8336295.99,8325066.4,8226101.52,8534971.21,8396357.92,8807293.25,9338208.65,9132838.04,8638743.91,7873660.29,7230665.17
2018-07-04,6791816.5,6525674.72,6357783.35,6343275.85,6507091.29,6830381.27,7003063.09,7565206.96,8114572.98,8458427.97,8790704.54,9006766.59,8836635.88,8860436.96,9012966.23,9000747.51,8843301.01,8566407.23,8997815.41,9476359.91,9255690.97,8815198.01,8090415.93,7412780.97
2018-07-05,6909895.35,6641795.25,6485545.16,6466223.7,6670608.25,7014281.47,7210882.31,7776509.97,8330810.03,8666162.02,8964120.54,9207699.7,9049291.98,9107422.64,9232785.03,9197329.7,8951829.96,8635027.82,9120060.3,9580050.05,9335159.2,8856558.73,8138090.32,7469679.17
2018-07-06,6976475.46,6707110.73,6552680.88,6505888.07,6693794.08,7056485.57,7240332.6,7816137.2,8413702.61,8773452.06,9085725.87,9294666.08,9100273.48,9205937.24,9374860.67,9210597.27,8977127.89,8696300.43,9181585.64,9551636.48,9290323.04,8859077.99,8168256.62,7555125.47
2018-07-07,7074278.95,6801760.79,6600039.85,6464670.92,6579093.26,6697078.99,6834689.09,7422874.29,7979987.69,8380220.05,8720745.97,8902062.78,8746578.15,8584246.84,8438777.12,8331447.5,8123084.09,8059112.98,8724850.8,9089325.37,8880839.56,8400143.29,7837051.93,7287190.04
2018-07-08,6865703.17,6583209.26,6416745.9,6249403.35,6225189.96,6131377.99,5957370.01,6266544.36,6660316.04,6984767.43,7320992.05,7498705.58,7530935.27,7496352.6,7411945.4,7294199.62,7183795.0,7163483.62,7907681.36,8588452.81,8520358.16,8201446.89,7695139.21,7122643.48
2018-07-09,6713072.15,6491622.42,6332311.74,6265541.17,6497837.35,6944601.83,7139174.05,7685953.35,8292799.56,8650495.19,9015177.48,9265251.55,9117377.7,9171531.93,9321593.17,9301272.4,9077191.7,8762366.43,9238910.07,9706813.78,9479427.52,8998800.33,8196781.89,7485580.75
2018-07-10,7040150.8,6773774.17,6602047.13,6538221.06,6752728.67,7263824.81,7467519.64,7930385.89,8477849.12,8720507.18,9047774.82,9340778.84,9145423.65,9208806.95,9427530.64,9314376.16,9115429.37,8823854.93,9287165.65,9741798.34,9483682.72,8947682.39,8162016.18,7455446.62
2018-07-11,7019624.01,6796725.27,6611959.07,6548358.6,6762855.91,7232306.1,7418033.99,7852668.2,8324765.9,8618828.91,8961683.58,9188094.12,9021614.54,9181761.24,9356950.82,9398869.99,9205561.18,8847673.1,9227906.29,9715898.9,9569487.46,9062659.86,8299525.28,7591585.65
2018-07-12,7130786.92,6861289.88,6713648.13,6618081.8,6826750.18,7310476.01,7482719.45,7973338.1,8501562.78,8811997.03,9124049.89,9335383.36,9170419.55,9192145.69,9371863.5,9420500.91,9250731.16,8952145.66,9382044.33,9803765.38,9606191.02,9136026.35,8414810.36,7750049.68
2018-07-13,7290958.35,7012827.07,6858430.59,6790322.77,6974781.12,7398493.45,7573041.22,8072320.3,8587672.24,8894064.76,9163209.23,9436252.3,9237798.63,9299608.29,9433920.81,9419734.76,9267174.2,8926209.76,9347915.71,9798750.3,9534628.82,9062258.4,8407997.33,7734853.9
2018-07-14,7218814.33,6925766.8,6776194.74,6631602.35,6751048.36,6842215.85,6972789.06,7557089.27,8180352.87,8617018.44,8861704.24,9037476.61,8917096.91,8757037.23,8605896.8,8481352.93,8298986.26,8179746.19,8786891.2,9273373.51,9063763.36,8621035.0,8057518.8,7542411.65
2018-07-15,7093891.01,6759887.34,6517285.75,6406445.29,6365114.82,6270374.61,6117661.98,6489411.13,6931420.61,7339331.21,7624374.35,7834140.04,7862953.75,7743526.04,7540360.47,7382801.13,7258555.13,7230918.82,7953779.21,8603618.32,8540644.64,8198917.96,7659524.64,7114417.65
2018-07-16,6693354.2,6494743.81,6358746.55,6351980.45,6559330.49,7009141.71,7181335.56,7655402.95,8266593.09,8589531.74,8957429.57,9189489.46,9037531.24,9134987.5,9300289.8,9303987.79,9117231.77,8841209.16,9228788.32,9629755.28,9425500.66,8998490.23,8258268.37,7603627.38
2018-07-17,7140448.42,6833695.08,6687781.67,6638779.76,6804246.67,7310814.38,7461284.24,7880693.85,8362788.82,8679963.87,9023052.7,9282450.56,9099779.27,9170955.43,9281224.96,9238248.56,9091637.17,8804904.75,9227785.64,9717673.83,9481598.87,8988559.1,8186402.7,7433464.05
2018-07-18,6982159.53,6742047.42,6607625.32,6572579.48,6798249.46,7284614.8,7406132.04,7859863.57,8386349.49,8720182.28,9086686.09,9255691.65,9035296.62,9107033.83,9341406.88,9341890.77,9211818.92,8904748.91,9337834.98,9759502.69,9534956.82,9091903.39,8350374.32,7635609.42
2018-07-19,7146512.93,6922461.07,6793887.26,6729046.57,6959179.78,7435580.38,7565945.83,7973101.48,8467690.98,8834723.54,9214922.39,9379169.59,9185328.8,9230024.79,9399104.52,9384957.9,9158606.98,8851540.64,9236622.6,9683929.45,9467868.69,8956954.57,8259358.77,7676757.11
2018-07-20,7153921.35,6849085.87,6674594.13,6592133.61,6604805.61,6581200.02,6467114.64,6854394.81,7276219.81,7676436.72,8028943.41,8268355.92,8322618.34,8240667.92,8093108.03,8006067.13,7878496.35,7781905.36,8515171.29,9040554.72,8882840.1,8522481.5,8011659.54,7489584.38
2018-07-21,7064211.01,6778236.91,6607773.89,6516424.7,6568408.22,6637514.39,6702511.15,7241547.77,7794192.28,8216162.04,8508654.93,8665157.72,8564167.13,8449828.9,8322596.61,8207604.1,8015453.93,8001711.14,8668457.2,9106684.52,8888311.28,8450925.89,7847495.09,7298527.42
2018-07-22,6885677.33,6625776.47,6417570.84,6307061.68,6263311.74,6176353.96,5984321.96,6293473.43,6681250.77,6987051.29,7259385.23,7424927.32,7472162.58,7429684.62,7337463.13,7233102.18,7133329.98,7161703.81,7901316.38,8547912.47,8457770.25,8138095.89,7569463.97,7080953.96
2018-07-23,6655914.3,6406027.06,6298387.27,6213967.95,6497772.15,7046099.83,7220603.1,7676267.08,8244451.72,8641554.48,8964883.18,9243984.85,9098042.52,9130388.43,9245942.65,9203911.41,9037400.9,8780574.7,9242359.81,9686304.36,9470292.92,8944045.16,8131926.47,7403653.61
2018-07-24,6975754.19,6714975.25,6564987.18,6551401.67,6773282.28,7319792.91,7451078.65,7854435.41,8330217.79,8600583.98,8892885.58,9099821.62,8895341.82,8928020.25,9098999.84,9074967.45,8918190.41,8696051.86,9178686.59,9573589.71,9377765.37,8791514.4,7987761.57,7307020.03
2018-07-25,6869760.96,6594103.88,6458462.43,6418823.71,6651292.59,7123248.69,7322787.09,7819916.0,8349019.66,8632010.39,8920349.22,9181083.57,9036413.43,9080279.26,9288547.58,9296468.77,9129608.0,8840645.89,9334282.13,9787468.97,9569401.04,9037615.52,8259085.81,7537822.81
2018-07-26,7053437.3,6774691.65,6607190.06,6607777.6,6836737.1,7347901.94,7457002.12,7931636.05,8437033.79,8808488.11,9219902.6,9397195.34,9175159.5,9146274.12,9214352.75,9225107.94,9070392.63,8808666.76,9333980.37,9745368.42,9497921.65,8982828.28,8197532.47,7487319.82
2018-07-27,7032554.37,6797177.78,6602145.13,6562569.39,6747633.73,7271590.31,7411617.89,7860137.67,8353109.45,8666098.7,8964428.76,9114194.13,8936366.63,8966113.79,9112362.82,9093155.89,8922930.26,8682214.69,9165518.1,9535910.44,9278711.29,8843552.05,8180132.98,7526837.3
2018-07-28,7066093.55,6775108.76,6644203.69,6572553.65,6682112.1,6823416.24,6937793.44,7476410.16,7981048.45,8380501.2,8665240.28,8866731.17,8762994.19,8553887.18,8407344.24,8277800.68,8184035.21,8098881.46,8805158.71,9235959.61,9041467.26,8575605.79,7960988.11,7406871.11
2018-07-29,6937922.93,6646348.19,6453251.33,6320744.2,6312869.88,6237279.75,6020652.52,6364685.06,6756982.54,7036516.51,7328665.85,7547463.79,7613551.65,7530269.36,7374741.1,7203475.89,7129582.98,7163198.62,7995711.32,8575799.19,8471353.0,8117593.76,7594746.57,7063420.97
2018-07-30,6701613.51,6435043.62,6303174.62,6308974.65,6548170.09,7126408.51,7310429.57,7723343.23,8282913.31,8595767.32,8968431.91,9162168.96,8962452.16,8954849.6,9081519.55,9117096.08,8955468.08,8743783.26,9273068.11,9592613.6,9367071.15,8849635.9,8005244.25,7329895.45
2018-07-31,6860296.84,6665972.72,6470491.55,6460691.44,6702247.62,7279972.01,7333888.06,7718472.0,8142983.53,8376489.87,8729641.79,8832876.71,8588937.69,8568313.15,8714580.75,8727976.1,8609139.38,8441325.49,9010538.75,9394437.41,9171300.01,8661240.37,7841038.26,7156066.09
2018-08-01,6704099.64,6494102.22,6364825.11,6326145.93,6562802.82,7183426.81,7303334.87,7691826.83,8147961.69,8406636.51,8721600.03,8957626.52,8760881.84,8883073.04,9083139.99,9061712.41,8959982.79,8730210.78,9301015.97,9665597.31,9440340.19,8913329.3,8127346.14,7390439.9
2018-08-02,6902935.26,6681030.61,6578135.13,6525918.95,6665968.44,7260675.73,7418004.6,7841856.59,8292714.79,8549852.92,8909729.26,9135767.75,8962060.22,9030701.02,9237547.85,9226165.99,9086760.07,8804000.98,9265556.34,9694269.43,9511805.07,9019376.98,8206013.06,7494390.2
2018-08-03,7020981.29,6742694.2,6589822.79,6561598.14,6814593.66,7285696.54,7453540.59,7857362.76,8296289.75,8610440.58,8961574.04,9211677.04,9041826.13,9096061.79,9187943.52,9126382.7,8962775.74,8691901.71,9267571.49,9578496.1,9296173.37,8806943.92,8100468.78,7489397.67
2018-08-04,7036040.67,6745841.33,6592293.4,6520552.25,6567520.08,6696913.34,6812244.52,7342443.82,7930037.07,8277153.0,8579459.97,8779294.97,8705703.31,8537716.2,8420631.61,8330298.26,8168651.1,8032563.03,8698693.65,9102313.84,8857813.95,8429685.44,7839856.96,7308928.74
2018-08-05,6879157.64,6585888.68,6399884.44,6260579.56,6197435.7,6140080.77,5925400.74,6215195.39,6577570.82,6876188.6,7110742.34,7299228.03,7373178.98,7335362.98,7191007.32,7098399.13,7010866.54,7003156.98,7875069.9,8463360.07,8366749.94,8030427.03,7450314.41,6921156.04
2018-08-06,6550026.92,6292055.42,6155476.26,6094210.45,6291950.2,6707804.69,6908118.68,7436176.37,8044627.43,8412508.62,8754648.12,8989910.47,8877432.55,8968107.55,9162213.71,9101086.54,8938288.05,8539934.79,9008737.21,9476942.1,9255982.82,8796068.27,8094051.42,7415699.91
2018-08-07,6941168.25,6670934.7,6492524.5,6378122.63,6381863.85,6388624.56,6265714.31,6629287.75,7093639.86,7493312.05,7882402.19,8149179.05,8208371.87,8149042.94,8006944.13,7871971.2,7748246.98,7678905.84,8505308.89,9029461.57,8894396.72,8469352.11,7831660.01,7289304.05
2018-08-08,6907559.71,6676250.2,6513346.13,6481697.15,6717409.98,7273256.95,7430496.28,7896289.18,8470873.31,8791773.04,9152964.08,9373006.25,9210967.94,9281147.61,9444264.51,9481494.93,9310701.74,9018537.4,9501429.01,9892399.93,9653524.07,9170391.33,8347717.83,7660238.58
2018-08-09,7172383.32,6941543.64,6795235.65,6723549.69,6963682.88,7438067.85,7589242.44,8030735.29,8570426.95,8871292.42,9184592.43,9420236.68,9229991.16,9272309.19,9409242.9,9454220.36,9281216.67,8993559.91,9551959.5,9967430.02,9716985.77,9196229.21,8400575.76,7670579.93
2018-08-10,7225526.26,6973210.31,6817553.75,6720114.01,6924586.34,7378318.34,7512806.49,7971560.31,8504324.92,8791643.48,9147615.99,9389675.25,9232783.1,9300830.12,9475498.88,9469841.61,9256591.29,8891035.93,9366823.9,9813866.66,9568798.4,9125071.75,8427734.13,7760332.85
2018-08-11,7288385.83,7022554.23,6826991.61,6735653.65,6781066.82,6848917.68,6974154.15,7531312.43,8122981.4,8530082.53,8898457.85,9094181.63,8988090.32,8824318.07,8688537.2,8582777.54,8410278.04,8278394.61,8966267.3,9409972.5,9159410.82,8679240.66,8087608.42,7528929.42
2018-08-12,7067003.86,6779280.76,6575557.88,6439007.44,6421856.16,6430762.96,6223356.71,6488048.46,6906914.71,7251357.29,7517235.25,7732788.07,7820785.55,7797677.87,7679760.23,7590954.05,7443845.55,7430245.84,8246774.94,8809049.0,8739833.54,8400310.22,7863797.68,7316038.25
2018-08-13,6927142.35,6698975.43,6533300.43,6494945.21,6728143.92,7251093.44,7398105.45,7874243.64,8498408.72,8858687.32,9223344.72,9439686.35,9294967.2,9349587.49,9484002.01,9458879.64,9289840.11,8971693.15,9525195.56,9870142.63,9638674.34,9114946.72,8255448.03,7585115.74
2018-08-14,7124200.98,6875090.51,6720431.53,6648436.21,6878072.15,7436806.31,7569875.24,7962912.63,8413046.53,8664031.83,8971461.27,9129330.79,8899798.53,8916024.48,9131681.62,9135221.86,8992475.58,8812468.93,9362181.77,9673764.54,9411277.56,8867955.18,8074273.3,7346011.49
2018-08-15,6841817.5,6579389.5,6432764.09,6252228.13,6377235.71,6970412.78,7108324.52,7510267.25,7930257.14,8231303.25,8553508.05,8813053.06,8633041.26,8680290.54,8892285.4,8952725.67,8828623.94,8607732.63,9167785.49,9606081.01,9377413.25,8839526.65,8040102.05,7305815.38
2018-08-16,6804322.02,6584072.95,6442749.92,6392705.99,6632183.8,7214358.21,7353562.33,7827113.79,8272175.01,8562617.31,8922146.59,9134556.19,8972689.67,9101978.52,9378060.07,9386901.89,9210207.37,8875274.76,9460800.36,9900616.45,9648981.79,9141041.36,8345152.12,7625468.71
2018-08-17,7148522.02,6873721.05,6681182.15,6634742.95,6873455.85,7401154.82,7488549.84,7948181.91,8494515.58,8804958.19,9111800.84,9215532.87,9149451.48,9233814.96,9477227.76,9447109.89,9265265.51,8997065.04,9533181.52,9870776.74,9616488.55,9156287.89,8460772.66,7818460.03
2018-08-18,7323552.71,7035415.32,6844588.75,6754230.07,6820153.76,6937390.03,7040356.65,7575377.7,8124277.13,8506663.37,8794644.23,8979422.76,8884119.26,8722706.52,8560874.01,8428409.95,8271241.93,8188221.0,8953355.15,9255537.49,8983691.57,8502005.61,7900147.32,7301144.39
2018-08-19,6857673.49,6536353.3,6362908.04,6220746.64,6173064.72,6060004.92,5889080.64,6220283.07,6590669.46,6937250.53,7202521.97,7408439.3,7495703.35,7421545.18,7337316.77,7212213.4,7121540.1,7132643.86,7927240.73,8377830.36,8261801.85,7931228.66,7479058.14,6997561.64
2018-08-20,6652377.81,6375618.57,6197691.31,6090118.63,6083599.4,6063878.84,5946294.41,6347109.99,6843916.29,7281520.74,7638913.4,7921222.14,8018844.58,7967481.58,7806570.9,7648511.72,7543984.17,7507501.31,8372168.34,8913562.83,8762816.82,8350071.07,7760595.04,7217242.73
2018-08-21,6854887.37,6597738.24,6455168.14,6475636.46,6732665.42,7245231.67,7373506.36,7849667.08,8431073.57,8784629.33,9157660.99,9400366.65,9170481.27,9252168.29,9433791.77,9443794.76,9265361.78,8946682.92,9544855.68,9903169.49,9613243.84,9147853.38,8343922.19,7617866.84
2018-08-22,7155771.93,6876641.58,6685154.95,6644974.11,6860492.6,7395569.23,7530953.6,8012637.0,8523922.26,8804231.63,9156753.59,9437989.16,9266856.45,9324679.28,9520297.02,9490825.78,9322445.71,9019639.13,9599190.1,9925625.4,9665446.65,9149172.2,8315700.95,7594998.86
2018-08-23,7119338.98,6845427.58,6678136.35,6628945.03,6903724.49,7485273.12,7590259.71,8047493.62,8601297.15,8930139.31,9231567.28,9458130.74,9256748.58,9286037.72,9476471.45,9406855.07,9192258.19,8891296.14,9418808.43,9676837.7,9452990.88,8910186.88,8114491.2,7451460.73
2018-08-24,6986609.67,6739523.28,6543441.47,6485931.87,6726775.92,7235983.0,7421168.53,7842868.8,8387464.97,8698704.34,9038560.84,9268336.25,9161141.58,9312516.13,9506128.28,9468760.55,9303749.69,8986427.43,9555650.84,9840912.86,9597724.03,9179432.91,8465787.23,7819056.9
2018-08-25,7316387.99,7009940.1,6812292.44,6740178.73,6825622.72,6903973.28,7089087.57,7671127.08,8264711.48,8673714.72,9006383.67,9171941.6,9036066.35,8788352.24,8648323.1,8511104.52,8292060.94,8161232.88,8962804.42,9240004.68,9004144.85,8569106.69,7985289.11,7431138.37
2018-08-26,6972927.83,6636089.8,6471893.8,6339462.59,6232818.32,6200516.96,6086823.36,6409337.68,6805071.2,7105419.79,7363565.01,7566389.21,7591363.44,7477238.14,7359130.32,7238501.24,7156935.08,7229782.13,8201913.1,8625842.94,8536332.63,8182544.31,7627585.6,7063507.19
2018-08-27,6692814.9,6452713.75,6344553.07,6329803.77,6587390.17,7141265.11,7328766.81,7781726.37,8344554.7,8663004.36,9051802.0,9271227.7,9115269.71,9161707.8,9305199.04,9175321.71,9027170.7,8784542.12,9433798.51,9752832.53,9522447.63,9045937.06,8202895.43,7452177.39
2018-08-28,7003664.83,6747597.4,6594114.04,6586734.07,6831714.51,7386560.83,7532309.36,7989422.38,8519232.04,8849474.82,9217213.84,9417718.97,9196565.66,9291987.34,9457413.41,9425898.84,9223387.46,8978493.34,9637666.73,9910182.84,9668903.05,9129894.56,8305839.88,7594077.5
2018-08-29,7103560.45,6847196.0,6696641.73,6651336.03,6920816.0,7473350.46,7619887.06,7997404.03,8504642.82,8832961.95,9171506.28,9308759.02,9176630.14,9254962.17,9432079.4,9412835.8,9272480.56,9026920.77,9653217.63,9898240.19,9650677.22,9128964.95,8304270.94,7600660.7
2018-08-30,7121346.68,6867223.9,6713854.25,6654167.01,6886483.46,7459877.82,7584821.89,7958267.39,8386825.58,8639700.26,9015029.5,9283353.82,9049543.17,9161415.7,9393409.4,9405903.62,9228928.84,9009887.0,9632453.08,9873485.02,9597714.53,9071911.42,8269620.57,7571623.56
2018-08-31,7080660.02,6847439.51,6696802.33,6652368.18,6864083.18,7392251.85,7525768.08,7971424.26,8547618.58,8887511.94,9219180.96,9487778.16,9299993.36,9340551.88,9534055.02,9530689.41,9367900.13,9054232.77,9695266.21,9854082.8,9560552.78,9085679.86,8459010.33,7772575.42
2018-09-01,7292356.5,7032052.62,6817996.63,6756018.59,6746414.31,6866208.84,7012339.72,7570523.52,8159496.1,8539711.5,8822981.59,8944992.01,8843926.61,8680261.8,8534085.58,8382013.32,8276818.92,8241010.04,9143862.31,9362442.03,9143418.73,8657155.03,8048159.97,7483596.95
2018-09-02,7020826.41,6794187.09,6572999.92,6443456.82,6350214.75,6293450.65,6160593.49,6417173.59,6780329.2,7158128.15,7387505.25,7598022.78,7665725.96,7595420.24,7377514.25,7368425.92,7261931.09,7335898.12,8282180.41,8665194.13,8557879.6,8216228.77,7635202.31,7078780.47
2018-09-03,6718333.29,6521891.04,6401280.35,6332666.26,6591969.83,7115820.2,7291331.14,7781605.71,8353919.54,8723421.11,9127640.17,9383824.76,9190014.54,9282491.24,9443954.93,9431706.12,9256080.89,8927941.55,9568418.29,9844296.35,9549793.25,9102845.54,8296456.31,7585160.78
2018-09-04,7130835.62,6879236.79,6712376.79,6657594.9,6873256.47,7446043.33,7567058.4,7947158.15,8413399.39,8656716.23,8978621.37,9187439.07,8977545.45,9004584.06,9141178.78,9080457.72,9000671.44,8829915.54,9531773.84,9776544.16,9473480.52,8996677.15,8154872.45,7433880.01
2018-09-05,6977574.64,6726657.3,6620196.35,6579146.12,6820063.52,7404757.47,7556679.92,7933429.47,8446556.58,8735863.46,9052720.49,9243037.4,9038593.38,8951679.8,9072281.21,9115442.61,8964804.97,8785432.41,9469849.79,9618295.66,9340119.4,8797812.41,8011823.29,7316800.3
2018-09-06,6817950.7,6516735.3,6456147.6,6419587.07,6678604.05,7291381.27,7417209.87,7783124.47,8276132.04,8534711.67,8825282.71,9064606.66,8864000.35,8930618.94,9061297.22,9027695.88,8938806.25,8763726.61,9452576.99,9688594.12,9441207.53,8935965.59,8072295.37,7353606.48
2018-09-07,6856365.46,6661890.69,6489115.51,6452411.67,6636716.55,7229507.67,7449095.84,7881220.26,8399648.39,8636889.64,9009484.95,9218133.68,8983280.42,8943794.92,9080913.45,9059240.96,8843070.92,8744784.01,9466737.68,9651868.09,9390496.6,8847170.67,8085372.04,7348909.72
2018-09-08,6892505.78,6651930.57,6532358.82,6443632.16,6529461.19,6671239.97,6821072.88,7395140.93,7952287.75,8382038.53,8680374.99,8862622.07,8820082.57,8656430.96,8537651.83,8451125.07,8282899.08,8213783.12,9153503.45,9330935.19,9025042.14,8541679.6,7903790.93,7349505.1
2018-09-09,6920213.75,6582784.42,6370150.11,6263807.15,6209769.47,6150929.2,5971264.32,6280401.56,6700475.49,7081132.37,7366517.52,7531570.81,7630558.5,7584687.84,7474995.46,7356415.44,7262566.58,7333283.09,8352966.47,8703668.86,8597265.09,8245099.39,7685908.79,7074742.31
2018-09-10,6647392.44,6416703.91,6271617.52,6257056.97,6516077.43,7067469.77,7251096.65,7702714.81,8321836.77,8702758.91,9070058.98,9300592.67,9151738.48,9200051.41,9408505.32,9337990.71,9178731.87,8963785.88,9711160.49,9927954.65,9671996.67,9106789.5,8308020.07,7592698.74
2018-09-11,7085175.51,6802284.66,6630312.87,6595053.18,6861411.96,7436607.96,7561013.14,7974126.01,8497319.39,8816123.28,9146787.12,9342772.91,9147282.74,9190217.66,9405962.02,9346784.12,9160987.17,8917922.16,9711338.53,9889744.03,9553321.98,9023576.66,8165441.26,7453957.94
2018-09-12,6996284.12,6759410.74,6630557.07,6591641.59,6818267.99,7390831.79,7565384.32,8016726.44,8512542.45,8783101.68,9122044.77,9353977.5,9165564.12,9252926.82,9477382.95,9432064.13,9251891.03,9059913.69,9766503.39,9917734.42,9659708.46,9134650.79,8288589.1,7569725.46
2018-09-13,7082587.98,6829444.71,6662784.6,6604675.98,6843012.71,7374641.62,7537603.27,7976143.43,8455467.9,8751529.51,9076384.95,9332357.5,9159590.17,9185236.01,9346885.89,9338704.44,9192341.79,9031781.05,9687047.88,9745201.35,9515354.62,8970236.35,8142505.01,7468668.39
2018-09-14,6952569.96,6718903.25,6571037.33,6543324.62,6784427.68,7316844.89,7487170.57,7913591.06,8429710.22,8700683.46,9051615.56,9257157.41,9020110.33,8845903.42,9143097.11,9181506.5,9038231.59,8876537.06,9576921.19,9658521.48,9368038.97,8900804.39,8173930.52,7541353.97
2018-09-15,7026289.03,6778913.22,6613969.22,6543831.59,6588906.94,6757229.67,6853727.52,7455068.68,8037663.55,8352753.78,8680904.45,8830849.69,8678281.23,8470410.35,8232693.97,8081794.98,7988170.17,8110234.29,8994993.26,9023801.77,8737066.55,8205859.57,7506561.01,6978518.98
2018-09-16,6598508.26,6327388.17,6137250.89,5997258.73,5971327.54,5859370.5,5679456.77,5995957.92,6416381.26,6709210.16,6978133.46,7177779.9,7271096.26,7237612.27,7087529.21,6989745.19,6907801.61,6997267.37,8064302.7,8353766.57,8232958.47,7836740.14,7261499.49,6740445.24
2018-09-17,6356998.03,6119624.52,6002411.28,5994301.12,6252145.34,6820802.28,6997287.04,7489232.26,8033710.41,8395733.37,8807274.16,9084157.75,8897372.68,8850908.08,9091143.4,9094218.65,8983595.8,8844043.62,9594542.13,9712926.38,9465152.59,8915419.95,8049009.28,7359412.13
2018-09-18,6876087.95,6654382.58,6496203.3,6509380.84,6756574.39,7292574.03,7462532.63,7907965.2,8473968.02,8796408.75,9154514.17,9349389.36,9178907.57,9255206.24,9421889.97,9397132.98,9261137.35,9119587.3,9795476.42,9869212.69,9578848.04,9046828.56,8212810.27,7531120.83
2018-09-19,7045754.51,6789076.5,6636846.44,6571701.52,6810047.25,7344052.99,7466679.49,7899157.17,8409420.03,8715783.54,9070933.54,9298768.4,9139920.74,9219510.75,9434628.25,9423539.83,9258054.94,9043073.67,9837291.69,9954385.07,9657853.26,9137381.71,8265740.11,7608372.61
2018-09-20,7082613.16,6832967.05,6657764.75,6525691.3,6715704.95,7286897.7,7455279.34,7877800.75,8365961.74,8712060.23,9110863.74,9380003.81,9180065.92,9303362.52,9531938.24,9553117.87,9354831.45,9030896.85,9861545.64,9993444.19,9755793.47,9207127.87,8403481.05,7670932.02
2018-09-21,7192495.11,6937353.1,6756783.03,6682786.86,6918540.55,7396344.77,7538044.8,8069607.84,8666296.13,8994000.63,9347045.01,9583380.89,9418279.48,9471410.89,9617580.11,9582544.53,9410239.57,9151119.78,9914521.97,9964150.82,9693792.33,9212780.44,8483768.72,7858149.11
2018-09-22,7359169.35,7035950.22,6807018.82,6681467.98,6764594.9,6877800.06,6987179.29,7571082.49,8098761.29,8458022.8,8764414.65,8972372.36,8884326.94,8680847.86,8519864.73,8388530.14,8279763.22,8333345.97,9274168.56,9336449.46,9029670.61,8545387.07,7888790.01,7341797.25
2018-09-23,6927302.48,6671196.17,6473013.8,6340369.14,6318653.14,6210486.94,6106874.64,6400624.3,6789734.13,7140877.62,7389786.18,7601224.07,7702086.55,7661773.55,7528327.72,7429751.57,7275521.87,7394396.69,8544637.48,8763296.01,8626150.57,8238005.33,7675406.0,7124504.95
2018-09-24,6749227.33,6501689.83,6379960.5,6339528.05,6599899.9,7057535.93,7206976.3,7707490.85,8272888.35,8562057.2,8925545.31,9155536.53,8963981.95,9026039.89,9201983.49,9216131.54,9089766.53,8921189.49,9713624.17,9784594.25,9527187.74,9008677.49,8152648.61,7466659.22
2018-09-25,6990904.2,6750341.59,6597215.01,6550383.65,6769612.08,7307828.21,7397451.29,7883004.6,8423265.38,8735867.67,9092676.46,9305160.83,9133133.75,9225772.94,9401350.3,9388823.23,9194012.52,9039201.89,9835147.56,9903327.57,9612301.82,9048954.83,8235698.56,7548295.46
2018-09-26,7029792.59,6784262.58,6582296.87,6534146.97,6780544.97,7336876.84,7441967.0,7870147.13,8352377.05,8648682.69,9011533.77,9251421.89,9037588.29,9052204.39,9246084.71,9266942.94,9109751.86,9020835.78,9821854.13,9799534.91,9524923.5,9013615.29,8238842.01,7452134.7
2018-09-27,6945149.85,6692436.7,6554403.63,6519014.54,6766273.87,7338302.51,7508899.26,7894663.28,8398425.7,8698942.51,8990216.68,9188273.46,8935305.32,8864510.09,9022016.81,9050986.61,8918735.3,8886874.93,9646678.02,9636276.05,9376016.65,8845466.24,8033840.57,7339639.57
2018-09-28,6865474.18,6639511.05,6488302.66,6459140.85,6698525.5,7221424.67,7365076.7,7838584.02,8385812.38,8659363.86,9011745.41,9253080.6,9034270.01,9071809.6,9144212.92,9139856.09,9009149.88,8839875.81,9574523.11,9582887.4,9330486.5,8842804.98,8171629.54,7519889.22
2018-09-29,7037784.51,6762091.86,6593565.53,6530734.99,6622765.97,6703684.68,6872954.34,7438887.96,8011045.11,8431426.26,8745388.35,8878743.47,8812942.64,8717472.56,8596920.59,8407750.13,8248757.09,8273410.65,9163075.33,9149854.72,8880290.99,8451752.12,7809674.28,7276801.87
2018-09-30,6774013.64,6460080.44,6302693.64,6190116.28,6168109.84,6102006.0,5958415.14,6249253.52,6662114.9,6995122.17,7276323.05,7508897.28,7585542.27,7540049.82,7435707.67,7378693.79,7285046.87,7375310.43,8457160.47,8709345.12,8625622.97,8271678.75,7727336.16,7123054.72
2018-10-01,6720777.76,6503966.01,6333161.19,6320059.37,6550954.01,7105214.02,7264140.97,7693630.98,8358233.59,8719906.64,9036834.35,9232642.58,9003228.1,9038288.59,9187754.04,9103670.63,9069472.88,8958070.22,9658192.85,9720946.05,9340675.63,8829740.17,8043010.56,7307529.88
2018-10-02,6853540.73,6645863.14,6536844.98,6499031.49,6723180.91,7260682.5,7443458.27,7907887.92,8400463.08,8716656.85,9073009.21,9267835.5,9127939.77,9206242.8,9360697.96,9404897.92,9234651.73,9052149.39,9845776.18,9864856.78,9560199.09,9026453.09,8189370.51,7431287.82
2018-10-03,6949393.51,6714563.81,6561475.68,6535525.35,6772430.57,7270472.05,7474565.04,7957924.78,8417441.14,8715022.71,9089710.42,9297869.44,9125121.57,9019590.88,9191185.74,9153559.85,8992167.16,8952881.07,9720437.28,9726403.16,9466632.17,8834571.29,8012833.6,7273581.08
2018-10-04,6772242.56,6525769.25,6424296.3,6400640.21,6676483.07,7214176.29,7412475.53,7850445.04,8318592.23,8524181.14,8947051.99,9166588.83,8970709.07,8982216.88,9228250.56,9226264.95,9126800.34,9049794.05,9792366.43,9769770.63,9485422.83,8858928.35,8086494.47,7384879.48
2018-10-05,6938212.1,6711273.0,6541731.72,6461110.02,6665163.89,7170079.16,7335648.05,7769967.48,8284342.68,8641577.21,8990581.19,9154327.97,9012918.5,9033767.47,9253562.56,9273899.02,9076259.9,8889608.16,9699465.49,9559504.22,9386239.74,8885425.39,8124021.62,7434537.63
2018-10-06,6978012.44,6691378.89,6554996.59,6461763.27,6566936.3,6723673.74,6806780.18,7317576.61,7853318.59,8211392.98,8527146.85,8694579.57,8562233.89,8304592.34,8171670.15,8089918.16,7954622.85,8055800.04,9015676.77,9031513.7,8743984.16,8213730.38,7602677.77,7087047.05
2018-10-07,6628190.59,6382624.79,6219908.0,6090517.82,6039009.76,6012519.82,5898801.69,6263865.36,6671311.28,7034830.41,7332725.05,7581667.78,7631785.38,7528767.04,7397748.35,7293015.3,7247689.4,7402448.03,8411294.65,8571415.74,8433584.73,8096601.73,7557273.29,7028145.5
2018-10-08,6687620.2,6441951.14,6307914.11,6296176.92,6454080.36,6746656.31,6969493.17,7699980.14,8321588.88,8701391.67,8992644.21,9253512.65,9131355.46,9102823.44,9248702.47,9232187.97,9095554.29,9002100.79,9683797.81,9640444.73,9348377.94,8850809.64,8055175.81,7458645.97
2018-10-09,6955571.56,6727307.75,6556048.27,6492404.51,6678796.45,7008426.13,7294519.99,7794440.35,8233784.12,8416952.09,8700791.89,8962887.1,8813903.18,8815343.98,8949879.18,8970286.23,8851726.86,8922653.39,9654342.81,9616614.29,9302979.77,8785269.36,7999755.3,7323459.29
2018-10-10,6823539.02,6577741.9,6468632.21,6416467.84,6609304.2,6913284.81,7173590.13,7767193.82,8310169.72,8587402.33,8980797.23,9275006.25,9102620.76,9042220.14,9143555.56,9128281.57,8959768.28,8961675.05,9685529.91,9637634.96,9281059.27,8693457.48,7953733.27,7295636.39
2018-10-11,6857441.38,6542276.59,6406311.77,6353091.15,6553309.14,6883945.63,7142112.55,7723631.6,8178902.04,8490034.82,8813833.46,9074237.73,8930198.03,8898969.42,9000255.5,8970164.98,8817836.42,8863757.68,9633995.17,9593165.76,9265803.12,8680984.44,7919014.32,7242195.1
2018-10-12,6793462.72,6527661.88,6401532.92,6384971.98,6586148.5,6880505.4,7180663.84,7786227.11,8316481.4,8629829.87,8945598.39,9149817.59,9033931.24,8931936.86,9072144.28,9064207.28,8886576.48,8912230.43,9651347.59,9550377.17,9241585.33,8720438.94,8032291.89,7445212.56
2018-10-13,6860882.85,6614738.78,6439060.15,6356432.6,6464709.39,6564174.75,6699130.01,7226915.18,7807235.76,8149622.5,8467007.4,8656698.18,8558321.28,8376273.14,8201629.22,8094762.74,7991339.75,8137455.64,9094148.64,9060672.04,8799140.14,8326784.84,7650151.69,7153339.88
2018-10-14,6721423.56,6444068.7,6240903.43,6103542.21,6131992.93,6023728.58,5850184.05,6156049.39,6525540.1,6865230.4,7111226.42,7295902.43,7377009.01,7305144.14,7214346.41,7108481.62,6978628.43,7160978.01,8123257.38,8271364.95,8100465.37,7771878.85,7264000.1,6804268.68
2018-10-15,6455652.43,6206092.12,6017552.85,5893865.4,5923982.64,5883025.02,5759540.18,6144804.45,6659456.39,7070154.92,7460198.26,7727021.78,7799685.0,7725965.59,7595882.15,7506427.94,7415804.65,7681343.02,8697105.07,8818382.06,8604559.59,8170616.22,7577423.59,7014478.24
2018-10-16,6604781.9,6352348.34,6192871.69,6169475.96,6430613.42,6999361.53,7179652.68,7649089.41,8195278.24,8518712.27,8891523.41,9087936.89,8891338.16,8949092.03,9145983.95,9156593.36,9012687.01,9074909.82,9790485.54,9744061.9,9467935.96,8907748.34,8091328.01,7368734.3
2018-10-17,6882611.64,6640108.17,6498188.56,6444889.45,6700617.05,7239255.24,7401438.26,7846827.56,8382283.18,8737468.79,9083792.79,9257854.89,8980027.27,9039283.7,9213881.63,9234806.57,9145899.69,9224126.31,9875695.84,9850994.68,9537836.67,8945251.95,8172503.48,7440109.52
2018-10-18,7061496.28,6859623.75,6697446.79,6643520.53,6901449.01,7510451.54,7663532.68,8050994.46,8574611.44,8855683.84,9163905.75,9379508.23,9166965.74,9217683.67,9457526.5,9436204.66,9144680.08,9234996.02,9896610.42,9822138.41,9501448.18,9016620.57,8201294.38,7505798.24
2018-10-19,7034258.3,6762947.5,6619478.28,6590130.66,6782604.2,7336732.0,7530111.96,7982505.14,8499628.13,8726880.51,8997981.15,9305582.32,9156606.25,9167378.94,9281446.37,9344258.48,9210877.09,9177543.66,9760387.12,9644847.12,9348051.13,8856890.68,8214033.56,7553679.26
2018-10-20,7083893.0,6863095.06,6663611.04,6601626.56,6672071.18,6798425.47,6981103.66,7557996.95,8088211.35,8530681.54,8841239.67,9009854.65,8955369.94,8675295.19,8490182.18,8404779.22,8264419.32,8485882.15,9315083.81,9303518.49,9020651.49,8513171.67,7900446.28,7336514.59
2018-10-21,6892539.94,6612297.41,6430662.46,6293234.84,6241100.8,6193555.6,6049349.59,6376895.32,6761178.65,7092191.02,7331963.2,7527752.37,7575143.08,7476747.02,7237768.1,7187226.8,7201042.66,7532171.67,8525924.81,8673221.49,8454768.9,8030822.23,7421755.88,6856004.19
2018-10-22,6503374.01,6275602.59,6138690.34,6169779.3,6443104.64,7022154.2,7222201.5,7660197.63,8172782.7,8492843.46,8838393.73,9094534.42,8911294.22,8937554.11,9046908.9,8979567.04,8841785.07,8956911.7,9563711.68,9562826.43,9245649.04,8741731.63,7941140.56,7274198.23
2018-10-23,6788273.68,6541960.38,6401308.78,6361446.08,6613651.96,7111066.68,7339933.6,7810731.45,8303725.69,8590784.92,8887884.83,9143298.05,8996531.41,8990922.76,9146290.93,9151131.7,9035745.18,9114015.12,9677817.47,9612456.59,9427330.49,8806172.59,7962401.94,7291021.11
2018-10-24,6814803.29,6584628.28,6432142.82,6365082.83,6643994.58,7245385.04,7485451.28,7850563.04,8340227.14,8582664.2,8938285.89,9194626.43,9012854.15,9089928.24,9126478.5,9169586.68,9091617.48,9105566.34,9674886.32,9602257.88,9357062.07,8746623.78,7976287.69,7358018.82
2018-10-25,6948676.36,6702197.73,6621441.13,6616517.93,6868132.9,7377382.85,7533985.69,7942954.51,8423680.14,8727528.36,9086078.45,9315823.26,9149174.48,9164960.78,9351470.26,9358797.99,9241244.52,9354604.81,9911682.06,9818254.96,9508710.2,9006875.29,8236598.96,7589345.87
2018-10-26,7078600.28,6831551.04,6634336.39,6608081.39,6898061.81,7422445.65,7619646.98,8047347.64,8483703.18,8783682.5,9083031.3,9321406.08,9149896.75,9196657.52,9378530.09,9364409.99,9203690.2,9248300.71,9985480.38,9838047.56,9558055.33,8949582.8,8278380.69,7704449.57
2018-10-27,7230967.09,6953601.2,6791392.48,6712917.42,6821149.72,6970238.68,7093285.15,7628158.95,8188125.39,8535581.3,8877943.43,9060103.42,8933380.83,8746795.48,8592877.84,8431930.43,8287979.87,8540059.46,9459450.48,9421864.78,9145959.46,8621937.83,7965515.41,7395217.89
2018-10-28,6944909.34,6655296.06,6494421.73,6377784.05,6367676.52,6231671.71,6165422.83,6515155.47,6907796.68,7237745.89,7491357.95,7744229.04,7790108.65,7687414.79,7557424.03,7463314.32,7375960.08,7693027.67,8746090.5,8806757.56,8654616.66,8266970.95,7708618.21,7147517.21
2018-10-29,6769646.0,6546588.05,6435282.59,6383884.92,6652073.61,7193591.11,7360502.86,7836494.45,8359123.74,8708750.87,9013076.51,9293628.8,9098441.2,9121509.79,9301835.32,9237207.85,9108116.76,9161044.4,9808812.06,9749151.08,9588037.83,8999129.02,8151768.41,7476104.89
2018-10-30,7022613.74,6775245.93,6637719.41,6624454.4,6896833.42,7460651.38,7607891.88,8013382.7,8463275.65,8799038.39,9179992.19,9365016.97,9122131.9,9231398.46,9391451.39,9353451.55,9240190.42,9320189.06,9963038.78,9826350.81,9529320.12,9066207.74,8266156.78,7543960.66
2018-10-31,7045693.82,6804792.87,6653455.75,6590577.84,6925742.6,7446635.86,7609130.39,8006209.5,8534168.38,8839185.36,9202747.0,9443946.56,9268343.89,9352800.06,9517443.05,9435123.37,9181572.17,9145581.74,9580604.74,9393306.8,9245394.22,8876049.23,8247316.1,7647031.11
2018-11-01,7152257.6,6866753.16,6722447.27,6704894.58,6957157.81,7436116.23,7583633.97,8013101.44,8450130.57,8829639.2,9182285.46,9439694.24,9243181.54,9274322.32,9370491.7,9349813.28,9278192.84,9415007.63,9923778.38,9811929.42,9648261.69,9102647.62,8308065.82,7589780.06
2018-11-02,7064493.24,6797370.6,6635108.87,6601198.53,6820496.75,7386444.99,7506613.43,7988867.13,8439210.9,8700840.78,8967846.49,9144604.73,8946163.33,8930752.7,9077453.73,9060441.74,8964358.0,9140549.73,9744405.07,9639542.18,9303564.67,8763800.04,8028004.09,7438555.92
2018-11-03,7011711.57,6733904.3,6521324.15,6432213.47,6560706.45,6696003.89,6869235.41,7485988.68,8019068.17,8333272.38,8691958.93,8849517.55,8744479.6,8564539.64,8381066.83,8219836.01,8144312.57,8426586.12,9280622.64,9214086.79,8895577.71,8387743.37,7756197.37,7206907.75
2018-11-04,6768576.23,6500890.17,6323314.73,6227163.0,6185172.75,6111103.38,6021949.33,6350241.41,6728126.85,7073741.04,7341974.29,7524702.37,7561278.62,7506847.55,7338268.64,7211893.37,7139317.41,7387664.79,8288837.51,8318059.96,8144067.05,7800373.21,7327976.23,6888462.88
2018-11-05,6485781.86,6235123.2,6077637.13,5990308.0,6006340.74,6013431.91,5945937.94,6293444.11,6727254.22,7133920.71,7497323.36,7734848.21,7768256.75,7656601.33,7495121.42,7404973.29,7342804.45,7640440.94,8600517.23,8718528.66,8485165.12,8029640.0,7391363.78,6871991.42
2018-11-06,6469712.03,6269799.95,6158831.24,6150230.89,6397934.84,6976227.22,7201365.61,7662387.71,8217544.19,8580958.44,8943418.46,9183691.81,8985956.59,9039484.61,9210902.25,9230870.99,9114548.91,9151849.4,9772700.32,9812976.46,9494838.99,8881635.27,8079436.05,7380111.25
2018-11-07,6913991.86,6686552.94,6539436.57,6503403.02,6780916.22,7333732.9,7509325.81,7923178.94,8385320.51,8674957.64,8939815.66,9218114.05,9047667.27,9091617.39,9320638.2,9348822.01,9216069.24,9190243.22,9979562.2,9913021.39,9600493.34,9038504.62,8242603.69,7553377.42
2018-11-08,7089964.92,6855768.96,6724353.48,6701296.62,6931114.89,7468620.65,7661944.31,8081696.22,8598595.65,8903414.56,9246381.21,9408449.83,9253669.69,9337022.08,9481112.8,9411065.83,9235039.88,9347073.35,9906847.85,9952614.18,9659949.11,9080324.77,8299170.79,7651351.06
2018-11-09,7157172.26,6932844.71,6762446.28,6708130.57,6955698.79,7468800.13,7639781.09,8038889.49,8505849.61,8790156.55,9043905.1,9314010.72,9164875.24,9175088.64,9307844.87,9261367.18,9069913.45,9191414.99,9632443.23,9570978.05,9331729.37,8866844.23,8207632.23,7590677.91
2018-11-10,7139298.84,6895512.22,6746152.63,6666028.39,6763413.24,6900550.37,7050101.96,7616559.65,8193389.25,8561755.48,8851774.77,9009394.17,8909162.39,8735837.6,8590973.48,8413059.67,8285321.38,8608142.59,9316075.35,9235135.02,9091224.38,8590192.33,8004316.59,7426065.75
2018-11-11,6956093.11,6699226.33,6510578.42,6408418.72,6379247.44,6292302.91,6189422.9,6496929.83,6888993.95,7228213.65,7462477.02,7710944.1,7782423.83,7747849.42,7592881.06,7478375.69,7328531.9,7664735.06,8511095.27,8496078.29,8297655.43,7953394.06,7558831.8,7076972.06
2018-11-12,6678431.87,6398056.65,6286614.78,6227313.78,6242486.97,6159493.78,6100816.96,6524078.58,6998618.21,7421131.89,7787754.18,8071708.43,8111861.25,8026925.85,7830247.98,7717349.96,7600966.69,8013748.02,8905414.69,8963916.89,8750315.49,8416036.2,7820523.67,7238162.46
2018-11-13,6852737.56,6627537.6,6485976.87,6426698.15,6717809.52,7216087.43,7451625.67,7935984.72,8485977.02,8822435.35,9164926.9,9383052.53,9218666.5,9273111.21,9422487.08,9331925.05,9197285.77,9435849.34,9848452.39,9743551.0,9444492.68,8913772.02,8148621.98,7469764.07
2018-11-14,7026673.21,6777311.63,6673861.08,6630161.79,6867868.49,7384738.9,7559562.76,7981864.73,8443183.81,8679380.31,9017819.95,9257841.24,9057680.28,9154909.04,9361154.88,9303175.47,9179453.76,9242319.57,9773754.98,9758436.35,9510899.96,9066083.14,8249423.5,7534945.27
2018-11-15,7076821.08,6768686.31,6681046.86,6651671.46,6876913.04,7372680.74,7581076.65,8059321.13,8597792.81,8922636.29,9264926.58,9454742.77,9236154.99,9345489.93,9576358.68,9452792.61,9299648.92,9369953.16,10017180.34,9935162.7,9658183.66,9110964.61,8326838.23,7612027.34
2018-11-16,7116566.8,6839819.42,6682711.23,6706525.02,6975529.09,7444485.21,7682144.21,8163658.6,8722868.01,9032681.8,9341607.83,9589508.22,9419476.66,9456208.37,9602278.4,9576930.58,9433299.46,9469870.7,10017782.0,9901954.43,9593821.04,9081635.39,8522473.24,7859077.15
2018-11-17,7323099.29,7033952.62,6829463.8,6756022.68,6871403.12,6982470.06,7097826.43,7658010.92,8210154.5,8604922.01,8950364.54,9231562.68,9122137.11,8894710.11,8731124.87,8613150.43,8446586.63,8726883.41,9433014.76,9419223.0,9168042.2,8749888.02,8138793.62,7573289.0
2018-11-18,7110037.17,6811411.51,6580147.67,6395005.35,6364196.5,6312742.69,6183464.28,6496462.04,6952625.49,7385645.49,7679367.42,7908924.63,7911334.71,7829546.02,7726883.01,7635817.06,7530570.94,7930498.47,8752994.28,8807953.74,8643460.35,8237073.88,7695287.34,7164159.27
2018-11-19,6838873.22,6628644.77,6492251.14,6481179.49,6702937.14,7167532.29,7437668.21,7869588.31,8422968.1,8753780.87,9108281.95,9407642.06,9168499.16,9236847.17,9386446.84,9388114.72,9275107.63,9337673.6,10018688.34,9968064.81,9719042.95,9138137.34,8333425.12,7615844.19
2018-11-20,7044720.92,6870994.59,6664580.34,6598677.81,6816051.99,7346554.53,7605500.39,8067671.18,8597716.95,8954572.05,9287879.02,9517447.5,9378779.79,9375587.56,9500544.53,9471071.64,9315463.86,9341056.56,10067082.4,9957107.49,9653232.6,9065694.54,8346988.35,7639986.99
2018-11-21,7071265.61,6812700.39,6679191.61,6574775.12,6834390.15,7379763.15,7647459.8,8070611.73,8623641.22,8910320.71,9224138.64,9437472.03,9239047.53,9248995.06,9402494.26,9357150.95,9232399.16,9352313.12,10040167.01,9947466.7,9645210.94,9074462.42,8247426.8,7602227.66
2018-11-22,7176392.84,6909239.91,6752713.08,6598720.12,6880022.3,7341430.53,7630822.75,8118368.75,8635482.98,8941332.16,9240071.13,9478129.65,9317260.34,9360748.83,9546291.39,9493031.4,9378183.08,9426956.87,10064011.84,9947286.0,9676494.92,9116484.81,8392481.82,7679597.04
2018-11-23,7086356.45,6766457.92,6596551.05,6596783.24,6806496.7,7186347.73,7487846.83,8045775.99,8560291.5,8877325.74,9195957.11,9406475.63,9238625.91,9324456.39,9473809.01,9446646.57,9233338.6,9296894.96,9947255.53,9833172.19,9535378.68,8997836.72,8334104.13,7674207.43
2018-11-24,7200388.39,6868112.26,6701523.63,6630090.61,6732975.38,6862237.23,6996185.77,7612711.83,8167960.43,8504838.55,8867519.28,9059789.42,8897842.06,8677794.21,8544959.58,8457259.78,8361633.12,8595199.62,9421394.29,9368788.64,9099315.16,8612475.23,8002707.19,7467877.71
2018-11-25,7013058.9,6712297.38,6557247.43,6406769.82,6366417.37,6277411.82,6016187.95,6289797.84,6735759.28,7089331.24,7346725.96,7525491.79,7575769.98,7570450.83,7479692.0,7377516.97,7286508.38,7737965.45,8711732.07,8740280.85,8682749.14,8306845.93,7740831.72,7234441.45
2018-11-26,6884853.97,6632461.36,6450346.6,6402588.53,6608931.72,7010646.01,7316751.97,7917600.87,8486600.2,8843865.23,9154092.8,9379700.4,9297493.88,9293048.41,9438937.24,9318052.67,9164601.52,9267712.35,9932583.03,9856765.8,9566464.59,8967648.26,8247724.99,7566889.55
2018-11-27,7052139.62,6829187.55,6663568.64,6604662.59,6798998.35,7178190.0,7422375.51,7940811.61,8462801.75,8778622.53,9080858.99,9251368.19,9088384.91,9091659.33,9205557.47,9154341.5,8998513.55,9122503.9,9785266.92,9665688.26,9354379.03,8799120.99,8054396.17,7349398.1
2018-11-28,6850302.47,6659376.38,6501756.02,6470636.26,6689273.93,7057581.28,7345142.94,7986743.81,8461902.52,8717501.63,8994227.48,9301544.25,9176174.39,9161480.86,9306453.75,9247623.7,9059557.91,9064157.66,9827018.86,9771565.83,9432567.01,8841863.44,8097263.09,7431278.31
2018-11-29,6987168.37,6657342.66,6500614.71,6487620.01,6674120.07,7105455.21,7405254.51,7959519.17,8499902.93,8805754.84,9111301.73,9286315.69,9148097.7,9163470.42,9265272.43,9240946.77,9129157.96,9224136.72,9887265.87,9784891.47,9486701.34,8964155.86,8226912.83,7543030.23
2018-11-30,7033642.31,6819585.59,6655624.21,6579098.35,6798068.31,7144933.43,7383722.5,8003779.7,8521335.46,8752259.65,9121763.07,9378572.58,9183525.37,9216581.65,9281345.8,9262605.98,9102189.96,9135776.72,9796758.12,9656863.34,9398447.69,8864761.85,8206652.93,7630182.38
2018-12-01,7135414.62,6876250.47,6696727.22,6602084.18,6681206.85,6805227.97,6884735.24,7403561.79,7892600.06,8285012.67,8592109.26,8764269.1,8651970.12,8489831.98,8388455.43,8270321.25,8134799.4,8327929.72,9245171.06,9193337.38,8912598.1,8481572.72,7930487.2,7370059.69
2018-12-02,6915104.95,6617608.21,6398163.13,6254620.54,6242056.92,6162705.8,5965886.24,6264566.01,6670937.15,7022538.42,7305537.29,7491202.61,7554672.14,7508383.25,7386703.18,7301698.92,7192140.34,7461223.57,8519347.49,8638210.77,8513932.95,8202826.75,7712187.19,7182390.99
2018-12-03,6768503.29,6532052.21,6351627.61,6286770.42,6481458.75,6834837.2,7146522.21,7753767.39,8365311.5,8727550.01,9066728.96,9312847.06,9186097.81,9198351.3,9326353.02,9275885.65,9110720.67,9157942.65,9882063.88,9835108.43,9556209.72,9053084.8,8301612.76,7607882.07
2018-12-04,7088122.03,6799165.23,6630045.54,6582140.01,6759592.08,7096392.7,7350513.01,7938899.4,8505220.57,8767444.86,9055305.28,9241288.96,9171315.91,9186757.97,9374701.89,9335230.2,9130644.43,9099084.86,9884963.1,9819576.58,9539092.19,9002802.94,8243736.72,7567788.55
2018-12-05,7054349.97,6793775.2,6611720.69,6549366.62,6732399.95,7063076.53,7284798.62,7888739.02,8431799.26,8754512.71,9013494.03,9232943.39,9083527.61,9104559.97,9275541.53,9262531.94,9043584.72,9084515.57,9787262.21,9748411.27,9444750.49,8902418.71,8141662.61,7483310.59
2018-12-06,7000853.44,6744945.11,6562999.1,6494026.1,6647365.08,7021343.67,7243049.86,7827242.09,8349028.38,8679931.21,8998653.77,9239300.67,9112835.1,9037726.37,9267353.45,9226453.18,9065057.67,9088690.99,9807212.2,9744501.11,9458217.14,8945081.32,8182966.36,7525499.25
2018-12-07,7089637.52,6796085.47,6627721.89,6565571.24,6753213.17,7123166.87,7336128.41,7893449.39,8456479.91,8780015.46,9076747.06,9287938.01,9197868.92,9160619.59,9234738.18,9198118.88,8934660.04,8826734.86,9572521.26,9325363.17,8890241.08,8395102.04,7887672.18,7405663.91
2018-12-08,6984341.81,6686849.79,6511868.38,6432924.17,6427477.29,6309061.02,6245155.34,6703490.7,7168433.79,7522809.9,7858656.7,8067649.59,8139785.0,8044701.45,7942994.95,7828398.81,7661375.4,7836848.74,8813306.84,8816124.26,8609732.76,8210171.38,7751731.08,7316200.1
2018-12-09,6862337.31,6584637.09,6392532.78,6258475.0,6206182.12,6175301.6,5994475.12,6304553.4,6765904.64,7136377.44,7437877.84,7621579.92,7725467.72,7677885.01,7653618.05,7594378.85,7499643.18,7608717.54,8638409.51,8779882.18,8592878.74,8271137.15,7777663.94,7249949.81
2018-12-10,6815740.27,6550769.05,6408916.23,6383724.43,6543080.28,6857208.77,7097826.52,7715590.07,8359964.74,8730784.28,9123645.9,9370415.6,9240973.85,9278606.79,9438713.25,9423696.25,9248195.47,9165118.8,9982975.7,9984527.72,9708116.48,9140752.41,8386879.96,7677666.75
2018-12-11,7225746.47,6898910.44,6736483.74,6714004.93,6871468.86,7191668.21,7404377.75,7980745.16,8589117.94,8899314.23,9223217.03,9482501.28,9309197.4,9319179.06,9505118.73,9467424.81,9269421.53,9217912.34,10005049.73,9963295.97,9695327.39,9177690.82,8412468.72,7708597.47
2018-12-12,7206351.53,6903381.5,6768735.67,6642677.66,6860936.02,7213112.38,7456482.43,7983709.15,8520370.37,8817236.98,9130394.38,9370460.14,9245917.73,9296769.6,9413213.25,9388425.55,9253125.15,9163347.26,10005817.68,10022254.89,9752329.54,9214301.23,8482292.41,7808964.85
2018-12-13,7270303.86,7001954.52,6815813.65,6745829.39,6903944.77,7219579.19,7422316.46,8021287.43,8576038.64,8920430.59,9270364.83,9495307.73,9371196.32,9339338.07,9454261.9,9434824.83,9265472.99,9242680.94,9987096.96,9906969.26,9619228.03,9127929.52,8387180.53,7753500.73
2018-12-14,7246605.2,6985099.2,6805488.13,6733508.97,6886119.72,7230437.81,7405486.08,8010457.09,8584899.02,8888522.09,9173340.26,9414500.13,9286059.28,9284874.49,9377668.05,9296126.31,9108690.62,9017897.4,9813915.62,9780969.34,9480290.47,8970503.94,8280211.95,7665773.21
2018-12-15,7215929.91,6934687.4,6700042.67,6608516.34,6703028.37,6843399.55,6878655.88,7398674.62,7945567.14,8319389.62,8602329.45,8796393.47,8723830.28,8580219.05,8438638.84,8309021.8,8154722.68,8210129.83,9193591.41,9245201.75,9010258.4,8636774.82,8071153.45,7484575.75
2018-12-16,6989604.03,6708026.62,6481567.89,6338015.43,6297726.51,6233642.02,6058787.1,6346116.12,6773079.37,7141054.95,7429021.08,7602108.33,7674700.86,7643285.57,7519648.33,7458423.91,7406781.38,7550566.96,8577539.49,8635648.53,8572433.87,8346935.13,7848848.68,7287650.51
2018-12-17,6848330.7,6565766.17,6393804.03,6328461.6,6489234.12,6790275.59,6997369.3,7644561.66,8273208.92,8681164.96,8973550.46,9255786.49,9182254.29,9170659.14,9322927.45,9297344.06,9076038.47,8920096.16,9701097.0,9625709.13,9391513.24,8987822.6,8254522.78,7569141.39
2018-12-18,7095406.99,6823900.86,6647495.31,6577237.37,6743963.56,7017936.43,7183231.15,7833127.83,8457114.81,8811727.02,9131833.08,9366632.5,9260655.54,9277600.4,9445905.77,9398337.86,9177918.29,9049792.15,9794741.7,9726206.62,9494735.07,9049428.92,8381138.97,7671705.75
2018-12-19,7154407.74,6849152.12,6692911.32,6587778.34,6746446.08,7039400.26,7227795.6,7847832.16,8438049.54,8740363.0,9075706.19,9322691.91,9248290.1,9233251.35,9377294.24,9339035.15,9114373.68,8947436.8,9749146.57,9716376.33,9472598.24,9033568.63,8321375.4,7655973.26
2018-12-20,7141178.72,6865482.71,6774842.89,6672414.33,6805917.33,7078535.48,7203827.98,7809455.43,8370268.63,8696796.74,8969037.81,9233161.22,9109699.89,9069605.21,9217836.69,9253891.06,9049798.09,8942271.6,9717193.02,9641313.47,9419004.77,9012453.97,8332514.76,7689753.33
2018-12-21,7178735.54,6885053.34,6678729.6,6624968.64,6754249.49,7010152.26,7175485.53,7757081.34,8366712.15,8673711.58,8982931.51,9194831.04,9026630.21,8958373.95,9063127.76,8991162.57,8784854.21,8729300.3,9514705.36,9478003.08,9220525.85,8833502.8,8207218.41,7603438.54
2018-12-22,7136658.42,6842807.3,6663993.14,6579713.41,6655095.6,6749856.58,6683034.88,7198008.92,7786106.09,8102703.83,8368273.66,8500272.41,8396922.3,8272962.3,8136542.74,8048491.82,7919132.2,7940975.38,8938280.45,9048051.24,8793552.53,8504193.64,8005125.48,7421383.84
2018-12-23,6916323.51,6565722.57,6310535.12,6177198.43,6153623.43,6132690.67,5952194.38,6288500.82,6696822.68,7092345.43,7359986.44,7519224.6,7572207.78,7563444.47,7463528.16,7376785.47,7255114.22,7352017.98,8383937.77,8536477.16,8423136.85,8183334.57,7723303.22,7159357.55
2018-12-24,6713778.25,6380523.3,6181714.41,6049835.55,6140059.72,6279272.24,6315262.79,6798566.2,7326217.63,7720575.06,7942026.0,8049903.8,7973781.04,7777069.72,7626230.17,7513343.99,7360697.99,7415786.32,8534428.07,8558270.51,8117572.06,7582849.8,7101902.8,6759866.28
2018-12-25,6503395.85,6311031.9,6095763.8,5944520.34,5807523.45,5684753.26,5301732.0,5416591.91,5683521.9,5992419.7,6303757.48,6581348.58,6706286.86,6669387.11,6627302.35,6534310.65,6467422.88,6529572.34,7535451.87,7796562.48,7654480.97,7377921.74,6979699.15,6562342.01
2018-12-26,6192415.85,5962743.61,5817949.37,5765981.85,5850480.13,6140448.61,6362356.83,6984594.19,7647104.51,8074689.36,8416532.22,8729221.85,8685090.61,8676203.52,8768122.53,8722272.25,8548851.58,8401655.28,9242866.61,9357649.54,9082130.43,8627216.56,7924121.81,7280997.96
2018-12-27,6808863.9,6499896.68,6317101.51,6257198.82,6367766.08,6638742.15,6752410.71,7270365.27,7890034.29,8265237.76,8587399.15,8855986.36,8761084.26,8698854.35,8874191.43,8832981.36,8662755.35,8542052.6,9380104.43,9459250.8,9180369.0,8706720.79,8028968.4,7418628.55
2018-12-28,6898204.99,6635102.92,6400148.83,6330635.35,6433291.82,6662866.17,6776464.11,7283453.96,7852273.09,8215940.28,8545314.33,8781295.17,8671959.74,8648903.16,8764522.49,8720685.9,8565272.35,8435320.88,9284642.75,9377309.31,9112117.92,8684665.11,8052249.48,7459990.97
2018-12-29,6940013.21,6644400.5,6409810.02,6333580.84,6388669.11,6518305.9,6461067.09,6892191.63,7418339.5,7795508.05,8133945.6,8330545.19,8298322.81,8218183.3,8088516.99,7993330.61,7816729.26,7831457.68,8806756.82,8984616.72,8778061.8,8313032.02,7798777.2,7257871.2
2018-12-30,6788613.68,6474491.3,6280018.19,6112209.24,6096170.06,6109170.82,5906537.83,6166721.14,6524643.4,6859284.08,7141369.33,7364680.51,7340778.1,7323146.44,7287405.36,7214668.45,7132816.85,7162941.61,8140558.26,8365426.89,8203404.47,7914629.48,7443215.99,6961237.05
2018-12-31,6532321.85,6244226.61,6018730.52,5931066.14,5938468.51,6054817.36,5972462.16,6341353.55,6836215.64,7165015.32,7390839.48,7499674.2,7481508.0,7411657.7,7316385.88,7241059.24,7122999.63,7182195.66,8212645.35,8372422.96,7993462.15,7470963.06,7015970.67,6648917.46
2019-01-01,6335461.63,6159144.14,5971251.12,5800409.3,5668076.19,5528183.8,5071090.73,5130835.86,5362085.93,5654179.48,5897165.37,6085285.06,6181896.52,6190450.1,6121131.76,6068547.43,5998986.82,6072567.28,7078941.46,7443364.76,7322683.35,7055678.78,6665202.24,6270995.83
2019-01-02,5948400.47,5773946.99,5642136.9,5582147.76,5639618.09,5800234.26,5880512.3,6420810.08,7060807.2,7461405.71,7840076.27,8126707.53,8145619.3,8152404.57,8204111.83,8202768.81,8051990.27,7869161.63,8660820.11,8866119.47,8660655.04,8267621.53,7677809.82,7076534.71
2019-01-03,6595188.08,6334277.05,6145048.46,6103792.02,6200395.7,6408399.6,6460644.76,6955008.24,7541136.42,7914042.98,8261093.9,8549209.5,8526709.54,8560242.93,8654268.04,8638817.73,8394887.09,8251775.03,9048144.5,9213993.99,8973344.31,8550449.87,7911000.52,7311786.35
2019-01-04,6812299.77,6527667.83,6360320.6,6267446.54,6348201.37,6569579.38,6622407.53,7111283.64,7706762.4,8102375.46,8474093.58,8754522.27,8712552.67,8741167.25,8849415.73,8818057.8,8639005.05,8392731.03,9156798.61,9359527.35,9087809.51,8647913.18,8087330.67,7487978.27
2019-01-05,6995011.17,6713420.33,6521584.17,6409699.63,6432560.1,6516075.64,6458989.14,6860247.51,7425442.15,7829327.85,8196590.95,8418318.6,8406805.25,8281007.37,8126212.42,8059030.33,7919672.92,7889982.14,8807331.07,9032714.28,8802517.05,8352233.87,7820083.88,7308926.66
2019-01-06,6872498.22,6577999.42,6388819.46,6279960.75,6239626.15,6228451.12,5985225.0,6187512.08,6520271.3,6784371.33,7051872.94,7271642.21,7350633.46,7277592.25,7183520.11,7075520.02,6980086.52,7068830.49,8044564.41,8236345.94,8089151.82,7789577.17,7350922.28,6931490.98
2019-01-07,6532146.27,6273501.05,6088537.17,5987535.77,5989503.32,6047356.45,5896615.09,6079190.81,6439494.11,6774855.83,7076224.13,7370579.99,7508072.65,7476530.68,7378421.11,7290247.32,7144749.37,7219456.79,8222158.77,8514855.63,8319209.78,7932506.7,7427737.71,6920279.39
2019-01-08,6556023.79,6334313.45,6179138.43,6151579.52,6272821.78,6572551.46,6743279.41,7255439.84,7854541.71,8238752.72,8606566.17,8902632.85,8807956.22,8840798.34,8877761.55,8835370.23,8636957.96,8494153.08,9203403.53,9298025.86,9038970.21,8517795.63,7821421.9,7219965.9
2019-01-09,6722119.96,6473431.49,6308902.43,6258056.78,6395773.45,6686207.92,6868575.09,7333851.41,7857079.46,8142408.03,8458920.45,8683389.65,8623235.39,8594197.49,8675446.76,8629596.26,8471199.06,8370770.9,9058910.76,9200357.27,8917032.68,8440512.45,7736962.87,7111291.87
2019-01-10,6669424.06,6442320.35,6274288.53,6205122.33,6336351.33,6646666.01,6847037.2,7313630.04,7877928.74,8237520.85,8549579.83,8711970.02,8658546.23,8650258.26,8720409.75,8699039.99,8564979.68,8364016.6,9085485.56,9233688.51,8977108.92,8460315.6,7752069.69,7146028.97
2019-01-11,6686928.03,6427267.27,6255562.26,6230285.46,6371312.93,6699835.54,6876806.98,7396348.96,7963572.79,8278653.08,8613180.96,8851703.45,8785361.82,8699111.92,8830906.1,8808817.42,8647677.41,8428564.04,9100498.11,9302099.27,9006309.61,8491033.16,7857695.57,7285892.44
2019-01-12,6812831.91,6550780.53,6399319.03,6317660.66,6394921.52,6571023.29,6652417.41,7093246.22,7622957.05,8016006.58,8332547.27,8549865.63,8515061.05,8353533.97,8215240.92,8086073.82,7903218.38,7885620.68,8754423.65,8994180.38,8733935.29,8223352.93,7640660.31,7151929.19
2019-01-13,6734959.01,6464152.07,6252219.04,6135529.94,6100192.56,6096207.25,5916761.98,6109487.6,6497766.27,6839533.59,7102822.89,7345672.68,7441329.33,7413335.32,7290547.11,7174040.47,7050318.91,7118381.06,8069662.31,8399892.41,8274871.28,7944204.86,7436646.1,6916300.29
2019-01-14,6529780.23,6280378.98,6134973.45,6102071.54,6255067.68,6630287.25,6909147.79,7432170.26,8004946.47,8317728.4,8689509.16,8917732.9,8799797.98,8813590.9,8952562.78,8905539.64,8725089.19,8508058.36,9137440.84,9341548.36,9101476.31,8622274.41,7921147.74,7268909.4
2019-01-15,6829320.92,6589723.92,6431386.18,6313622.48,6464621.8,6811998.81,7013612.21,7501189.23,8044356.94,8359847.43,8743392.27,8985042.99,8827952.57,8858576.09,9051378.83,9044264.03,8829757.22,8535006.33,9203569.95,9456134.52,9209168.93,8726602.68,8015222.96,7338200.78
2019-01-16,6827379.47,6574403.18,6409377.69,6351588.21,6498489.93,6872872.8,7099420.69,7641155.63,8222350.69,8534477.76,8848832.59,9089697.27,8983823.07,8977358.89,9130481.54,9111933.06,8897165.28,8624867.49,9269824.24,9510077.41,9267986.51,8794287.8,8074975.1,7399072.72
2019-01-17,6969064.74,6740403.27,6586658.84,6525437.83,6665186.26,6970265.31,7247573.78,7743605.74,8271173.92,8588067.22,8987595.95,9270300.71,9120255.39,9135956.24,9319518.14,9314715.11,9077793.02,8770376.32,9404327.43,9659158.0,9381704.76,8856322.92,8134798.93,7464100.87
2019-01-18,7015217.37,6731765.82,6554882.86,6503850.58,6666531.14,7066883.49,7287400.91,7804770.37,8384232.54,8731891.42,9048487.53,9262406.45,9118902.74,9149141.42,9222361.15,9212523.06,9050712.53,8790601.16,9386672.56,9617752.17,9365140.0,8850177.45,8192293.35,7555406.35
2019-01-19,7089323.33,6813534.92,6620681.65,6554724.46,6601702.6,6801502.43,6874571.96,7350166.51,7922190.87,8293599.12,8646669.83,8852650.63,8799160.13,8626026.75,8500295.6,8404756.12,8229959.7,8137797.26,8926152.95,9204061.46,8933435.74,8446407.21,7898924.35,7346839.71
2019-01-20,6870515.75,6553130.77,6341532.01,6245885.83,6177273.21,6168956.05,5953616.98,6202851.86,6606572.31,6937197.03,7216380.17,7423472.06,7509443.03,7510583.78,7391670.0,7301305.13,7153496.46,7211092.68,8149867.81,8568594.3,8480179.01,8137873.0,7607289.03,7066424.15
2019-01-21,6708011.7,6461276.35,6321235.3,6269855.8,6446810.82,6969445.12,7213405.0,7665380.01,8242237.99,8552820.19,8810286.25,9050190.84,8961822.01,9009744.07,9182536.33,9156272.07,8965481.77,8655584.39,9205467.26,9564398.79,9329307.54,8803782.81,8028141.72,7358626.96
2019-01-22,6802385.26,6574852.44,6448250.99,6411485.96,6599638.64,7077711.42,7295343.18,7716460.09,8267925.65,8583487.61,8985383.56,9205518.43,9050337.17,9093046.09,9289918.6,9277089.51,9098838.89,8781174.55,9349644.77,9624907.7,9350266.45,8852835.6,8114558.9,7414439.66
2019-01-23,6919092.06,6661872.78,6530848.39,6520193.87,6711384.63,7171681.88,7328128.72,7741486.48,8291698.0,8648864.41,9015949.67,9258155.17,9079445.81,9125220.85,9291307.86,9295958.12,9114596.2,8850079.6,9415977.8,9751811.89,9568435.64,9047773.02,8292258.48,7648687.74
2019-01-24,7154534.97,6873584.44,6674938.21,6639211.81,6805144.22,7324713.22,7529100.4,7916253.9,8473166.5,8776865.62,9170513.52,9419308.32,9258374.98,9290633.04,9474410.13,9422484.07,9240348.25,8889786.88,9483539.18,9815499.64,9622129.81,9132339.81,8398779.52,7718919.42
2019-01-25,7221387.75,6922596.56,6797102.29,6735293.35,6924109.22,7407872.86,7561803.78,8033025.18,8568609.92,8892131.86,9247819.48,9439480.71,9337082.7,9385605.24,9588412.53,9543197.82,9330235.31,9014799.87,9602041.12,9859639.83,9571187.24,9062001.85,8405100.02,7741658.13
2019-01-26,7274430.92,6969336.69,6809434.0,6710545.4,6773219.14,6941192.21,7013079.17,7494407.9,8077574.18,8482810.92,8824031.9,9052795.73,8964617.23,8812616.9,8653270.38,8567818.33,8374327.49,8243451.57,9027407.41,9340037.99,9115476.0,8626996.05,8032787.95,7496813.31
2019-01-27,7033037.18,6757220.18,6522758.72,6398165.05,6337617.04,6350405.48,6166129.27,6366396.89,6768771.99,7142825.22,7434950.06,7678397.54,7744566.99,7718662.08,7635842.47,7580424.6,7441168.27,7386306.78,8297187.66,8771997.3,8693940.15,8382004.24,7835701.51,7258685.52
2019-01-28,6871893.47,6593717.47,6434376.98,6422716.54,6674778.71,7239068.85,7444977.64,7877649.9,8453650.68,8783102.26,9165520.33,9373184.23,9195006.49,9212248.35,9330111.85,9264624.75,9037420.37,8811294.83,9403058.2,9662371.27,9398991.66,8891416.87,8113607.52,7403144.72
2019-01-29,6965285.22,6776319.82,6640408.73,6615317.19,6823290.4,7385422.79,7591836.66,7903003.07,8353992.65,8673001.43,9034697.4,9244531.75,9073792.2,9181004.99,9360456.98,9368510.28,9207688.8,8889061.54,9445597.52,9746869.97,9512448.07,9016336.44,8284728.29,7620532.38
2019-01-30,7128082.24,6894722.32,6742997.02,6685754.6,6875712.12,7441930.26,7602932.04,7904383.93,8378984.02,8643801.09,8958643.56,9197947.2,9042139.29,9087839.31,9318691.86,9288406.08,9123130.42,8856767.74,9452142.31,9811746.31,9526080.07,8998899.38,8276992.58,7594425.45
2019-01-31,7077712.14,6836528.32,6672854.63,6604304.23,6812850.99,7393098.65,7547190.64,7916631.55,8404721.89,8717985.51,9064930.06,9277432.14,9068223.25,9148314.18,9319444.37,9327328.62,9175299.47,8842617.71,9465469.58,9772050.02,9533241.06,9069756.16,8351028.52,7633559.1
2019-02-01,7136137.49,6859337.33,6722087.32,6680067.83,6883827.59,7456676.69,7590272.68,7922720.53,8395705.29,8627028.44,8880134.92,9104586.26,8955690.03,9055317.08,9292046.77,9316453.28,9159214.07,8892424.8,9440528.3,9647628.13,9403527.67,8925937.59,8285687.68,7634717.93
2019-02-02,7188845.62,6917982.52,6723202.86,6644607.85,6713359.39,6880200.8,6978003.8,7371739.95,7927768.9,8291014.11,8618736.65,8836451.47,8803865.04,8636497.33,8495560.05,8374617.06,8216246.5,8169269.4,8967049.56,9292309.45,9033743.9,8562681.35,7965297.85,7363326.73
2019-02-03,6953817.16,6624668.53,6414563.84,6269693.26,6232607.14,6186003.27,6038157.43,6284086.65,6693763.09,7044665.5,7299642.35,7519756.33,7612794.44,7598896.51,7487011.65,7404003.45,7285805.45,7264514.14,8149455.52,8671244.6,8618450.32,8259277.68,7710963.23,7158198.16
2019-02-04,6776880.58,6548035.8,6413639.45,6395071.4,6665503.12,7307924.57,7496829.63,7812037.59,8338840.58,8682636.6,9054618.48,9304660.04,9123202.09,9218768.19,9411436.66,9421656.1,9273891.19,8984316.91,9555807.11,9910455.27,9642733.72,9049579.46,8183236.33,7573105.87
2019-02-05,7089092.73,6882601.48,6711027.68,6669398.67,6947298.31,7617669.6,7778040.67,8077181.1,8570268.42,8790724.12,9126444.18,9348087.5,9162441.38,9285420.83,9516170.56,9484430.79,9292411.71,8999033.5,9559198.02,9916577.48,9621807.6,9146472.68,8359006.22,7664757.87
2019-02-06,7181393.2,6938840.73,6782162.7,6724226.64,6987641.12,7652913.42,7797155.94,8084475.9,8504569.72,8779665.1,9141148.35,9368210.99,9220634.07,9321017.75,9570964.29,9543955.25,9342320.84,9040466.97,9610392.18,9942723.81,9713301.78,9116781.62,8300181.89,7603889.22
2019-02-07,7153716.81,6933180.72,6796739.04,6771033.3,7017403.6,7659877.04,7771023.87,8106945.86,8557560.72,8834617.97,9144159.9,9396069.88,9215629.01,9344765.95,9598013.24,9581475.17,9322720.13,9071009.13,9671006.51,9960580.14,9680078.36,9124850.66,8343426.35,7644717.3
2019-02-08,7171593.92,6929739.69,6763057.51,6692392.38,6959648.74,7592439.95,7730520.81,8045698.78,8492420.39,8756503.43,9053271.21,9296345.93,9086978.88,9176183.68,9355196.96,9368638.58,9159909.83,8896883.94,9422340.73,9709096.03,9468798.82,8952582.77,8250450.16,7606075.11
2019-02-09,7139514.48,6894496.81,6718979.82,6669400.39,6748540.1,6959324.4,7101017.28,7515091.01,8058961.51,8425664.17,8706980.25,8864079.24,8800821.29,8608479.84,8492515.12,8378131.79,8218885.48,8170671.03,8898288.5,9251987.51,9002637.78,8511225.46,7915137.49,7325215.83
2019-02-10,6853730.43,6597340.88,6394256.44,6264129.03,6250710.64,6225936.66,6021526.6,6294221.95,6671735.78,7032034.8,7291949.91,7494654.35,7572467.62,7558441.75,7453060.87,7411743.28,7353442.72,7355912.61,8222748.05,8702240.12,8616932.13,8269057.3,7712109.5,7133003.2
2019-02-11,6738875.62,6539157.79,6374078.1,6360160.42,6637734.16,7369275.86,7504843.86,7808049.34,8340538.29,8685915.73,9040053.37,9282087.42,9132625.87,9231967.22,9444712.25,9423201.11,9233934.12,8921585.51,9498353.03,9877249.83,9623483.63,9064898.7,8280972.74,7585270.2
2019-02-12,7121297.46,6865717.79,6703351.49,6658651.46,6917166.54,7629900.5,7732597.94,8010619.01,8418743.56,8690776.24,9040577.14,9288898.93,9096041.48,9241247.27,9467532.82,9454173.98,9286039.82,8948513.58,9542215.47,9945062.36,9707075.62,9124405.69,8321986.45,7618251.21
2019-02-13,7146371.32,6888084.96,6722498.99,6624144.07,6881254.11,7611575.15,7726638.49,8029577.4,8537158.64,8817106.2,9138529.97,9394224.97,9307787.43,9424539.06,9654981.86,9641697.97,9441859.78,9126575.36,9655099.97,10019287.1,9760575.64,9257412.83,8446269.58,7715316.97
2019-02-14,7212473.05,6991381.22,6846989.75,6800275.16,6960572.75,7471986.19,7672133.86,8054890.82,8537521.68,8827836.48,9188771.7,9486520.74,9320682.83,9384987.07,9561417.78,9573712.67,9399063.42,9097563.95,9657167.94,10068602.7,9840307.71,9335093.77,8519918.17,7834476.34
2019-02-15,7312391.46,7062516.12,6907067.61,6815884.73,7041452.17,7686577.99,7807644.2,8115964.49,8617404.29,8925056.41,9328187.93,9563498.59,9346233.66,9441195.62,9657365.93,9662428.86,9464229.4,9094409.81,9613358.18,9992638.42,9764000.53,9303205.89,8628086.69,7929683.39
2019-02-16,7481932.07,7162609.17,6974622.48,6863081.48,6950762.35,7153996.04,7278194.27,7697138.01,8247947.04,8645141.37,8963526.82,9195230.06,9077580.29,8912837.24,8746922.48,8662944.09,8505146.19,8430232.83,9062947.15,9429181.46,9181173.46,8689608.97,8163275.81,7561187.78
2019-02-17,7136857.25,6829234.57,6586436.31,6482524.78,6432917.85,6442665.84,6269799.87,6473062.24,6856743.99,7183268.28,7449104.1,7723243.68,7814390.19,7761899.23,7684502.96,7596741.61,7420046.04,7472045.73,8389858.84,8872374.48,8749846.58,8380070.91,7840100.6,7296547.37
2019-02-18,6906525.0,6650759.74,6498810.49,6457492.08,6694810.01,7387813.73,7549425.02,7802207.97,8376506.45,8709522.67,9091818.98,9365859.76,9163521.79,9273032.92,9342395.54,9398357.05,9244304.27,8913975.71,9494799.88,9850603.18,9592615.79,9067911.13,8200929.11,7517960.15
2019-02-19,7036117.43,6793307.65,6635023.78,6576348.61,6827397.76,7507123.76,7650527.13,7956047.64,8357409.08,8617729.96,8943834.69,9148087.07,8952619.04,9031190.03,9301255.61,9307277.37,9148076.92,8886557.2,9492790.78,9778031.9,9523642.21,8975733.98,8121975.79,7295210.65
2019-02-20,6769458.96,6633913.76,6543610.59,6500135.07,6734588.13,7439606.65,7599428.84,7919122.59,8316719.11,8594305.78,8936309.71,9144419.96,8964810.39,9091108.01,9268255.82,9237869.96,9084940.25,8777237.79,9355947.66,9749743.0,9493166.58,8913194.53,8082088.42,7412053.97
2019-02-21,6947643.67,6713272.39,6568744.32,6534367.99,6781125.09,7444818.73,7553097.19,7869602.81,8382818.1,8585093.94,8940840.66,9182430.97,9073740.9,9196505.2,9385493.22,9410189.49,9238281.05,8864639.32,9496749.99,9806842.22,9561891.25,9033750.04,8216902.65,7525874.22
2019-02-22,7035857.09,6786241.23,6626971.21,6563806.31,6785899.51,7450996.4,7573244.58,7913317.34,8423034.74,8777318.53,9134224.47,9397966.44,9248333.83,9374511.25,9596052.73,9565809.9,9352519.38,9011503.37,9535387.18,9814425.9,9526722.23,9007063.8,8300585.97,7670412.25
2019-02-23,7233057.69,6961697.43,6789413.3,6689172.51,6736862.71,6948630.08,7047072.24,7566033.96,8106583.13,8528700.02,8849188.53,9072539.98,8999277.94,8860347.96,8625345.7,8514664.59,8349144.01,8298250.41,9052897.28,9354678.62,9067981.38,8561807.55,7921883.83,7377785.12
2019-02-24,6949616.74,6697967.5,6480239.09,6348186.66,6326164.28,6294065.2,6121316.45,6327668.24,6699158.14,6977723.42,7252986.36,7496771.36,7625960.21,7607329.84,7465080.49,7313050.26,7251563.55,7330144.66,8234569.28,8674133.38,8557644.2,8137784.79,7581236.06,7022035.86
2019-02-25,6647423.42,6416223.48,6276553.44,6254578.31,6520202.88,7230115.01,7357591.12,7709791.98,8208903.5,8549667.24,8931468.8,9162807.71,9034270.17,9143074.3,9344778.41,9334505.61,9132541.01,8813266.02,9331477.94,9715681.63,9458882.85,8938629.47,8062825.7,7356359.8
2019-02-26,6912617.36,6709996.18,6493920.24,6409606.47,6756314.72,7479051.58,7594840.47,7926633.44,8382067.9,8645346.95,8996420.92,9189622.57,9057378.26,9122306.52,9290189.25,9305063.24,9162355.92,8908922.26,9433811.03,9807458.41,9555177.26,9005251.04,8156709.0,7481470.79
2019-02-27,7034998.21,6806918.97,6666971.61,6617349.51,6871481.58,7561436.75,7707877.25,7982267.76,8455881.64,8709780.09,8980164.35,9139107.85,8953513.62,9049676.98,9281408.64,9277220.85,9191794.82,8908410.57,9497318.0,9844254.0,9617871.69,9093119.23,8268175.8,7568967.74
2019-02-28,7089710.39,6843494.11,6670321.47,6621053.79,6886765.02,7579886.44,7643587.75,7961518.38,8373144.31,8645377.75,9014166.15,9245498.87,9100714.57,9197090.45,9383542.57,9359308.63,9223621.69,8913589.79,9500002.72,9828350.54,9577717.5,9031979.8,8263058.65,7594903.65
2019-03-01,7137745.09,6887769.16,6743458.43,6704251.85,6906646.99,7554796.0,7587309.86,7944013.02,8440627.28,8729878.3,9058221.74,9290934.54,9147158.7,9264548.51,9460764.61,9446609.3,9252274.96,8959432.78,9464776.63,9733796.51,9499615.82,9051065.53,8352150.43,7732440.0
2019-03-02,7257678.95,6973176.53,6776155.84,6683956.6,6752446.87,6954279.61,7091278.43,7525976.97,8023064.57,8308944.07,8613047.45,8799876.41,8730398.56,8574470.84,8433557.97,8331541.06,8159458.71,8066053.59,8798980.19,9183344.67,8941150.5,8450179.82,7860400.27,7286507.35
2019-03-03,6847965.53,6572559.2,6379498.83,6267949.91,6227280.51,6246830.19,6070786.11,6312369.78,6668529.36,6991037.34,7239416.69,7518964.96,7630495.5,7602737.65,7507207.17,7407233.31,7262338.45,7329565.96,8153795.58,8569423.06,8475859.17,8123253.34,7581998.21,7038261.78
2019-03-04,6679782.38,6492951.83,6348442.22,6352685.02,6628783.66,7310809.04,7456884.75,7796212.87,8292744.07,8596291.76,8983263.36,9250610.99,9084024.63,9160551.89,9315034.57,9272867.4,9103130.55,8836044.18,9458534.26,9756642.64,9536805.92,9006977.28,8203815.32,7542186.83
2019-03-05,7047535.82,6828582.07,6621078.97,6617408.89,6882197.98,7531507.02,7649848.91,7965388.98,8376772.48,8604751.33,8926784.56,9153924.78,9014586.5,9057407.91,9298055.51,9297121.62,9121631.7,8854805.59,9502993.66,9857779.5,9625968.8,9097778.48,8241663.1,7582277.92
2019-03-06,7159222.5,6942519.32,6780488.78,6739128.8,6994528.3,7706663.64,7824355.37,8105311.97,8571245.78,8838974.59,9082317.5,9384600.61,9187654.56,9224566.35,9485398.35,9486555.69,9281312.61,8994615.25,9551433.26,9907934.69,9603551.57,9072370.15,8266388.22,7533277.0
2019-03-07,7130984.78,6895534.6,6733489.47,6689018.82,6941306.17,7580924.81,7706904.77,8030219.4,8486905.78,8812275.79,9116757.61,9367750.1,9199746.99,9242065.96,9390661.96,9390044.32,9187535.96,8903548.61,9504655.9,9782062.73,9540549.5,9007876.34,8179947.15,7515516.78
2019-03-08,7097607.01,6869060.72,6698797.14,6652514.85,6921426.36,7542835.18,7664930.41,8043996.41,8506422.04,8779661.01,9096266.35,9338653.72,9166484.48,9261591.65,9473689.21,9477613.47,9260333.84,8895175.67,9420669.42,9782460.44,9500791.94,9028090.11,8327837.25,7745813.69
2019-03-09,7310910.56,7019077.34,6837336.16,6742303.61,6804792.54,7026000.85,7109502.65,7623431.61,8167437.35,8543472.02,8887067.41,9072231.21,8963431.06,8834509.69,8697034.73,8598001.79,8417399.65,8325194.16,9039831.3,9357122.84,9111386.85,8602502.82,7982317.62,7465966.0
2019-03-10,7051636.28,6759651.89,6573052.19,6442567.38,6392337.68,6381253.18,6225295.44,6462532.75,6841698.61,7162537.38,7394949.09,7640884.67,7711500.24,7684823.81,7535521.22,7473506.81,7297511.39,7325278.02,8186280.66,8585354.9,8454834.02,8116753.68,7566557.97,7001231.66
2019-03-11,6585054.68,6342915.07,6243157.68,6214810.84,6480007.18,7176852.43,7336591.44,7716424.22,8223997.2,8519849.13,8916152.08,9134418.46,8975527.77,9100111.83,9295698.05,9279580.69,9066724.98,8778479.14,9334809.87,9694882.65,9451097.02,8911431.46,8068476.62,7390813.77
2019-03-12,6931199.74,6668021.62,6547198.84,6481095.89,6718910.78,7367916.62,7556417.84,7899554.49,8389496.69,8672983.06,9006631.06,9229171.7,9035375.59,9083535.14,9263113.33,9242515.91,9055975.65,8812438.29,9360208.53,9738512.05,9462867.09,8866839.17,8084387.42,7399763.28
2019-03-13,6956379.81,6694457.61,6571555.67,6513992.73,6739678.65,7420429.38,7485771.21,7824303.98,8281572.57,8589963.65,8990097.14,9236680.33,9051706.96,9153707.76,9376976.93,9389157.7,9204153.2,8861626.0,9461738.12,9876889.33,9625280.7,9052536.93,8245851.18,7542658.37
2019-03-14,7110635.72,6827437.05,6650772.47,6627710.44,6867632.4,7515571.56,7666918.25,7990978.45,8441438.52,8692482.42,9007614.61,9286600.18,9085856.95,9174500.94,9368299.92,9353619.51,9233891.8,8913804.51,9469021.8,9816292.5,9573223.02,9003476.65,8184744.44,7507932.47
2019-03-15,7041304.35,6796474.5,6647895.82,6624940.31,6862624.16,7527966.09,7648921.63,7982207.22,8428007.75,8717281.1,9063447.6,9300301.06,9145198.92,9239393.88,9429281.32,9387390.8,9196898.0,8895105.12,9457601.5,9736836.18,9470582.86,9003210.12,8281852.17,7637268.95
2019-03-16,7135049.7,6880463.38,6724078.66,6633601.43,6725920.48,6927936.3,7043410.87,7530473.27,8111861.63,8513630.3,8822372.43,9030479.21,8949759.76,8765256.08,8599800.69,8472131.27,8327193.69,8255667.08,8979514.45,9304423.78,9078633.92,8588741.4,7954016.33,7420276.13
2019-03-17,6979231.72,6659018.57,6421036.86,6287857.49,6258611.99,6268972.85,6054001.41,6321961.75,6732036.93,7028768.69,7331205.6,7619290.97,7703783.68,7640887.37,7471543.61,7395525.87,7389952.11,7393816.55,8233108.18,8714525.61,8633163.19,8267623.77,7705048.22,7157240.85
2019-03-18,6719484.63,6491483.79,6359025.01,6323571.53,6609877.69,7276986.6,7443294.7,7876952.6,8369729.95,8689766.05,9057837.4,9266124.59,9113440.61,9193470.78,9355129.83,9339030.53,9115650.18,8813700.36,9316181.37,9659524.45,9443991.85,8895922.98,8045393.56,7369622.99
2019-03-19,6943937.91,6694307.61,6549866.23,6516558.38,6740895.61,7268039.74,7459647.27,7883168.64,8322761.07,8584776.78,8860831.01,9136290.65,8976466.2,9003128.75,9154656.54,9120105.92,8976611.98,8749225.66,9384338.58,9630224.75,9429835.85,8906836.71,8136984.32,7467441.07
2019-03-20,7012686.38,6767397.74,6620984.86,6576304.15,6814603.9,7385178.25,7552503.86,7997839.85,8472023.51,8717760.18,9048248.78,9320448.99,9167119.23,9198742.86,9311542.59,9293969.67,9161019.1,8924471.6,9521542.95,9798426.75,9519068.06,8966305.67,8177131.22,7532206.96
2019-03-21,7070789.84,6835334.29,6643148.2,6592731.25,6880211.71,7596548.45,7690828.7,7989729.11,8434685.91,8675680.08,9025464.94,9289398.92,9078504.26,9139327.83,9352426.7,9334898.03,9152797.09,8786233.84,9432353.89,9686202.33,9454479.71,8940407.98,8147886.77,7507611.75
2019-03-22,7073298.56,6819487.97,6648757.95,6641896.84,6903109.27,7644576.73,7778913.75,8108679.11,8504454.94,8719780.19,8979186.9,9185461.27,8982095.06,9032493.46,9179305.59,9154693.23,9046283.05,8831476.15,9368215.96,9565555.1,9296088.9,8817827.49,8100771.52,7487628.24
2019-03-23,7041576.44,6790526.7,6632398.99,6560442.87,6649866.39,6847440.55,6956772.78,7425480.12,7940444.02,8251467.44,8609224.09,8782582.16,8730938.25,8600648.84,8434549.65,8366577.31,8212277.57,8180476.99,8995623.53,9286559.01,9010134.98,8485676.98,7903727.55,7382200.36
2019-03-24,6927269.71,6653291.44,6443013.01,6328311.29,6279903.64,6281909.14,6079034.81,6355504.29,6732387.25,7055078.56,7349112.23,7557130.97,7636289.46,7593661.19,7500637.81,7409655.05,7303528.1,7284826.36,8176597.15,8539308.41,8342738.57,8006254.28,7534771.14,7067177.6
2019-03-25,6685071.56,6424113.59,6214526.19,6126917.42,6144503.66,6180632.89,6038631.23,6353638.15,6803272.67,7229510.91,7613893.84,7923914.2,8022038.57,7967175.09,7839859.1,7742445.25,7631300.87,7706526.12,8542960.29,8944956.75,8809464.74,8399301.65,7713152.12,7195080.49
2019-03-26,6799391.08,6608881.11,6471424.12,6439114.78,6736340.21,7438899.21,7618860.23,7992093.26,8461553.84,8719873.06,9033072.69,9275268.29,9093706.5,9193380.72,9381433.03,9365876.83,9232594.55,8996769.42,9575293.66,9874026.67,9630449.46,9076120.59,8303527.27,7599874.96
2019-03-27,7096060.3,6825769.41,6681008.75,6650252.98,6915457.77,7564209.99,7671634.22,8057636.02,8434529.3,8713148.16,9088404.05,9339488.06,9173353.76,9229250.91,9349366.26,9345748.57,9274261.45,9046637.56,9622567.35,9905540.68,9658162.56,9153984.94,8369654.42,7644484.47
2019-03-28,7203706.56,6895215.49,6759082.06,6735077.73,7010937.54,7661272.42,7752143.55,8110231.48,8530500.24,8759972.05,9156870.98,9398038.63,9216667.94,9329403.51,9477026.52,9459849.85,9316687.07,9116430.08,9713205.6,9929913.77,9693622.56,9143637.3,8369831.05,7641803.12
2019-03-29,7200931.62,6885445.4,6722734.77,6687107.27,6902770.24,7493027.7,7630000.18,7964753.2,8424186.97,8670565.95,8944586.64,9132243.4,8913415.06,8933463.61,9141747.36,9147936.3,9034876.7,8849099.92,9437263.42,9631314.47,9371999.22,8874094.13,8151868.74,7551179.19
2019-03-30,7103323.6,6847154.42,6677440.63,6620912.67,6687525.57,6911330.27,7043744.96,7540201.92,8093732.56,8438815.52,8773922.07,8947476.41,8821122.57,8657644.83,8501239.49,8382621.64,8253924.06,8188019.29,8996338.57,9285859.14,9026144.18,8598354.02,8031518.86,7475413.06
2019-03-31,7048030.98,6775436.15,6600899.9,6458359.29,6410815.37,6372553.89,6184680.97,6484596.08,6838059.07,7162571.34,7470763.79,7679536.9,7752811.16,7697124.42,7565801.51,7461606.29,7361369.55,7411713.92,8353578.08,8746090.91,8619419.18,8255050.81,7705017.31,7151205.55
2019-04-01,6773690.21,6515668.72,6369486.39,6336896.01,6596976.13,7222641.26,7299903.85,7742876.14,8251149.73,8496142.67,8827039.04,9089488.73,8931435.66,8913997.94,9004255.82,9042353.28,8954540.16,8882364.99,9472524.52,9631434.25,9407751.87,8880392.55,8093168.19,7421104.66
2019-04-02,6972712.64,6747153.86,6600898.28,6578829.24,6822102.76,7385504.2,7537843.4,7895976.13,8323738.56,8568026.85,8829577.65,9055872.4,8868652.74,8962896.82,9191221.62,9202151.88,8930150.21,8678243.5,9358144.33,9655421.14,9416349.73,8921312.64,8125031.54,7369568.3
2019-04-03,6881693.0,6632205.71,6494643.94,6475003.25,6752201.77,7419120.7,7515351.2,7918864.96,8326607.13,8599831.52,8936296.55,9135908.2,8982601.75,9062330.92,9243216.81,9219100.1,9093623.41,8869705.61,9517084.97,9777942.17,9529043.13,9005817.99,8210195.37,7526370.31
2019-04-04,7046002.08,6804878.17,6684105.82,6623578.13,6897693.5,7510248.8,7619554.93,7984715.45,8458812.22,8725189.63,9085414.26,9322316.35,9141256.1,9182654.36,9369767.17,9338074.57,9190209.93,8901673.04,9591905.44,9888056.68,9652282.18,9111663.32,8310047.45,7619231.24
2019-04-05,7140166.47,6890719.23,6750199.18,6718897.51,6950992.03,7551290.59,7655227.45,8068454.1,8539928.88,8843365.39,9148812.87,9410701.62,9242929.17,9286744.84,9448155.78,9415214.47,9294861.41,9045141.4,9610203.95,9754774.28,9408455.7,8946044.08,8261337.79,7661727.22
2019-04-06,7220888.83,6937291.69,6757862.8,6684175.23,6735284.37,6927143.51,7032108.88,7514441.37,8047976.19,8403124.72,8750237.82,8973750.45,8941461.13,8777845.8,8598707.35,8496778.33,8326392.66,8311323.01,9085724.1,9333010.59,9096423.69,8623186.84,8007158.74,7480918.98
2019-04-07,7084778.57,6787727.41,6592796.72,6457951.05,6416489.3,6278066.71,6082612.25,6349495.1,6741970.87,7057718.7,7322253.89,7545602.62,7648766.78,7668909.19,7551620.73,7424832.18,7340849.47,7426782.41,8383896.39,8847502.75,8749167.08,8408216.34,7862582.44,7296834.82
2019-04-08,6908475.11,6670364.02,6529636.22,6500737.77,6753815.1,7345777.38,7437303.33,7859764.27,8373901.87,8728978.87,9130234.73,9361631.2,9230649.66,9293765.47,9424387.0,9412951.48,9251064.7,9051427.3,9603875.69,9872045.45,9638980.43,9064051.89,8300278.71,7628810.76
2019-04-09,7213602.93,6948197.26,6787869.36,6763707.7,7011295.71,7605032.98,7688704.12,8097572.55,8523295.68,8853067.02,9193917.03,9434903.49,9261398.19,9357936.58,9598992.09,9576046.91,9363059.94,9127459.93,9709917.29,9967912.97,9685546.17,9146923.34,8370942.89,7684973.44
2019-04-10,7223327.94,6977571.65,6806202.11,6736797.18,6997840.31,7596651.78,7691575.58,8098201.71,8574691.4,8884548.11,9169535.16,9405637.15,9210261.89,9254120.47,9438965.14,9370792.41,9179997.35,9032176.83,9679836.66,9870729.15,9632918.17,9081667.53,8292437.57,7600331.48
2019-04-11,7154575.44,6941836.37,6779068.2,6735430.73,6969699.93,7530451.61,7639509.68,8008300.84,8470652.52,8775561.14,9137209.09,9348290.8,9147499.06,9233192.48,9438695.51,9446938.5,9298687.72,9075963.23,9717385.73,9956497.66,9719317.83,9219758.16,8441856.94,7737926.59
2019-04-12,7277003.67,6996812.53,6829616.17,6802871.14,7027828.5,7515298.98,7653945.37,8097988.07,8547361.98,8890784.42,9234770.92,9523963.37,9412933.35,9482131.11,9625192.37,9578340.36,9411363.56,9162156.44,9743474.01,9893608.96,9664092.26,9177456.79,8521980.19,7877851.57
2019-04-13,7405581.04,7136048.35,6949835.3,6875152.71,6966257.47,7092358.3,7182159.3,7712037.4,8222225.1,8685899.7,9045496.6,9233200.26,9096748.98,8934374.53,8800549.54,8659186.7,8488626.24,8417924.28,9199079.17,9398578.08,9160073.49,8678396.77,8140814.44,7639620.93
2019-04-14,7200654.9,6920284.28,6748210.72,6636718.48,6604428.11,6536094.5,6436658.49,6755410.02,7178833.66,7500615.82,7744974.24,7970751.73,8075175.85,8038493.83,7898134.06,7774268.05,7672828.61,7716283.98,8568648.16,8873005.03,8725516.95,8399651.46,7919296.71,7315925.8
2019-04-15,6893590.05,6673370.71,6547645.02,6505376.63,6657318.18,6934166.98,7162475.67,7729387.7,8314370.42,8680122.9,8988105.6,9264703.51,9211381.9,9258447.18,9358920.03,9310453.16,9130524.41,8970420.91,9557560.44,9712710.21,9486679.9,9035095.1,8317051.56,7687224.36
2019-04-16,7218606.91,6948139.04,6795687.93,6746148.24,6865320.51,7099257.68,7302037.97,7850775.31,8431225.4,8761191.53,9067987.42,9298022.09,9167137.92,9153311.8,9310050.36,9276058.78,9097141.4,8874263.5,9525330.98,9714353.32,9481264.34,9041941.25,8389962.58,7738063.74
2019-04-17,7261667.99,6968970.28,6786509.77,6740469.04,6868451.76,7086047.88,7239024.14,7846293.53,8400845.66,8706865.34,8998601.69,9212523.64,9120125.88,9021720.06,9063663.03,8928970.35,8722297.41,8599401.9,9254821.95,9325015.33,9049745.6,8683371.19,8063126.81,7470782.91
2019-04-18,6982501.29,6711393.48,6509830.42,6430983.04,6395903.84,6340491.52,6132715.14,6414860.19,6747210.31,6992525.58,7254826.57,7494663.78,7542726.35,7462698.55,7328983.59,7220812.49,7069623.87,7065397.86,7939258.93,8268528.12,8114921.59,7800123.2,7388023.36,6926791.1
2019-04-19,6530562.4,6289910.76,6135133.05,6031995.41,6024154.54,5933875.87,5795294.87,6064492.73,6415364.96,6646906.01,6836609.77,7051688.69,7210930.7,7168485.68,7047152.17,6921348.22,6818840.31,6890776.0,7717936.47,7981099.56,7855318.43,7634306.24,7282511.26,6836055.61
2019-04-20,6465883.79,6203992.85,6064760.68,5986945.75,6025712.07,6090374.8,6107080.74,6526147.16,7019369.05,7372741.35,7660433.86,7828457.7,7873556.32,7736931.34,7583636.81,7491665.33,7413266.14,7538096.79,8329764.18,8489840.31,8215793.71,7829788.86,7401876.86,6971499.45
2019-04-21,6578625.19,6327127.8,6158755.44,6081384.7,6069488.24,6054032.98,5880857.23,6161556.3,6549744.56,6880841.5,7164666.33,7351909.51,7497480.5,7482826.89,7403500.32,7272277.61,7182368.53,7329201.5,8223500.46,8625755.41,8441111.1,8021518.15,7476369.0,7002224.5
2019-04-22,6667303.8,6446936.33,6306368.25,6290725.4,6553210.14,7069945.7,7232829.22,7654816.08,8224224.09,8507300.7,8829923.99,9057212.09,8841610.41,8809750.41,8964202.38,8897951.77,8871611.87,8714559.58,9306489.02,9498062.85,9259142.19,8786663.53,8041548.51,7346734.15
2019-04-23,6933014.04,6730014.03,6607119.06,6573736.47,6810971.99,7383952.87,7484212.64,7927372.86,8459475.89,8738182.35,9036425.1,9239384.68,9033860.25,9125078.11,9305059.7,9283356.82,9139574.38,8967243.65,9579296.63,9809195.96,9555760.22,9015032.79,8225782.81,7558323.39
2019-04-24,7036302.94,6796485.6,6640322.95,6644346.8,6871727.69,7454534.36,7543975.75,7967704.2,8439383.43,8710658.8,9010719.09,9210482.1,9071713.55,9112076.21,9288005.62,9318680.25,9166918.81,9059803.43,9659346.62,9845498.59,9581373.71,9028108.35,8315252.26,7599365.31
2019-04-25,7129048.77,6869340.79,6699537.94,6661767.19,6861859.65,7278166.2,7439852.87,7961557.26,8482947.56,8764782.42,9115665.67,9372985.52,9257143.72,9306103.82,9445689.54,9434465.22,9270464.18,9030602.41,9692153.99,9949209.53,9727436.72,9229727.97,8451816.14,7761381.02
2019-04-26,7275609.97,7030464.63,6890161.18,6839125.8,7070023.04,7600419.35,7763684.63,8185581.77,8682558.14,9004942.4,9320698.94,9554645.42,9345325.76,9431892.4,9583483.7,9498359.37,9285754.19,8937105.76,9590142.55,9817598.17,9476494.87,8948321.49,8332385.69,7754478.32
2019-04-27,7273092.31,7041500.86,6884956.97,6779534.9,6868309.32,6970233.99,7119541.78,7706154.51,8324944.09,8706735.95,9015391.58,9200540.9,9095626.84,8913593.97,8748276.5,8585764.11,8453924.71,8408360.31,9209533.69,9441738.1,9201047.18,8736136.59,8120983.56,7608327.18
2019-04-28,7173546.45,6894752.48,6659033.49,6516000.96,6491288.85,6415466.02,6257473.11,6597260.34,7023552.08,7354261.92,7630059.9,7854612.66,7939941.34,7902286.4,7771504.42,7674941.75,7612113.59,7668623.4,8578029.65,8965677.65,8867466.09,8487102.97,7873038.75,7323530.02
2019-04-29,6985915.47,6784168.94,6650941.35,6619438.1,6884263.55,7405031.51,7564265.53,8042599.39,8570598.1,8866366.76,9247041.16,9454266.09,9299631.47,9384943.87,9578571.36,9574824.38,9376034.69,9164395.51,9794503.79,9997495.09,9776124.89,9190561.15,8438325.89,7740609.65
2019-04-30,7307592.25,7055446.23,6886276.9,6825627.73,7084904.65,7579017.23,7689657.63,8177661.99,8737346.28,9083481.32,9437035.83,9660215.45,9472637.01,9505342.86,9614351.41,9595101.36,9365467.7,9068120.04,9705781.31,9850794.17,9569797.25,9059175.76,8382701.99,7780359.36
2019-05-01,7295389.81,7026921.99,6824275.14,6699243.13,6717857.44,6668355.62,6537816.74,6905388.04,7340043.91,7720771.06,8053771.0,8405475.16,8467576.18,8369004.72,8278005.28,8181904.11,8011238.02,7951316.71,8848620.16,9266816.28,9163060.32,8772348.43,8160644.08,7608588.01
2019-05-02,7192517.16,6940061.67,6769766.59,6735996.73,7022523.82,7505545.74,7587311.48,8087234.56,8618491.59,8910668.52,9259409.8,9495437.6,9373449.15,9537175.43,9696645.46,9656548.66,9488349.41,9275854.54,9855896.48,10105363.94,9864636.99,9341580.26,8577349.55,7857711.1
2019-05-03,7457436.36,7192912.63,7009885.42,6945566.49,7173172.97,7672144.81,7791540.64,8279980.83,8826370.37,9147929.6,9468431.59,9667265.83,9476661.81,9489925.66,9623899.65,9633793.11,9441700.07,9212747.5,9803927.7,9925791.86,9675760.55,9218122.25,8589758.12,7982322.56
2019-05-04,7502186.26,7225184.7,7059510.7,6968117.91,7030912.97,7157060.82,7294101.64,7829505.63,8364286.19,8748352.92,9037944.69,9189952.77,9120022.86,9003109.65,8823648.65,8702545.68,8572810.86,8574999.62,9360886.52,9535581.2,9300236.66,8793900.48,8227971.32,7697837.95
2019-05-05,7241162.85,6905274.77,6720565.72,6604240.45,6526862.45,6417666.46,6237148.17,6519090.27,6905212.26,7229427.53,7497182.98,7730711.25,7860007.1,7840962.55,7726420.2,7677009.22,7605433.66,7657874.65,8567320.58,8958139.88,8864140.0,8521236.4,7981347.34,7410900.01
2019-05-06,7034021.36,6857037.55,6727632.91,6703861.1,6926257.3,7458877.73,7621802.36,8120127.7,8723619.55,9051378.24,9414610.82,9663388.37,9506440.12,9606064.55,9747091.06,9741138.84,9560288.22,9281813.91,9917047.78,10133466.23,9884122.46,9343380.53,8596465.18,7893121.26
2019-05-07,7417860.31,7164923.1,6999441.79,6957015.79,7231214.29,7752302.83,7859265.69,8295542.15,8801928.21,9138546.64,9493445.03,9734917.74,9546583.18,9606763.0,9741686.24,9731078.23,9564963.53,9255963.06,9902398.42,10142301.26,9890067.97,9364055.17,8586454.76,7909255.46
2019-05-08,7432184.9,7145696.24,6979082.95,6926806.75,7168108.65,7717350.65,7799570.01,8186490.31,8654678.98,8919462.82,9210208.38,9396552.77,9133797.65,9131477.45,9344899.15,9306418.35,9186425.91,9005338.57,9698767.0,9936935.71,9661693.65,9089491.4,8349834.8,7599190.29
2019-05-09,7113442.11,6886261.17,6726624.42,6671175.23,6911321.81,7460031.74,7573486.45,7951544.96,8422972.14,8715664.12,9060862.12,9288686.39,9105423.64,9079859.43,9175376.1,9151315.94,9040298.7,8903083.66,9591171.37,9733070.44,9471756.44,8857552.9,8069344.63,7366451.94
2019-05-10,6983810.23,6737911.44,6594058.06,6543707.55,6828160.77,7381826.48,7509779.08,7915128.78,8332866.38,8531055.15,8929369.45,9179891.99,9015645.42,9058582.91,9187373.82,9101245.95,8994012.96,8826129.79,9410051.46,9516118.42,9200924.5,8722744.66,8020403.33,7403558.97
2019-05-11,7000808.56,6756948.78,6612078.92,6553847.78,6657335.48,6770885.94,6960559.59,7508450.43,8063135.61,8450972.11,8792056.13,8946121.52,8860595.27,8652677.2,8446618.62,8326319.37,8166797.75,8157446.29,8919202.13,9174829.46,8938611.38,8471626.04,7858606.56,7302827.28
2019-05-12,6893614.62,6625983.19,6417408.39,6271661.47,6206125.9,6154520.41,6063340.69,6384263.8,6810974.72,7162914.91,7399225.94,7553718.68,7594840.35,7451099.87,7340490.84,7243158.82,7179862.68,7216023.26,8083229.62,8513366.56,8437420.83,8166775.02,7688009.02,7199156.66
2019-05-13,6840759.78,6603648.64,6470491.46,6454729.57,6694487.55,7169022.0,7350123.23,7882135.24,8490520.95,8838501.4,9158759.59,9404868.42,9234845.68,9302960.6,9443334.79,9392938.94,9209735.18,9066009.18,9649527.48,9844250.05,9614246.86,9050760.1,8252252.28,7548390.96
2019-05-14,7082593.64,6857616.05,6713482.11,6692480.95,6922705.81,7500489.1,7633235.8,8053399.84,8592284.25,8878257.42,9230794.86,9417617.72,9238131.69,9284281.41,9445328.68,9426233.55,9279791.29,9083241.54,9740535.64,9987011.06,9732267.67,9191553.33,8355451.09,7647860.9
2019-05-15,7246708.82,6986082.92,6854100.15,6828353.51,7045098.89,7529700.17,7649698.31,8060201.23,8524332.14,8715607.12,9064684.19,9263634.46,9079324.27,8999734.77,9210499.71,9250420.08,9116141.63,8907882.17,9566784.36,9834126.14,9642074.15,9108865.28,8291047.26,7567640.91
2019-05-16,7148141.57,6923084.79,6783167.05,6727317.1,6994307.28,7464327.3,7586883.46,7972043.23,8479580.48,8812299.69,9145598.99,9451478.7,9288157.42,9382459.42,9553672.96,9442201.37,9269911.56,9055268.28,9682296.11,9937411.24,9699131.06,9215699.14,8468610.48,7778578.7
2019-05-17,7318926.13,7090747.2,6895418.59,6837713.45,7058618.05,7443638.55,7652562.98,8115498.92,8623803.58,8899237.75,9192781.67,9431887.03,9277640.37,9396659.02,9535189.19,9483247.3,9323957.89,9057304.62,9695046.09,9923072.34,9681151.15,9160735.38,8462326.72,7824108.21
2019-05-18,7335757.6,7045335.62,6900385.99,6774669.91,6848120.51,6926597.34,7107464.68,7633612.56,8155794.54,8544815.51,8861139.97,8972456.91,8942432.76,8780741.33,8640843.41,8535976.14,8406333.86,8327921.46,9097901.12,9331840.59,9067250.04,8603963.44,7977670.99,7386795.2
2019-05-19,6982941.65,6727815.33,6549773.48,6409863.05,6380939.74,6294794.78,6149807.46,6441665.09,6799715.64,7144784.22,7415402.32,7631250.84,7667988.77,7598316.53,7502639.25,7339406.3,7244887.48,7404147.23,8282778.14,8664205.66,8517573.51,8151725.65,7591366.76,7014211.87
2019-05-20,6620858.3,6428521.72,6276250.02,6291883.25,6551687.42,7131820.79,7283735.0,7751499.78,8342313.02,8668491.22,9028672.99,9232592.83,9065598.68,9107291.48,9261115.2,9266016.44,9177298.84,8985992.57,9591971.68,9853558.73,9575813.42,9004093.23,8172605.31,7508458.62
2019-05-21,7081501.02,6830611.99,6709879.53,6630257.19,6841222.01,7376651.55,7568929.49,7853214.73,8311259.98,8623426.81,8949657.28,9126494.75,8949489.39,8997028.81,9235772.79,9251851.41,9065796.63,8846226.43,9557873.36,9818635.77,9596300.5,9058761.98,8233179.41,7531226.58
2019-05-22,7068043.45,6818303.91,6664746.92,6637707.6,6899464.63,7429474.25,7574255.15,7988584.33,8498375.02,8825637.01,9204316.3,9428817.31,9280455.41,9308234.03,9545906.82,9518699.62,9299928.71,9059642.28,9704206.19,9884879.34,9656469.05,9121596.2,8309511.78,7642329.02
2019-05-23,7183283.81,6898819.47,6706620.33,6658099.07,6950279.24,7438201.47,7590241.44,7994448.86,8451823.83,8711359.77,9006896.5,9210122.8,9045774.56,9046549.48,9135299.69,9121694.3,8986924.91,8863795.28,9516393.1,9619782.42,9386240.3,8832278.48,8102064.25,7459662.56
2019-05-24,6985741.14,6725870.66,6596678.81,6574550.02,6811687.95,7276166.13,7483111.44,7943214.39,8443704.51,8815358.97,9197522.15,9430755.64,9271749.02,9316410.44,9457849.54,9377667.32,9196633.11,8935222.7,9451997.6,9589484.03,9350524.67,8924173.99,8226707.43,7640695.65
2019-05-25,7199748.91,6910194.49,6744963.33,6639430.51,6736245.61,6841552.88,7030032.72,7557494.02,8064305.66,8350881.56,8639838.79,8814695.54,8658891.66,8511125.7,8373925.34,8314859.26,8139505.98,8133283.63,8911649.35,9177560.41,8901252.76,8418682.55,7824933.52,7251841.57
2019-05-26,6834540.2,6567638.25,6342795.26,6234816.3,6201129.29,6137668.84,5969296.34,6285516.89,6668496.92,7061689.48,7342813.54,7570133.23,7564170.62,7453756.87,7334073.52,7228923.72,7160514.74,7253476.13,8085758.85,8484011.38,8374340.97,8028891.13,7460192.39,6912081.38
2019-05-27,6544125.63,6303500.53,6141914.05,6139083.69,6390159.86,6979937.31,7180405.76,7609242.18,8140385.69,8420141.25,8834677.25,9037455.78,8889548.61,9000462.83,9180560.81,9202124.25,9075500.9,8821491.78,9431953.81,9770183.71,9554165.11,9015605.28,8249104.38,7544938.76
2019-05-28,7041645.54,6788090.39,6638758.76,6588441.16,6834988.68,7380105.28,7533606.91,7906365.33,8333461.32,8559773.86,8873783.56,8980595.48,8793320.23,8790631.35,8960962.06,8995849.42,8901855.2,8765878.06,9406542.98,9626941.08,9380668.07,8751815.06,7904986.51,7242618.33
2019-05-29,6838343.44,6614618.44,6472485.15,6449870.56,6708249.38,7252268.04,7427371.17,7868781.25,8315580.45,8611950.43,8973746.55,9183995.97,9043966.28,9120506.95,9372260.52,9336227.72,9151244.88,8943317.27,9516953.36,9809147.01,9558237.42,8992126.43,8119851.73,7418084.82
2019-05-30,6960873.4,6698749.76,6565972.3,6513601.09,6751886.27,7262047.38,7480213.04,7888886.46,8298726.41,8544169.0,8852585.81,9039833.61,8838860.64,8897860.88,9075602.05,9061761.49,8960399.95,8831910.15,9451393.12,9695968.0,9447119.42,8862085.52,7988802.54,7341344.16
2019-05-31,6844903.5,6563698.64,6493339.56,6530399.23,6779909.83,7250893.97,7425748.41,7864536.7,8430799.83,8703864.13,8971512.18,9244150.43,9111102.61,9136000.41,9251926.09,9215789.86,8999451.42,8759563.9,9248677.14,9544404.95,9271125.19,8691152.94,7961281.06,7348644.86
2019-06-01,6958963.6,6694618.37,6537449.72,6470633.24,6513555.17,6651028.52,6781441.84,7330310.59,7867406.82,8224163.68,8475758.7,8646362.61,8575264.63,8454205.29,8323151.26,8246036.57,8063413.06,8024840.06,8773363.24,9062751.08,8841635.94,8361294.3,7754684.66,7176039.21
2019-06-02,6748786.46,6496440.83,6348185.95,6227330.99,6205192.41,6073963.97,5913773.79,6211480.35,6672574.5,6999789.68,7254975.22,7441538.22,7548291.55,7577015.85,7502495.53,7394516.75,7263855.28,7256351.67,8040908.45,8479324.56,8325386.68,8000755.32,7476972.5,6995715.16
2019-06-03,6631485.78,6350809.06,6175318.88,6031557.31,6062032.69,6010269.44,5953176.98,6339502.81,6783408.09,7229742.48,7630354.45,7875795.94,7944711.07,7876963.92,7799908.26,7688586.56,7615893.8,7669489.33,8508754.33,8985621.5,8818676.32,8366479.07,7813084.33,7311612.17
2019-06-04,6858190.12,6618792.71,6481416.74,6445506.51,6725065.8,7233980.8,7431154.56,7928458.83,8501327.3,8816268.82,9194915.9,9476109.8,9208380.72,9364111.59,9497373.11,9453376.32,9273662.28,8954481.12,9501987.21,9866019.46,9660274.3,9100999.32,8289808.67,7609360.86
2019-06-05,7205493.02,6940704.75,6773329.56,6758264.56,6968489.77,7473299.14,7602081.59,8043309.71,8596270.76,8925927.19,9236800.98,9476915.55,9303703.34,9358043.4,9449132.51,9416921.63,9330443.29,9109136.28,9719201.34,10061753.74,9789209.54,9210447.4,8418215.09,7748830.89
2019-06-06,7237470.48,6969572.0,6840515.35,6806662.05,7025708.1,7531955.46,7704706.22,8139409.36,8652461.34,8927468.73,9259405.36,9397819.71,9131644.5,8990756.9,9126138.62,9078877.66,8951634.83,8790392.61,9355018.83,9631933.32,9412841.69,8890533.77,8022566.97,7386514.59
2019-06-07,6980853.18,6762990.95,6543861.41,6540843.72,6773642.98,7337708.62,7535841.79,7948942.0,8466233.01,8778887.06,9019315.54,9117402.38,8881661.87,8879101.61,8982745.93,8993199.16,8849833.11,8731621.84,9258631.03,9523957.94,9285793.4,8791152.38,8069615.01,7433365.37
2019-06-08,7003515.7,6759471.37,6554328.23,6486155.34,6586331.46,6696291.03,6937354.76,7505413.62,8071995.2,8448516.18,8720191.71,8891842.93,8938678.33,8748461.42,8593867.15,8507993.05,8347626.0,8297779.18,8989631.97,9417301.45,9159146.27,8705793.15,8065140.57,7511338.74
2019-06-09,7078018.1,6786687.61,6571741.39,6417637.45,6398095.19,6265791.81,6159117.14,6530457.81,6927827.13,7287424.0,7609219.55,7873826.89,7961682.1,7930646.67,7806748.89,7732589.73,7692252.42,7695490.03,8414156.24,8874353.45,8788495.51,8466114.28,7880381.18,7307968.96
2019-06-10,6815154.79,6570364.23,6457940.13,6462269.21,6699213.73,7204088.96,7460961.95,7954750.91,8454501.06,8739781.77,9077631.71,9287603.2,9116172.5,9154138.88,9324495.54,9309774.89,9222809.52,9034988.3,9535376.2,9853958.81,9642135.35,9082945.0,8275134.37,7544516.61
2019-06-11,7120657.24,6875624.95,6708846.26,6649985.0,6870659.67,7336121.01,7479607.39,7919681.3,8474977.97,8773239.29,9140416.13,9424407.63,9251977.56,9297168.51,9474621.85,9334282.62,9144898.77,8940337.23,9482709.29,9835006.65,9631798.31,9064342.46,8146499.01,7479281.26
2019-06-12,7060608.93,6820590.71,6660327.36,6637594.77,6885499.21,7376130.31,7534338.39,7988050.1,8442280.26,8723229.99,9029779.58,9278592.02,9111307.89,9160216.47,9367792.88,9395415.9,9273253.24,9020437.34,9558780.83,9988675.56,9763704.73,9216064.59,8411211.91,7720261.24
2019-06-13,7259006.21,6985005.02,6843318.47,6785301.62,6984481.11,7476545.98,7662687.23,8122875.17,8642835.09,8946068.36,9290660.91,9545964.18,9359314.44,9462497.83,9583465.7,9535649.17,9390908.97,9078637.95,9579719.57,9893462.8,9596117.29,9135757.06,8351584.87,7735661.79
2019-06-14,7273827.41,7020876.19,6838499.72,6790479.43,7007606.46,7397386.56,7634002.89,8176872.72,8745010.88,9031618.91,9390675.35,9621859.28,9443902.92,9502108.37,9682992.32,9628609.17,9448788.94,9148404.54,9625561.08,9919144.19,9702929.57,9201700.52,8491207.18,7870479.12
2019-06-15,7381618.37,7105691.34,6886495.11,6828347.22,6885466.99,6981798.4,7182570.47,7749328.16,8357543.06,8752145.97,9024569.19,9194139.98,9105829.48,8937281.94,8759971.01,8635979.48,8574795.85,8523393.7,9137936.01,9411518.58,9154962.91,8703549.45,8098013.26,7578559.6
2019-06-16,7135105.42,6838052.93,6615580.27,6468110.89,6373222.04,6262111.1,6146421.78,6487842.53,6855851.75,7180603.95,7442221.32,7679889.18,7718405.04,7638314.96,7515818.47,7374378.91,7294945.83,7350507.81,8066793.54,8619865.15,8557569.99,8283161.91,7826231.59,7350491.23
2019-06-17,6968099.28,6729019.68,6572115.1,6520399.7,6682654.83,7032726.27,7336826.46,7950256.93,8608501.82,8993864.73,9370007.65,9625164.21,9516304.42,9522199.82,9692231.36,9618763.26,9463367.0,9141876.86,9547270.69,9980889.74,9773349.1,9293143.09,8477052.88,7823373.25
2019-06-18,7376755.82,7128140.8,6980671.65,6903618.81,7092939.78,7379522.34,7608068.18,8245181.35,8852819.32,9183620.41,9534728.65,9827256.23,9692388.17,9735431.59,9901472.87,9837115.16,9590554.92,9304954.91,9760909.45,10184082.86,9952795.46,9394653.85,8626475.03,7941412.44
2019-06-19,7449800.99,7184649.33,7033394.05,6970739.05,7153501.68,7463560.87,7770541.6,8367268.7,8911584.9,9195001.76,9519616.31,9733230.86,9625945.75,9647893.87,9786510.18,9676056.37,9472869.72,9250660.29,9767331.75,10059761.56,9820810.65,9326519.49,8573798.26,7850403.99
2019-06-20,7409862.88,7160002.95,6996410.83,6917331.04,7130304.54,7415296.8,7648612.87,8235693.61,8762919.41,9131421.38,9473183.61,9693982.85,9583166.87,9584988.24,9645574.14,9637437.71,9460043.67,9199279.6,9768787.9,10079021.04,9881204.54,9366411.11,8550671.79,7925610.71
2019-06-21,7495593.77,7233980.51,7062816.99,6981307.24,7123659.87,7362352.18,7633334.71,8242061.19,8822676.95,9165089.75,9462751.85,9817480.8,9699342.14,9715077.6,9820523.94,9704907.52,9474674.66,9156062.71,9729116.85,10043153.96,9780175.48,9263079.75,8611639.52,8004916.85
2019-06-22,7568876.22,7270075.12,7110172.19,7037465.18,7106029.24,7153427.46,7276653.63,7792032.76,8366021.51,8736437.4,9043922.81,9186428.11,9076787.66,8942039.79,8801912.13,8721559.14,8500477.51,8430569.38,9058766.47,9429653.85,9177526.54,8767333.92,8226440.86,7707560.27
2019-06-23,7272904.22,6998913.91,6796328.96,6660229.71,6606311.72,6512201.85,6349567.89,6664678.41,7034464.91,7330548.71,7596157.04,7809159.93,7904080.67,7902661.2,7797848.99,7680405.22,7484109.93,7478288.87,8198768.63,8578288.74,8448843.84,8165478.23,7763574.45,7298453.98
2019-06-24,6896241.06,6600962.13,6401450.43,6326674.92,6336654.67,6252668.72,6186798.55,6561553.99,6986647.44,7377211.39,7710905.03,7993148.71,8048368.15,7901240.83,7582057.24,7517847.11,7485941.75,7569962.65,8336774.71,8744058.13,8599326.41,8110610.7,7598950.06,7119416.63
2019-06-25,6758317.58,6519725.61,6391728.39,6330937.32,6508029.82,6822676.31,7112806.42,7699158.56,8240324.18,8569900.62,8874923.77,9219120.51,9074739.87,9005276.17,9104939.22,9119105.3,9038986.45,8879306.22,9331840.41,9728945.62,9525573.7,9010152.89,8233942.11,7579580.1
2019-06-26,7118983.65,6872308.15,6711257.02,6670255.61,6837889.97,7090032.87,7398326.69,7989359.99,8595928.26,8989861.62,9272355.22,9525480.65,9397506.57,9430087.19,9592091.93,9523080.83,9354542.05,9058371.2,9514339.39,9946144.73,9706726.24,9206288.12,8497922.15,7804118.06
2019-06-27,7379323.21,7072741.27,6869845.37,6839760.59,7005958.59,7273851.88,7529491.28,8171526.5,8753447.22,9085376.93,9424896.63,9695503.11,9566446.57,9612391.19,9775683.24,9714209.33,9525097.33,9203862.18,9683705.34,10107913.22,9915330.64,9447308.39,8678033.64,8006980.95
2019-06-28,7480521.84,7169372.59,6983729.66,6950768.9,7081714.52,7330289.46,7575505.49,8210985.2,8714679.82,9011479.03,9435219.61,9662511.72,9572710.25,9588956.03,9801484.76,9776927.32,9492689.94,9035247.7,9460140.12,9757951.54,9499834.81,9206007.11,8611069.64,8020018.22
2019-06-29,7531783.92,7217214.99,7022111.31,6880271.33,6927099.42,7009847.05,7071465.59,7590697.67,8200624.17,8574954.5,8899248.67,9078171.24,8967478.92,8775579.57,8697017.72,8643042.15,8435445.72,8327756.05,8899562.24,9296053.09,9074390.22,8653845.67,8078893.14,7549002.79
2019-06-30,7166537.16,6842980.55,6635720.73,6512725.74,6486115.71,6391851.75,6214530.11,6472323.41,6830632.02,7163812.71,7496544.43,7694303.78,7716066.57,7672111.98,7488804.44,7423507.75,7417399.11,7421555.6,8057694.07,8496325.28,8391130.11,8055053.22,7620934.85,7190673.89
2019-07-01,6823709.37,6601641.62,6400959.94,6311407.55,6309437.74,6273702.16,6153780.12,6482211.93,6886642.54,7246952.45,7567569.62,7824567.37,7906734.14,7827742.77,7665005.58,7525511.16,7394763.43,7408575.78,8216910.0,8766196.72,8628485.1,8219565.96,7713349.7,7212126.22
2019-07-02,6805254.9,6540302.45,6327015.38,6335915.77,6544317.3,6930621.83,7159359.71,7733187.14,8321834.96,8627955.31,8992580.51,9201551.79,9069495.6,9081850.11,9273091.63,9399185.61,9212365.76,8838261.51,9418159.66,9878076.57,9619278.14,9065167.53,8291010.06,7625381.32
2019-07-03,7145850.64,6903914.11,6747669.03,6678228.56,6791308.37,7095010.85,7368459.57,7934701.87,8468088.94,8902422.57,9244693.05,9495961.05,9367682.41,9421114.39,9565450.72,9535098.12,9351553.63,9024238.97,9493634.45,10075420.3,9768231.08,9255340.32,8433447.1,7772838.64
2019-07-04,7215263.19,6931232.44,6774619.09,6708503.61,6887687.73,7226231.36,7411068.98,7990050.73,8529135.89,8897214.98,9346819.76,9584167.65,9398364.86,9464910.06,9581976.54,9557087.59,9474170.96,9045449.25,9485897.06,9995835.03,9659263.32,9105241.85,8341157.24,7707695.2
2019-07-05,7281902.75,7018737.3,6826822.37,6776851.26,6925955.86,7276171.53,7486451.84,8073598.94,8718156.57,9081548.68,9471827.31,9712670.6,9552525.78,9603531.24,9706085.25,9695509.55,9438623.68,9122783.85,9592322.27,9940025.37,9607104.55,9199308.47,8380996.65,7820241.53
2019-07-06,7348314.04,7115788.02,6919772.06,6808785.87,6877462.96,6977676.72,7092199.57,7621421.03,8260407.04,8643940.37,8899465.83,9088906.65,9022749.42,8906395.21,8805442.16,8793643.12,8558290.4,8403744.17,8994298.41,9471927.69,9236483.02,8768735.02,8239264.63,7708277.6
2019-07-07,7221799.1,6921825.93,6719251.88,6577996.74,6538641.19,6403642.97,6186202.71,6515055.7,6918562.41,7276711.94,7508566.85,7825453.62,7924704.15,7860629.98,7786734.11,7730807.22,7610268.87,7502006.53,8168386.82,8734684.24,8686793.84,8376435.79,7920099.3,7422811.05
2019-07-08,7021998.68,6780292.12,6604939.73,6517063.98,6655285.89,7075529.49,7252135.93,7895967.34,8481670.91,8829227.27,9161104.99,9418987.34,9301945.47,9319212.92,9401518.78,9332087.35,9096581.39,8752431.28,9150066.32,9541052.45,9360174.36,8812769.28,8050514.98,7405732.17
2019-07-09,6994027.13,6681943.09,6590557.52,6542302.23,6767173.6,7263414.87,7418274.29,7908260.73,8394246.06,8673719.6,8988925.95,9160182.39,8974010.74,9047708.07,9228095.98,9202797.85,9013032.0,8796715.4,9299143.9,9722194.45,9479839.52,9018951.2,8295171.95,7604246.08
2019-07-10,7143365.69,6850487.12,6700576.04,6640944.0,6854551.86,7331543.32,7530282.29,8060932.35,8624348.46,8902024.31,9290612.36,9450999.87,9248642.05,9338240.73,9522892.32,9486919.03,9271199.1,9001223.24,9432737.93,9876223.54,9706084.49,9195580.46,8405945.46,7675922.76
2019-07-11,7224609.19,6950955.59,6787204.67,6723400.08,6945856.32,7389713.07,7528743.35,7995515.21,8497706.6,8811068.23,9241456.55,9436520.69,9266892.99,9314769.12,9526156.11,9531757.75,9352994.33,9029160.18,9414492.57,9894722.2,9689242.94,9238906.78,8495884.18,7792405.79
2019-07-12,7315364.99,7031143.78,6884695.42,6797744.6,6983386.93,7396242.4,7537104.88,8103374.12,8678399.65,8972063.5,9318148.68,9523209.2,9327426.18,9399843.63,9619683.94,9567323.85,9413995.06,9106944.6,9454614.56,9853341.3,9610548.85,9186557.77,8565862.3,7880437.34
2019-07-13,7381529.97,7114679.48,6909783.16,6809462.05,6876730.85,6974264.12,7040332.65,7612277.98,8246754.75,8634779.64,8947674.33,9116309.8,9028792.3,8858715.11,8730469.48,8631385.27,8459910.58,8290952.7,8877774.98,9303741.34,9085274.3,8621874.5,8070347.2,7523478.74
2019-07-14,7118165.06,6841482.06,6598137.21,6458573.2,6383600.43,6316924.1,6160054.16,6481353.22,6880221.7,7251080.8,7543220.9,7727269.91,7841736.37,7783331.28,7639689.03,7562649.15,7436327.89,7404913.26,8207729.78,8803990.58,8739334.12,8389127.94,7863956.03,7306522.64
2019-07-15,6914423.99,6668464.91,6495795.84,6463207.04,6666816.41,7126921.44,7306788.37,7762432.57,8368471.48,8714127.03,9109113.59,9332321.62,9146707.77,9144306.38,9183183.04,9183652.81,9066626.41,8830711.1,9176701.44,9734842.32,9506487.67,8956099.38,8195410.61,7560374.96
2019-07-16,7106596.56,6852494.75,6715755.86,6682199.73,6909255.77,7410390.99,7525192.15,8009695.1,8525635.03,8763659.75,9125935.02,9406136.7,9284820.86,9332478.73,9495966.94,9471657.76,9234171.69,8958900.35,9353031.55,9784585.54,9569164.48,9106730.61,8256224.67,7570134.83
2019-07-17,7136915.17,6871029.76,6720840.48,6640576.93,6877701.78,7398539.08,7519481.44,8015614.24,8477011.76,8806383.7,9143652.15,9468669.35,9307586.68,9393029.12,9556589.69,9493668.18,9364210.46,9050223.33,9471468.55,9974010.1,9793970.79,9310589.01,8516442.58,7786134.81
2019-07-18,7300634.19,6992794.17,6854131.25,6816650.72,7054536.2,7526687.66,7684217.61,8177066.74,8706642.98,9031690.2,9352313.73,9572584.98,9439385.29,9475741.27,9658996.24,9708552.21,9576092.82,9249983.19,9633747.29,10111725.71,9952882.95,9419161.07,8640345.95,7924708.07
2019-07-19,7455976.25,7167764.57,6954124.42,6856462.65,7061110.75,7518048.68,7674768.2,8182631.93,8714894.81,9068915.98,9435717.62,9688476.48,9509182.08,9535501.14,9709588.48,9721692.51,9509877.01,9143765.61,9529271.88,9975686.05,9747519.03,9198371.78,8506966.95,7878830.26
2019-07-20,7418074.35,7137000.82,6937465.91,6794710.07,6785401.49,6776965.88,6664973.17,7096785.77,7556440.21,7956363.13,8300140.23,8526927.37,8588527.18,8527998.66,8398121.55,8312093.96,8123249.82,8023925.13,8663537.23,9132365.57,8938785.27,8550838.42,8044761.71,7568877.75
2019-07-21,7165408.26,6890995.35,6691136.41,6507311.97,6423055.28,6331036.3,6202850.64,6562973.55,6994007.0,7364348.63,7651503.23,7888292.24,7927346.98,7924453.8,7825028.98,7722271.04,7596211.6,7574834.8,8311255.96,8880528.53,8788377.37,8506882.12,8024361.62,7461864.8
2019-07-22,7089509.35,6835501.39,6703110.39,6644786.74,6864240.91,7366119.9,7531473.29,8103022.36,8680697.77,9018481.59,9404899.34,9629425.91,9502903.16,9560532.6,9741065.72,9664265.81,9506326.77,9199206.21,9634980.44,9994160.98,9751176.8,9237196.97,8402774.65,7711605.34
2019-07-23,7272619.12,6985107.33,6844167.47,6799214.54,7010752.25,7496490.97,7609247.85,8001615.46,8466962.89,8736951.35,9023407.7,9246274.09,9054316.14,9094694.6,9291838.34,9275616.92,9158964.59,8883033.48,9408091.18,9842727.4,9596218.51,9017497.3,8297178.86,7613594.37
2019-07-24,7152869.61,6926503.99,6678433.27,6709900.64,6983973.18,7515973.85,7671885.9,8114562.57,8609738.26,8872760.88,9227567.26,9451167.61,9276209.2,9264498.67,9445274.86,9384215.97,9234605.5,8958759.65,9428933.08,9900524.1,9707377.92,9156806.1,8400218.18,7682902.93
2019-07-25,7234231.11,6976437.08,6863859.37,6797478.12,7028816.42,7486435.65,7603418.92,8119152.93,8670753.28,9001196.1,9294224.97,9529095.69,9332252.47,9264625.08,9407952.81,9425431.71,9255144.41,8939641.44,9408600.2,9786804.96,9607521.81,9097527.23,8307440.85,7663691.77
2019-07-26,7188891.73,6910362.62,6806357.76,6760067.46,6965516.92,7454310.93,7571513.76,8059987.23,8640462.97,8958181.5,9231002.56,9496776.01,9347542.77,9376417.88,9448080.97,9413670.61,9239704.65,8939235.37,9402889.33,9749416.29,9522884.48,9073750.4,8351642.06,7684275.37
2019-07-27,7248270.33,6967359.8,6794919.07,6726697.53,6779805.59,6898994.57,7041347.2,7657624.67,8255271.12,8643759.15,8960572.19,9122809.75,9009372.84,8867891.06,8739124.26,8644014.66,8494472.55,8394758.19,8944584.27,9410494.69,9192929.32,8758469.5,8153284.68,7629487.24
2019-07-28,7199250.18,6898693.92,6688435.98,6581124.27,6520300.51,6450719.77,6289479.57,6606379.45,7051736.72,7388571.93,7664896.98,7929486.85,7990309.1,7942164.75,7840611.43,7640903.89,7505591.93,7500376.89,8203841.74,8764270.75,8739747.79,8429360.05,7897973.71,7358140.62
2019-07-29,6946124.19,6720215.25,6582403.85,6526519.49,6752385.31,7270147.42,7443798.14,7973064.05,8599299.85,8961578.82,9345091.86,9592290.81,9431830.76,9438897.66,9662509.37,9661523.93,9524839.69,9124496.53,9489864.56,9963504.55,9775557.59,9276438.5,8522152.85,7835754.2
2019-07-30,7355220.42,7072669.04,6915269.84,6846272.31,7100965.28,7579843.28,7689795.82,8152801.26,8688968.96,9037708.88,9386970.58,9641124.99,9447719.25,9402708.77,9568072.01,9530330.18,9389469.92,9101366.11,9553360.69,9995787.84,9777046.39,9351437.19,8531872.77,7839885.81
2019-07-31,7371553.19,7117692.34,6930844.52,6879850.81,7108773.74,7601095.06,7707991.68,8190661.47,8703661.85,9041341.68,9427173.18,9645170.39,9515991.53,9562283.96,9720770.26,9660394.46,9379840.55,9141780.02,9587295.81,10048442.11,9859919.91,9421153.45,8680446.61,7960297.51
2019-08-01,7430587.46,7156889.73,6978427.67,6911892.23,7123103.54,7638281.25,7712881.37,8131664.83,8624871.03,8901166.4,9203990.37,9460267.98,9283559.95,9366492.21,9519631.12,9470717.18,9311256.81,9028549.74,9480441.74,9890020.63,9738632.12,9288512.69,8538948.45,7846368.1
2019-08-02,7358684.57,7109227.42,6938474.87,6885581.53,7093094.61,7581390.73,7707930.77,8182526.67,8722455.34,9058675.1,9416267.32,9683033.2,9513592.37,9596939.86,9778855.4,9753290.04,9591686.38,9297950.84,9689998.38,10028452.43,9765194.43,9300784.25,8629660.06,7995383.08
2019-08-03,7485517.23,7215063.16,7040419.36,6906337.44,6973312.5,7078691.31,7183092.35,7729711.61,8294756.78,8662588.41,8985555.65,9172890.28,9075619.82,8900392.64,8748186.26,8659790.59,8502003.6,8394585.61,9078593.37,9398958.03,9157451.61,8700085.14,8118312.3,7579274.24
2019-08-04,7161195.94,6884715.04,6667412.5,6523182.53,6496579.29,6415243.84,6192974.62,6480194.04,6855989.29,7150439.21,7465162.18,7676632.69,7806187.56,7759606.45,7658583.91,7539481.83,7429372.79,7461822.0,8258580.17,8773045.14,8708696.64,8347244.83,7870924.34,7358250.83
2019-08-05,6898282.04,6696828.31,6563631.52,6528048.34,6735907.87,7259114.81,7437278.84,7912642.13,8511015.94,8837768.21,9179356.39,9393352.86,9190299.91,9258548.37,9438419.13,9461457.84,9294526.16,9001058.51,9482951.42,9917091.04,9702606.12,9217997.65,8451231.27,7695960.36
2019-08-06,7286306.03,7084797.55,6894778.25,6854741.81,7068721.22,7514161.69,7726069.7,8176607.58,8665486.42,8956086.39,9298724.56,9591701.04,9421314.27,9502722.44,9654593.69,9570918.75,9410163.36,9130665.1,9606456.94,9880561.82,9651703.04,9160839.92,8393473.45,7761852.91
2019-08-07,7290800.88,7027556.24,6806908.76,6680066.31,6708317.54,6699357.94,6604450.53,7024970.47,7465360.57,7845164.94,8228099.72,8568605.24,8584018.01,8450651.97,8298653.7,8152763.54,8021953.39,8036150.12,8774700.13,9335155.3,9231018.09,8810016.9,8249795.72,7668351.85
2019-08-08,7203656.98,6945331.49,6760363.3,6732211.26,6955929.04,7506370.28,7693943.23,8161036.46,8673443.88,9072966.58,9388236.12,9600254.37,9422376.84,9542613.84,9729784.88,9670524.58,9561011.84,9259594.37,9678618.84,10069644.34,9878157.44,9349081.31,8555638.69,7843824.39
2019-08-09,7372895.92,7143369.73,7005355.53,6951263.21,7174490.3,7664487.43,7822334.97,8317134.29,8840708.96,9178744.92,9519634.45,9783397.49,9629515.36,9690872.57,9836320.14,9797547.08,9584477.52,9268172.47,9625560.31,10096702.07,9883386.18,9427329.25,8740662.35,8080869.14
2019-08-10,7563111.62,7265176.05,7047972.3,6948471.09,7009996.37,7133969.42,7249637.9,7804181.82,8497534.76,8911818.19,9260001.45,9433163.95,9337542.28,9146918.42,9032031.32,8928195.39,8774820.38,8682589.12,9297887.98,9671680.95,9472840.73,9011627.75,8408908.95,7874300.74
2019-08-11,7408608.67,7105456.01,6902540.28,6806076.98,6745854.4,6669944.46,6452390.22,6751560.06,7130956.89,7490009.91,7764964.49,8022365.49,8103889.25,8069893.34,7964856.84,7879820.63,7771229.37,7647938.83,8453836.87,8990459.31,8941121.81,8651432.21,8113998.87,7545952.42
2019-08-12,7130415.76,6917696.54,6733317.6,6701780.44,6937859.71,7435307.27,7568285.55,8104772.61,8720406.04,9121528.26,9553672.35,9841887.19,9738491.4,9826993.85,10005493.24,9963367.13,9808741.64,9445239.72,9929028.98,10289043.17,10095590.72,9568859.6,8780223.18,8102798.09
2019-08-13,7666506.15,7392141.36,7219784.5,7144009.63,7359275.71,7881188.01,7987606.0,8464908.47,9021610.45,9314667.1,9635007.95,9872846.48,9667745.34,9714368.19,9799528.57,9765178.85,9628681.2,9313734.39,9817342.84,10208914.04,10011894.42,9539395.76,8727244.71,8008347.32
2019-08-14,7527089.81,7276552.49,7116696.14,7025937.61,7248225.21,7747494.83,7871970.25,8346089.94,8803348.88,9076674.18,9412769.17,9583265.7,9463335.22,9485644.52,9623685.19,9558756.13,9455592.54,9188757.1,9716254.18,10014581.31,9795263.61,9243608.52,8430341.37,7781493.94
2019-08-15,7300576.58,7050124.38,6877229.95,6861915.62,7080715.52,7615282.62,7738645.17,8150978.36,8656245.05,8931979.47,9309921.11,9545716.39,9419877.14,9457723.09,9617658.37,9557198.61,9413729.86,9180073.93,9582063.42,9836533.99,9655419.84,9174933.17,8382951.68,7657509.44
2019-08-16,7193594.21,6910637.31,6736765.55,6678849.83,6912638.65,7427141.34,7594118.9,8013104.9,8420874.56,8668342.08,8958598.43,9167244.81,8990986.3,9031298.85,9236675.72,9229207.79,9104895.02,8882298.81,9415075.94,9624848.04,9390729.62,8922599.23,8216314.7,7558662.46
2019-08-17,7115566.01,6846140.88,6695344.26,6615751.64,6716427.46,6890587.19,6989886.73,7509470.52,8079768.88,8446376.66,8727284.98,8882168.51,8842989.7,8664360.44,8528175.3,8440918.94,8320184.94,8250412.85,8929421.56,9247587.8,9013905.08,8556216.36,7962759.18,7446394.15
2019-08-18,7040981.35,6780870.5,6582897.17,6444943.73,6423806.81,6293802.91,6081991.03,6437220.06,6838664.28,7233491.36,7533430.22,7737954.0,7819236.15,7781898.74,7690316.31,7572508.26,7463491.45,7459906.72,8221376.36,8662529.14,8584174.48,8283657.59,7827198.37,7381756.82
2019-08-19,7036103.9,6759767.46,6584338.86,6466707.19,6454707.13,6411653.43,6272902.88,6624841.28,7105638.57,7536242.2,7955078.05,8215872.74,8278639.1,8191646.69,7980275.65,7862419.47,7746301.86,7780073.57,8632460.36,9043047.0,8861535.51,8435078.19,7839134.26,7274818.8
2019-08-20,6838371.57,6547029.23,6415372.65,6420463.35,6695278.76,7227896.48,7396333.5,7855854.53,8469650.14,8840837.48,9216970.09,9362376.29,9248073.06,9398362.8,9606933.11,9560822.89,9497815.11,9240074.02,9724490.9,10085189.71,9885722.54,9396825.01,8613381.98,7872720.66
2019-08-21,7385979.06,7153975.01,6938896.63,6915207.63,7107015.89,7593377.25,7724624.85,8155563.88,8608229.27,8941926.89,9319060.78,9585181.66,9433402.16,9563338.57,9766856.49,9691078.8,9577187.49,9295008.86,9784939.45,10178937.09,9979562.47,9500008.83,8697237.12,8007667.03
2019-08-22,7495569.96,7235801.39,7066568.82,7014953.68,7217831.99,7722722.05,7823722.4,8302437.23,8836851.13,9130851.49,9478373.63,9707834.67,9552329.72,9674496.72,9908398.93,9936482.11,9743956.2,9426458.27,9897463.13,10258580.97,10016174.09,9556578.24,8811473.4,8048365.96
2019-08-23,7544751.4,7271239.49,7100456.93,7092173.98,7337809.1,7829760.17,7986518.17,8454627.32,8936934.86,9186492.72,9563687.4,9791043.65,9611989.62,9664216.05,9830885.21,9821257.58,9666278.51,9368892.05,9891371.56,10152216.79,9898457.91,9423596.78,8781735.34,8149711.02
2019-08-24,7667834.25,7385207.53,7182972.03,7082376.57,7136756.37,7202109.07,7287935.91,7869286.71,8496098.24,8894736.54,9245365.18,9439872.82,9300401.29,9205167.19,8986477.84,8747688.62,8484832.62,8430794.0,9179961.91,9483981.96,9212869.33,8748820.71,8068672.65,7507094.62
2019-08-25,7099146.95,6784931.44,6596309.16,6455516.97,6448806.6,6402198.24,6225932.63,6529371.27,6990024.67,7311625.44,7617841.6,7864595.18,7936462.7,7915776.57,7875774.98,7825202.37,7710480.89,7690465.0,8586659.56,9014149.3,8937077.44,8657870.96,8147070.8,7606236.72
2019-08-26,7189763.83,6952323.58,6774609.41,6740333.97,6988083.69,7538062.06,7673619.57,8156147.77,8801228.17,9177022.89,9563256.54,9831312.18,9647323.56,9700871.67,9839318.33,9857089.95,9677017.72,9388364.75,9947239.86,10261397.42,10015548.82,9523892.52,8751225.63,8039881.12
2019-08-27,7567170.4,7304660.0,7128019.62,7068764.37,7289968.0,7769657.61,7881211.91,8343545.58,8919557.07,9254331.25,9657012.87,9898971.3,9735946.93,9825091.33,9958809.02,9893558.18,9766882.17,9528784.42,10039935.61,10342038.69,10102794.94,9620367.02,8807177.55,8099346.23
2019-08-28,7630688.52,7330766.57,7143872.18,7073795.46,7257495.81,7672511.06,7795448.34,8325918.94,8839100.35,9135878.33,9425428.92,9640311.49,9504040.62,9537864.79,9685167.09,9608748.05,9443722.66,9163719.9,9727004.05,10018701.35,9787779.46,9297883.97,8551978.13,7841524.41
2019-08-29,7345907.89,7057683.43,6915717.01,6829863.05,7000761.95,7452825.89,7661221.92,8220337.3,8783419.13,9113032.73,9536716.71,9793548.44,9695571.74,9765464.28,9914461.05,9840414.89,9635915.58,9355665.99,9923127.87,10187911.78,9950943.63,9478638.12,8750048.2,8053290.99
2019-08-30,7501599.87,7227075.01,7064679.08,6999798.29,7203799.67,7674071.58,7797917.29,8276942.06,8839744.58,9268126.52,9665567.05,9929935.61,9766645.09,9836045.0,10040552.83,10008309.38,9776609.5,9445374.29,10001684.88,10168995.79,9947665.87,9515875.09,8870621.81,8257730.81
2019-08-31,7753412.54,7471550.2,7275532.83,7174211.45,7231869.34,7306358.41,7389924.77,7952623.67,8557473.92,8977736.88,9303743.78,9473915.67,9334164.04,9101874.02,8961061.66,8826667.34,8614934.7,8550876.66,9342957.98,9605271.94,9383366.01,8928955.29,8338129.31,7840963.77
2019-09-01,7362643.6,7005934.95,6840515.66,6684760.59,6654478.64,6540072.35,6297334.24,6560683.14,6936459.08,7250478.08,7555681.28,7780235.51,7840333.03,7768507.81,7689554.96,7621099.45,7596643.15,7679755.9,8589153.32,9009208.24,8888760.88,8547897.87,8000985.08,7442943.02
2019-09-02,7059493.15,6797743.04,6652223.96,6605392.42,6839922.86,7422602.62,7564643.56,8082698.85,8629226.99,8992801.33,9302817.61,9560143.5,9357197.76,9368606.33,9448977.9,9342962.67,9095698.47,8987519.64,9581698.22,9836848.24,9628497.8,9097577.15,8306512.65,7567875.85
2019-09-03,7033769.19,6786601.33,6641312.57,6594465.69,6804688.81,7335665.09,7514856.27,7976737.69,8535362.67,8848183.35,9239170.34,9492885.79,9339610.42,9499258.1,9695089.63,9685998.24,9522544.68,9279760.31,9907764.09,10150830.85,9945206.82,9447714.33,8660661.79,7942271.1
2019-09-04,7420804.9,7154530.06,6980793.72,6918352.02,7169006.1,7687205.69,7789528.37,8230517.12,8754696.28,9077735.89,9500670.98,9687971.71,9507883.52,9615692.02,9787249.79,9811523.68,9616970.87,9405435.59,10050450.19,10263520.16,10062777.63,9529254.31,8711952.56,7999153.0
2019-09-05,7563053.2,7272554.68,7127525.32,7005839.83,7281552.94,7809098.96,7877906.06,8359283.9,8891177.96,9198613.79,9515340.23,9760001.1,9583079.85,9698185.06,9858887.43,9824715.25,9671830.94,9403245.05,10002811.15,10192182.62,9981557.54,9456730.4,8662884.05,7949424.08
2019-09-06,7457020.52,7137324.18,6936323.0,6875551.11,7103880.94,7621701.85,7769204.74,8213308.83,8764652.99,9095559.84,9434847.68,9692198.56,9521985.87,9653329.47,9846177.35,9791646.99,9584076.6,9306595.61,9915730.21,10127081.43,9913073.43,9410851.91,8691432.42,8054591.47
2019-09-07,7588942.71,7329370.34,7147667.45,7037064.49,7100410.04,7167480.13,7325630.39,7950367.44,8600984.18,9020175.38,9368911.94,9537163.59,9425538.32,9263138.96,9057675.27,8972804.87,8789081.38,8660010.4,9437521.83,9584206.29,9374280.23,8961307.17,8384048.12,7839115.26
2019-09-08,7355496.05,7064126.75,6864081.64,6723297.2,6665335.29,6503633.27,6293113.18,6665138.58,7053903.26,7405819.74,7660325.62,7843052.73,7944786.51,7890405.26,7786088.34,7685183.11,7674168.62,7716506.05,8725745.03,9077160.16,8951898.99,8611924.39,8070287.53,7548018.67
2019-09-09,7145576.09,6894628.97,6771039.08,6731132.71,6991893.22,7495343.34,7663339.49,8157075.24,8780404.83,9144812.39,9585610.03,9894267.89,9764588.68,9841229.39,9964480.87,9893032.57,9788069.96,9486319.83,10069743.22,10261112.84,10062349.67,9528860.09,8700386.6,8014349.11
2019-09-10,7536807.39,7289198.37,7143459.57,7064255.56,7299858.12,7773025.36,7887919.93,8362667.38,8985726.38,9346111.4,9711048.71,9997527.4,9836476.09,9910950.34,10055200.8,10081927.92,9913028.7,9637222.53,10296431.29,10527586.49,10356246.44,9766197.96,8927178.38,8185517.48
2019-09-11,7717387.59,7474839.13,7296095.82,7169734.14,7472690.4,7969939.34,8077909.93,8530703.35,9085054.13,9430507.8,9764454.71,9957759.93,9822399.74,9960139.11,10084069.35,10041565.71,9899234.56,9656308.07,10263788.28,10402276.61,10175368.67,9622015.87,8880100.38,8159820.68
2019-09-12,7691136.63,7395443.87,7170810.39,7099668.64,7299144.99,7686497.8,7831857.61,8352848.07,8934549.1,9297751.83,9617688.04,9937643.28,9783360.44,9811931.33,9986887.49,9964429.53,9732564.02,9496998.17,10221401.7,10290471.36,10068796.35,9565729.06,8816303.04,8110144.69
2019-09-13,7604421.88,7329973.42,7188897.64,7071754.67,7315992.96,7794244.57,7976052.56,8447190.37,9052714.48,9380630.48,9709135.86,9873816.53,9734354.24,9869986.51,10024633.49,9913885.6,9637834.71,9456779.86,10166105.57,10246041.35,9959822.53,9492349.43,8830466.69,8192048.89
2019-09-14,7694238.26,7428695.22,7225904.17,7123760.64,7205062.36,7294000.05,7452528.32,8039249.9,8675680.72,9045756.47,9377773.77,9520298.79,9401537.73,9188389.07,9003764.65,8871557.13,8719025.95,8623847.54,9460278.01,9563673.93,9338949.12,8935838.59,8337576.32,7796185.16
2019-09-15,7404739.05,7128493.55,6940515.84,6797330.16,6768754.45,6648500.22,6491393.63,6794261.58,7215279.38,7584878.19,7840040.16,8067294.11,8143631.13,7952818.91,7864929.03,7807230.17,7694298.19,7770203.04,8755914.49,9020961.83,9000798.18,8688167.18,8174827.77,7652645.33
2019-09-16,7202182.94,6901399.91,6777510.24,6723750.78,6979723.71,7488501.62,7672659.92,8171208.87,8715226.7,9061199.28,9425064.45,9696738.44,9515274.26,9553375.68,9773327.73,9737978.18,9560639.6,9355855.36,10057912.77,10178221.62,9920249.77,9489942.93,8675107.88,7937839.59
2019-09-17,7461901.72,7168607.73,6987743.45,6925640.02,7150954.09,7676984.25,7800057.34,8194808.94,8720794.26,8991614.96,9355029.18,9658790.5,9478055.63,9555905.54,9687260.29,9633082.89,9445052.09,9272183.8,9900149.26,9981574.84,9838719.52,9336008.57,8498149.6,7794005.69
2019-09-18,7314172.44,7065709.34,6922723.17,6875569.44,7033745.03,7567066.37,7716075.65,8149939.77,8602557.07,8874893.02,9224418.2,9491407.79,9270363.69,9319625.13,9492732.41,9511488.93,9337551.9,9221982.66,9897193.03,9912474.73,9651138.97,9035797.75,8303859.82,7593912.93
2019-09-19,7113137.21,6897953.56,6760238.82,6697637.32,6934621.2,7484406.72,7630467.48,7982947.67,8415827.83,8613222.05,8874643.35,9106780.54,8922343.15,8933498.47,9064569.88,9084044.45,9055940.17,8980522.25,9655912.61,9680963.08,9395107.83,8807144.32,8041271.5,7378389.74
2019-09-20,6962882.52,6703610.08,6608488.23,6570371.42,6803808.75,7312958.98,7466877.59,7908034.2,8471630.22,8776555.73,9078901.12,9302333.84,9099246.44,9055499.05,9207147.25,9233204.72,9115576.97,9042516.4,9698222.83,9705611.96,9439944.64,8909899.67,8235308.98,7609912.06
2019-09-21,7204341.02,6947739.73,6776921.67,6684874.74,6738250.18,6829259.45,6973165.35,7472359.58,7971760.5,8276327.81,8518869.61,8631905.53,8576706.04,8365205.39,8229733.85,8162234.18,8080458.86,8161069.6,9038516.8,9068184.79,8801746.13,8309159.28,7698032.21,7170746.7
2019-09-22,6766839.11,6479280.89,6290361.95,6208138.47,6217932.44,6142025.92,6035841.07,6399324.77,6835588.26,7206334.41,7500046.73,7761080.14,7791874.71,7725193.1,7609113.89,7521265.12,7406584.55,7548155.88,8542793.35,8773149.85,8608610.4,8293879.38,7741254.52,7228338.33
2019-09-23,6827805.76,6612653.23,6452354.61,6421823.65,6647609.5,7167769.38,7389023.52,7899814.74,8450384.73,8756594.68,9174090.68,9436760.86,9278253.27,9310093.92,9400444.44,9313891.54,9148742.35,9009244.73,9661508.01,9734878.67,9458748.67,8882226.67,8094875.31,7407980.48
2019-09-24,6957950.38,6709477.67,6568646.18,6546819.67,6797069.84,7361109.09,7535732.01,7981251.73,8494144.58,8788589.98,9130216.28,9429852.26,9261911.89,9342162.32,9517711.91,9476650.68,9295705.82,9186091.74,9845653.21,9900851.66,9622349.72,9041175.21,8279970.91,7573763.44
2019-09-25,7144573.73,6890727.64,6705793.41,6728875.1,6957064.83,7496104.12,7664156.03,8050853.98,8594210.05,8912045.46,9259644.09,9501932.04,9347839.02,9426415.04,9596135.16,9551635.81,9402644.17,9294291.52,9979201.85,9999372.98,9723698.08,9194207.61,8345700.65,7672665.13
2019-09-26,7206332.77,6946613.17,6789882.51,6744063.91,6991899.95,7502766.25,7678514.39,8086212.56,8544255.91,8723893.16,9080517.75,9373653.21,9174653.5,9138331.72,9311471.96,9323682.35,9222508.13,9120182.9,9882932.21,9917652.61,9648560.79,9037305.36,8216855.14,7563713.84
2019-09-27,7081394.41,6833336.85,6710321.36,6685862.33,6941585.29,7474057.65,7606274.19,8086563.43,8684332.48,8976335.77,9315843.62,9537731.68,9369367.29,9414210.11,9547051.13,9573905.05,9460460.51,9314649.48,10001776.01,9976604.77,9735740.42,9232069.14,8573964.92,7964182.56
2019-09-28,7441559.52,7123443.14,6942961.54,6867540.46,6958067.63,7040563.79,7197819.67,7781262.47,8393799.86,8776700.31,9100722.92,9289597.12,9204183.47,9082030.83,8938173.71,8808245.91,8646171.37,8690168.21,9495941.07,9489219.18,9237176.33,8788021.25,8152595.91,7584458.79
2019-09-29,7145710.68,6831936.73,6595568.39,6486486.84,6400398.83,6342237.9,6184574.98,6485788.32,6841493.79,7142947.1,7374763.52,7582367.3,7690342.94,7673005.4,7576085.9,7527415.44,7431846.81,7620135.44,8653926.93,8799089.06,8630076.31,8231017.58,7680006.34,7195735.83
2019-09-30,6840960.71,6625356.63,6489147.81,6428796.43,6671867.46,7211238.23,7403760.79,7863320.96,8385622.44,8793199.59,9159492.46,9388673.67,9280198.09,9312373.02,9439727.86,9386941.32,9210784.0,9140391.93,9734704.0,9716294.08,9471166.19,8899104.92,8107623.55,7459458.45
2019-10-01,6963830.31,6662995.95,6533611.61,6461137.03,6716015.5,7237945.08,7401779.22,7799015.68,8270840.21,8497850.5,8870083.41,9139662.52,8999357.56,9098152.27,9334310.95,9365000.25,9186585.82,9027528.94,9789493.59,9863232.46,9633642.45,9109095.22,8311674.28,7581195.24
2019-10-02,7117759.03,6845443.99,6667198.13,6640684.4,6888973.2,7435697.85,7584218.17,7953256.92,8445873.05,8680639.57,9050685.22,9216721.72,9054816.04,9102945.81,9281782.34,9239353.97,9180137.54,9167972.55,9907753.31,9847375.28,9627717.25,9043043.7,8217018.43,7523498.61
2019-10-03,7059171.72,6785049.09,6641454.12,6597217.68,6799990.29,7419097.89,7580555.54,7938996.16,8398398.75,8667486.65,8972917.33,9190103.56,9038392.24,9072188.7,9188379.05,9168167.52,9060097.11,8961906.19,9694470.39,9712403.17,9436581.56,8841496.02,8082341.19,7392266.05
2019-10-04,6923145.24,6643837.89,6476218.38,6458583.88,6712375.71,7211995.09,7432435.15,7895280.62,8374877.52,8750460.6,9169194.38,9409055.9,9234110.23,9287513.38,9457253.83,9428914.96,9312779.2,9196959.27,9871937.39,9816250.27,9591322.47,9048791.89,8361787.32,7728224.79
2019-10-05,7227195.4,6938126.89,6739076.47,6684170.82,6751239.79,6848213.38,7028391.1,7572546.12,8184521.9,8563089.69,8881038.01,9088024.77,8985694.84,8837197.2,8723048.04,8574110.97,8420427.46,8489707.86,9398282.59,9298879.64,9086419.69,8624229.42,8026901.88,7497070.86
2019-10-06,7082557.1,6728405.48,6554267.48,6392662.63,6377092.49,6180350.69,6050725.49,6378693.9,6737081.55,7082692.08,7341315.58,7538628.87,7633217.29,7581789.9,7478251.07,7378865.54,7325185.46,7530989.22,8546710.0,8642148.86,8501280.27,8158896.47,7629826.45,7106889.36
2019-10-07,6764167.13,6564238.55,6411407.83,6367829.39,6534338.45,6836574.33,7129776.5,7815970.25,8405963.9,8787021.6,9123188.75,9417478.41,9357522.81,9307602.89,9452116.38,9419513.26,9280284.59,9138209.57,9871764.46,9875507.83,9638648.66,9107484.08,8366068.18,7621592.59
2019-10-08,7135569.06,6916467.29,6719672.49,6699390.93,6876762.26,7156191.7,7415920.3,8056828.29,8631059.33,8962625.7,9277612.12,9583706.2,9449673.8,9425523.38,9508463.97,9459005.81,9314777.05,9250566.15,9795165.55,9770523.48,9480969.57,8913102.76,8207158.2,7462817.83
2019-10-09,7035294.93,6779763.36,6605372.22,6521813.16,6684924.76,7007416.09,7298422.58,7914538.0,8420086.64,8791481.34,9177840.04,9404386.69,9285154.64,9314516.8,9445133.31,9390620.52,9232743.14,9159564.55,9865661.01,9803763.5,9521581.67,8979051.9,8252848.64,7579259.02
2019-10-10,7123647.08,6864661.94,6696559.35,6647449.13,6817116.06,7103277.35,7402322.05,8037253.73,8525943.49,8819021.83,9108774.8,9314630.95,9213242.78,9209695.88,9377108.92,9286557.33,9164430.55,9205773.05,9844269.52,9823530.0,9528810.07,9012202.96,8257088.64,7592452.94
2019-10-11,7159630.26,6891222.35,6714143.88,6672225.91,6829080.14,7089427.85,7353153.54,7999160.71,8563224.94,8896422.29,9211230.92,9471482.43,9242446.93,9132224.22,9191158.49,9168944.77,9048713.67,9049918.21,9635767.3,9547763.59,9274530.02,8671098.55,8040351.19,7484043.23
2019-10-12,7046654.62,6759915.81,6539810.2,6475836.29,6579050.78,6693936.88,6872428.86,7445643.79,7997629.54,8346207.51,8725327.42,8977420.11,8887743.9,8637998.55,8496053.45,8423493.13,8286283.2,8448927.34,9225751.24,9195906.86,8933375.29,8452474.58,7877271.52,7371490.1
2019-10-13,6944114.19,6661586.88,6480248.53,6337673.92,6280772.98,6198656.75,6089505.62,6406124.11,6795612.71,7117343.58,7402108.84,7598365.92,7690050.48,7637917.36,7518081.61,7419931.3,7319189.93,7494900.85,8460932.36,8484047.72,8358792.63,8000991.19,7539450.61,7084274.45
2019-10-14,6718816.69,6461579.14,6287118.23,6199228.11,6198646.26,6166094.88,6107401.05,6458715.14,6865199.71,7258142.83,7599013.68,7902549.34,7969685.81,7872833.28,7705625.53,7642753.01,7565038.05,7757816.67,8793626.6,8945284.76,8766524.22,8320365.29,7694173.7,7197256.98
2019-10-15,6822763.43,6586045.05,6467221.98,6432700.85,6685600.37,7216162.29,7382628.62,7896178.41,8461447.88,8839787.09,9231086.34,9478130.33,9303943.78,9337528.31,9528670.1,9536866.52,9354266.59,9271890.37,9836758.77,9763472.64,9506691.51,8984664.56,8195508.71,7598263.74
2019-10-16,7139736.65,6914314.71,6710730.84,6685701.01,6944840.14,7457692.29,7565569.16,8011875.28,8467551.26,8728998.36,9077877.62,9340344.85,9209186.21,9278251.89,9398156.32,9385609.05,9153853.87,9136439.64,9750344.91,9716386.9,9432837.02,8868338.14,8114839.81,7446662.89
2019-10-17,6969305.23,6753747.7,6603800.17,6568172.76,6795181.67,7326367.5,7479340.84,7925228.63,8420249.7,8730878.81,9077216.14,9357500.97,9234075.42,9287522.48,9467310.17,9366541.43,9259990.6,9247510.65,9889418.17,9813814.72,9594641.69,9041228.19,8287678.63,7585711.8
2019-10-18,7152723.62,6901888.0,6756990.41,6660619.89,6874583.08,7368401.53,7523401.31,7892630.81,8330639.65,8681679.8,9033764.6,9315093.88,9130203.85,9173421.39,9374514.87,9356198.67,9269201.2,9270421.02,9898595.15,9811457.87,9518396.28,8999760.77,8302515.94,7687604.52
2019-10-19,7215328.6,6939427.54,6723014.19,6653298.03,6736278.78,6868493.43,7014703.18,7562387.31,8076830.37,8427523.04,8724241.25,8906932.62,8795137.2,8600067.44,8471149.73,8335769.47,8315598.59,8534201.3,9257513.03,9122630.57,8932241.24,8449445.64,7829141.12,7278457.22
2019-10-20,6886931.53,6582031.57,6394185.74,6267839.58,6232385.95,6211047.25,6041803.34,6370198.46,6785530.51,7125864.6,7374396.25,7598554.76,7658257.7,7583589.68,7484559.68,7388719.72,7317909.96,7630773.12,8586159.99,8743601.53,8612093.86,8249773.11,7736338.4,7182930.22
2019-10-21,6749525.76,6550424.82,6436112.82,6381761.84,6624294.63,7184182.8,7379989.91,7859646.44,8420482.31,8730296.46,9028588.9,9259248.01,9032757.98,8969478.39,9091433.69,9140010.49,9060949.18,9145191.34,9724420.75,9656971.15,9351667.99,8732309.2,7974979.92,7319814.84
2019-10-22,6881324.89,6658597.18,6452398.82,6443229.4,6707913.16,7257506.11,7471076.38,7954031.64,8439925.42,8716345.26,9043299.99,9256927.93,8950712.7,9022105.25,9217698.85,9235489.38,9112277.19,9183315.67,9770392.5,9680495.16,9396516.78,8787171.95,7974045.75,7302897.01
2019-10-23,6857080.14,6646991.92,6478555.54,6451319.2,6709109.2,7277644.15,7452221.66,7889319.03,8326338.68,8571107.71,8997632.45,9254718.67,9108193.78,9163815.15,9359189.1,9338885.47,9282081.24,9260622.54,9878678.43,9832394.68,9522197.8,8908024.16,8089410.37,7436650.02
2019-10-24,6966794.75,6774334.38,6638090.22,6606238.34,6821649.29,7383688.66,7555465.5,7947339.89,8368558.72,8666206.72,9011027.17,9228501.93,8981544.28,8982306.61,9227134.63,9242083.57,9127952.72,9192153.99,9846893.43,9749344.64,9450980.79,8881889.17,8098813.79,7454261.31
2019-10-25,7008629.43,6775996.96,6622883.48,6582799.25,6804050.1,7267084.85,7519621.66,8029935.85,8540470.09,8844715.79,9197491.5,9440791.73,9264835.45,9273902.77,9414143.5,9383063.89,9224463.17,9275038.77,9870937.27,9758161.68,9517435.72,8990377.33,8260163.07,7667064.91
2019-10-26,7232200.3,6992435.46,6799606.14,6739745.04,6779629.63,6890994.48,7093963.83,7645520.79,8248626.95,8645704.26,8997781.1,9168040.52,9044131.56,8902157.72,8725451.78,8611166.47,8476263.13,8655484.64,9393077.34,9295642.82,9064602.91,8625018.07,8014247.96,7450883.81
2019-10-27,7055235.27,6764758.88,6569582.25,6435831.11,6395997.93,6378980.78,6329248.54,6583585.04,6872028.41,7153501.68,7332833.68,7490773.16,7512104.79,7438170.95,7266733.68,7223560.09,7263694.47,7585482.47,8542200.04,8636250.5,8544116.61,8219634.44,7711360.44,7152535.1
2019-10-28,6763989.75,6539959.63,6396313.72,6379322.87,6624085.99,7144318.75,7401373.82,7996142.57,8550856.86,8886452.87,9294362.37,9543446.98,9423123.26,9450196.37,9580134.54,9574709.29,9440438.77,9478677.67,10095011.61,10031066.02,9749312.75,9183837.5,8415359.29,7720394.6
2019-10-29,7266263.66,7039705.61,6895444.77,6812719.9,7058630.1,7612770.8,7798701.18,8228985.41,8766527.8,9053217.52,9355823.34,9565421.99,9395262.22,9452446.34,9628657.9,9639132.18,9493403.88,9510561.67,10153581.62,10147465.62,9861429.03,9292508.73,8471531.68,7802284.43
2019-10-30,7307332.3,7086165.87,6924437.84,6853928.41,7103686.7,7633709.21,7752341.04,8188295.36,8703754.25,8968591.33,9329872.41,9560611.93,9394566.79,9455663.91,9591014.96,9558294.59,9391045.41,9506007.15,10143771.32,10056087.12,9796229.55,9232471.14,8474425.93,7793952.98
2019-10-31,7242772.19,7000858.8,6838476.53,6818588.13,7028464.39,7577142.94,7691320.57,8204004.97,8713806.13,9053413.46,9350794.0,9565036.34,9397948.54,9427702.25,9537359.43,9422199.08,9228015.38,9178697.16,9728556.66,9523044.35,9304323.19,8927866.58,8358310.84,7803486.72
2019-11-01,7282832.21,7037292.86,6906680.81,6827896.98,7009343.65,7443846.75,7577895.16,8071594.99,8606626.36,8860246.0,9231391.97,9570402.74,9393349.56,9391590.62,9587688.35,9523968.34,9333207.13,9469179.32,10019378.19,9890455.75,9602051.94,9029859.6,8362867.79,7728772.6
2019-11-02,7266765.43,6988335.81,6806331.76,6739615.73,6857216.74,6996678.89,7088789.27,7624064.54,8159748.3,8512823.29,8781988.38,8982049.3,8908833.6,8796550.02,8638438.98,8510332.8,8435341.79,8650113.78,9437599.14,9385684.82,9066644.27,8603752.62,8002713.94,7495257.46
2019-11-03,7081725.66,6834333.15,6618912.63,6479046.88,6427595.77,6368855.68,6260053.32,6594750.22,6995649.69,7336753.22,7634375.87,7828579.79,7870281.75,7806922.57,7715531.7,7590574.78,7507714.77,7733739.12,8625765.1,8632010.72,8499840.91,8176935.71,7704695.62,7255747.16
2019-11-04,6905508.52,6630607.56,6475834.46,6382097.66,6364003.75,6319469.69,6263916.07,6685534.78,7128566.24,7531915.07,7901797.01,8226481.94,8286483.16,8201810.14,8037102.74,7896403.06,7806870.79,8092350.18,9010295.19,9101696.91,8908115.45,8466670.22,7896276.36,7368116.08
2019-11-05,6922462.19,6693751.4,6550717.82,6543609.4,6812677.12,7356943.78,7474962.69,7967221.16,8501689.02,8802205.97,9149698.62,9374789.89,9184978.11,9294768.0,9491455.68,9448316.5,9321235.36,9389661.06,9988349.44,9920812.14,9641659.88,9103066.51,8327941.05,7647414.19
2019-11-06,7199437.55,6954331.37,6805237.28,6759429.93,6992461.69,7509034.38,7653181.52,8084280.22,8616132.36,8939861.13,9225266.76,9488165.75,9293829.79,9382167.84,9541760.91,9488643.98,9360810.78,9443847.79,10041395.77,9959635.12,9742348.34,9220592.9,8476451.78,7794655.91
2019-11-07,7304681.67,7048114.25,6869214.49,6789811.35,7019850.1,7511117.37,7688796.33,8086316.11,8580397.02,8873529.19,9204739.73,9472638.11,9320862.42,9372942.37,9577460.52,9555506.01,9400355.72,9451707.6,10095473.83,10050860.37,9780560.71,9236551.19,8487692.29,7839895.46
2019-11-08,7382088.06,7120238.34,6963576.71,6898374.29,7156678.5,7615740.97,7834141.34,8313756.59,8860537.09,9182607.22,9475165.21,9751686.03,9595288.43,9633667.6,9824487.19,9835404.98,9656486.24,9683814.26,10204008.52,10087658.94,9800423.16,9232713.22,8555953.32,7972439.99
2019-11-09,7511154.87,7251979.62,7021775.99,6944703.24,6989582.19,7121193.12,7251709.55,7818697.81,8419892.9,8768066.53,9064823.58,9264378.47,9127162.21,8854629.97,8725728.71,8649207.94,8507870.76,8815367.88,9517733.74,9432760.84,9169652.55,8675891.32,8075675.05,7547871.15
2019-11-10,7150323.12,6876079.17,6687388.15,6571122.96,6538168.51,6450233.69,6350670.01,6714411.14,7111150.63,7413524.86,7638980.65,7872952.62,7964753.09,7932540.73,7796364.72,7687607.85,7584134.88,7913944.96,8721006.08,8748041.2,8576575.29,8258603.11,7787148.34,7335866.19
2019-11-11,6925647.31,6626536.84,6423983.8,6353010.07,6342231.03,6367598.29,6266624.03,6642530.34,7120281.19,7510564.33,7857952.71,8156888.05,8210278.64,8131294.92,8016976.78,7918863.53,7802715.49,8098251.91,8955715.63,9092399.54,8891545.46,8470684.24,7942613.46,7367651.67
2019-11-12,6953343.27,6746729.57,6606960.82,6579895.44,6844023.28,7348391.31,7552910.91,7995534.25,8509011.62,8808600.19,9139120.9,9302110.1,9138297.74,9196159.62,9373520.21,9373983.16,9337895.01,9459592.72,9964441.08,9890821.13,9613614.8,9043396.92,8242224.36,7590445.7
2019-11-13,7147385.86,6898167.45,6725688.05,6683219.73,6934959.39,7446901.07,7628335.51,8009155.27,8453970.89,8731203.98,9052493.43,9284642.86,9115096.08,9137145.47,9243331.09,9135196.42,9037772.85,9178340.03,9816332.02,9768342.23,9510337.49,8948516.71,8171146.48,7494424.87
2019-11-14,6982323.6,6653851.56,6530934.02,6556682.78,6789417.62,7356988.21,7640857.31,8041766.95,8517523.56,8827863.06,9133720.83,9352117.02,9224915.23,9314095.48,9441728.75,9446810.21,9331313.68,9452560.2,10031092.09,9968805.05,9671446.58,9131614.61,8384437.25,7706205.81
2019-11-15,7203635.14,6955548.91,6774387.23,6696530.93,6952085.92,7412096.58,7621040.46,8100651.93,8595262.05,8898137.33,9226705.26,9431276.39,9292149.97,9304977.06,9437423.19,9418469.62,9341266.36,9416170.12,9942682.78,9836109.64,9580345.68,9144057.69,8492749.03,7805416.2
2019-11-16,7336509.66,7051263.5,6815294.13,6728825.15,6800962.5,6969696.39,7155022.57,7722512.13,8293656.35,8648656.75,8949816.48,9139928.61,9018808.74,8867599.81,8703599.87,8555215.6,8407528.43,8632362.8,9395040.41,9328204.32,9099113.57,8649939.52,8040037.87,7538255.9
2019-11-17,7141822.82,6838596.94,6625550.84,6483582.2,6461409.91,6368098.98,6263891.23,6602061.07,7045280.11,7397962.5,7689941.58,7936217.33,7997067.16,7917076.23,7820501.81,7701974.63,7599817.65,7935314.0,8899095.47,8996785.7,8828288.18,8485548.99,7955379.48,7418100.58
2019-11-18,7015057.78,6777909.31,6595272.13,6560225.61,6787406.95,7212619.4,7521451.32,8010599.43,8562676.12,8889014.38,9259490.79,9524652.92,9340559.56,9401820.23,9561935.69,9503571.61,9306946.19,9424943.83,10029436.75,9939858.58,9679156.08,9106942.69,8357169.12,7687446.78
2019-11-19,7189572.15,6958913.34,6785331.01,6762514.72,6976840.28,7407822.62,7688566.89,8155718.88,8652044.88,8909942.13,9202671.32,9465800.19,9352643.39,9365739.14,9540662.24,9493429.11,9348941.78,9404736.67,9988439.83,9937850.42,9673572.28,9146343.25,8359383.8,7678822.49
2019-11-20,7212425.74,6956918.95,6782311.34,6755060.54,6973337.93,7389678.57,7595091.94,8111431.78,8620301.07,8922989.9,9247975.22,9504722.75,9377096.33,9423188.65,9586643.45,9513218.89,9318058.48,9342305.92,10036213.72,9948890.93,9675691.04,9148431.53,8393228.18,7715905.28
2019-11-21,7266047.41,6992751.74,6803547.45,6734714.69,6836082.96,7040687.93,7271811.54,7898043.08,8427851.06,8730838.28,9045825.33,9281509.52,9190956.83,9150863.3,9103417.44,8961124.41,8696508.5,8802994.78,9595116.34,9552723.55,9221928.47,8702569.04,8069709.93,7482989.57
2019-11-22,7053379.61,6818304.05,6657907.73,6610518.48,6806196.6,7154372.77,7427337.26,7971029.39,8546996.29,8918928.83,9271756.43,9484803.89,9335338.34,9324153.76,9316100.21,9125936.07,8908542.64,8945749.58,9591934.19,9412291.89,9168362.13,8662611.47,8069467.81,7503412.29
2019-11-23,7038831.16,6782750.62,6610966.57,6525293.21,6574675.84,6685182.24,6829521.61,7414020.93,8058175.56,8452871.14,8789428.12,9016034.55,8939243.17,8799097.04,8646455.7,8549204.87,8386754.95,8589804.76,9369970.93,9287564.77,9010038.49,8557404.72,8024963.04,7500283.03
2019-11-24,7068547.1,6780038.45,6561189.82,6430734.13,6378094.92,6314510.03,6206636.38,6553240.86,6953121.04,7307888.86,7552943.2,7821632.97,7877301.29,7855100.73,7768097.78,7703993.47,7592702.54,7833363.87,8791382.86,8868940.32,8731188.22,8387708.67,7861736.1,7305400.25
2019-11-25,6963234.12,6721756.41,6570920.78,6503097.93,6718546.11,7110633.15,7465247.1,8094963.59,8679663.97,9029557.85,9362534.93,9598634.3,9549727.09,9585782.05,9731403.96,9670896.57,9501138.23,9476865.6,10180483.56,10158312.03,9898793.93,9353426.51,8626822.93,7999902.87
2019-11-26,7517717.83,7233190.71,7057953.92,6995705.72,7188529.99,7599946.5,7838289.14,8448777.45,8967362.94,9234450.46,9533099.34,9749602.59,9662886.84,9674313.99,9809072.72,9815054.96,9621185.93,9575561.05,10252703.15,10202326.79,9920607.13,9394236.77,8690412.85,8011228.41
2019-11-27,7504702.96,7265416.17,7085345.05,7030658.71,7251951.56,7562970.36,7838169.33,8467730.9,9002230.58,9267885.82,9593658.41,9849590.28,9695045.34,9743823.84,9911173.19,9825268.09,9598760.11,9686841.55,10429425.61,10366996.14,10091732.66,9513855.66,8693310.36,8124876.21
2019-11-28,7650881.7,7415949.89,7225167.71,7172202.08,7347887.99,7679920.54,7951425.03,8530264.99,9048688.26,9357998.73,9684899.22,9920092.97,9797897.28,9811820.83,9916461.29,9893840.48,9684495.45,9710684.76,10402669.44,10309652.15,10053833.06,9584345.41,8846493.45,8173659.5
2019-11-29,7669603.56,7401680.66,7214064.71,7107467.23,7277975.79,7596754.92,7828606.74,8392347.19,8921452.13,9207466.81,9469680.43,9689032.82,9595974.8,9612930.51,9666326.35,9557367.17,9389311.38,9516655.15,10072453.58,9957197.3,9675453.69,9208727.4,8599607.34,8019437.59
2019-11-30,7560270.96,7258646.83,7066985.09,6972596.9,7051068.01,7204266.99,7325584.82,7889016.46,8418635.13,8761451.13,9018958.62,9165338.06,9058310.71,8886109.03,8738323.62,8634979.94,8502462.73,8681723.19,9492531.9,9496026.59,9253948.65,8799645.02,8267819.65,7766181.12
2019-12-01,7316035.26,7032783.74,6796624.62,6661032.23,6615665.03,6591225.69,6431942.38,6731896.51,7109314.41,7454735.91,7715110.68,7946220.27,8048662.08,8029132.55,7923978.12,7858456.05,7786293.8,7990941.53,9034623.77,9138206.76,9034388.74,8717496.06,8216845.31,7666121.9
2019-12-02,7259184.86,6990048.04,6827783.9,6779085.4,6951396.33,7257793.4,7496529.13,8137524.35,8788680.59,9123953.96,9484828.43,9722737.05,9597666.5,9603465.41,9756618.51,9721019.72,9550707.41,9497494.63,10240509.32,10238658.14,10013956.64,9491934.89,8774877.07,8113988.67
2019-12-03,7618072.67,7357154.53,7159394.46,7089374.11,7264546.72,7589840.9,7851739.25,8426856.69,8989118.57,9294454.36,9622665.92,9872900.26,9729170.29,9734187.73,9878894.24,9816142.01,9641808.39,9654478.99,10293219.26,10249077.84,10026837.48,9539214.47,8809968.44,8126693.68
2019-12-04,7604420.89,7327241.42,7197484.78,7106378.97,7287530.73,7582779.17,7816696.63,8386588.84,8956509.91,9257417.81,9615210.66,9884837.23,9760389.5,9663619.36,9792207.0,9750749.49,9526833.2,9532786.88,10209119.83,10175048.5,9932247.28,9421952.04,8675979.27,8056896.11
2019-12-05,7559142.19,7295161.45,7142462.8,7096676.36,7239057.94,7559467.71,7829884.77,8428974.67,8991255.67,9295811.54,9622933.99,9837903.37,9750031.57,9753616.06,9943358.23,9946635.78,9788944.58,9751195.19,10385148.64,10346068.94,10078017.9,9568091.64,8880318.27,8249059.39
2019-12-06,7737562.04,7449137.93,7233899.94,7171286.09,7318446.89,7610217.41,7852166.29,8444067.19,9030951.63,9345793.76,9675671.07,9926525.3,9781373.75,9803186.72,9921572.12,9929112.04,9732434.15,9668652.89,10318459.85,10213343.07,9941164.27,9469797.48,8844697.51,8233514.24
2019-12-07,7753773.57,7443513.5,7261119.25,7151652.64,7243517.01,7384032.29,7446311.84,7954182.18,8499653.42,8845630.4,9116136.78,9294786.14,9179303.55,8995995.12,8848004.25,8731421.78,8624141.39,8796882.71,9525712.85,9270053.03,8863097.12,8447390.68,7995562.53,7569365.09
2019-12-08,7181294.92,6920150.79,6721897.0,6594563.47,6568605.01,6525236.92,6329937.62,6616780.63,6984613.99,7341153.98,7650093.72,7886706.77,7966051.19,7877106.75,7804774.23,7721801.52,7624682.09,7771826.48,8708959.11,8794149.04,8663887.7,8381270.97,7925883.97,7433994.36
2019-12-09,7075413.02,6840321.46,6732803.3,6662834.59,6838979.72,7151802.67,7409369.52,8069117.0,8726608.15,9116426.33,9473053.85,9750789.6,9609019.26,9372125.63,9696449.94,9739830.21,9588627.51,9485359.72,10166902.26,10183078.8,9927797.33,9449178.41,8741776.08,8037027.47
2019-12-10,7534282.55,7271129.5,7088746.58,7019274.4,7174321.35,7456649.97,7700436.84,8307816.82,8859179.82,9180266.05,9479964.01,9764871.19,9637686.04,9663267.59,9843043.11,9865400.12,9689062.96,9601530.2,10309294.18,10261942.46,10004704.63,9488689.03,8737282.56,8067884.0
2019-12-11,7599105.46,7321515.66,7140131.26,7079777.15,7233560.47,7540304.41,7763858.02,8364835.29,8899676.34,9198834.06,9492056.31,9751618.65,9629790.34,9638193.33,9800946.75,9796723.07,9616953.17,9592836.87,10236238.93,10136395.73,9871602.29,9338851.57,8609023.79,8025211.61
2019-12-12,7567750.75,7271934.98,7117219.86,7054145.12,7227056.41,7551045.9,7767580.91,8330977.11,8874994.31,9161452.0,9443665.5,9650493.52,9550092.02,9581985.41,9732262.85,9697870.91,9512097.43,9465653.02,10083391.64,10057510.27,9804063.58,9301033.83,8626862.2,7996314.86
2019-12-13,7457852.08,7187725.87,7000032.96,6911893.23,7070920.23,7358807.59,7591040.18,8189973.45,8780380.32,9061040.98,9423382.74,9680172.63,9484887.54,9501057.28,9630041.58,9557565.74,9370361.24,9285204.0,10002814.54,9948402.21,9678507.27,9235422.73,8606192.67,7994847.03
2019-12-14,7539022.29,7229149.69,7052015.29,6951123.85,7002244.1,7139255.25,7248270.34,7725835.57,8262961.12,8594135.58,8889052.72,9073698.59,8988774.6,8825241.27,8693201.7,8617236.8,8465163.68,8612998.97,9478527.09,9478135.99,9238012.4,8872385.38,8289763.37,7790994.86
2019-12-15,7373092.32,7067567.79,6842192.91,6716505.11,6681691.92,6690918.35,6519453.82,6774346.91,7133138.91,7458634.24,7732171.81,7943152.88,8020758.72,7942783.82,7837081.71,7772824.97,7692968.59,7867767.6,8819658.48,8956244.27,8872710.51,8608185.25,8154274.91,7628628.85
2019-12-16,7269153.79,7019232.77,6849404.33,6818357.8,6991743.1,7298403.54,7501142.14,8101853.62,8744138.8,9113753.79,9442785.87,9695135.06,9584256.98,9594024.9,9758477.09,9738893.48,9576347.14,9409655.11,10094712.33,10045936.29,9820512.31,9428239.52,8761962.71,8062720.81
2019-12-17,7541399.68,7247900.47,7074376.3,6965848.19,7147646.87,7421602.7,7609783.49,8253186.91,8830473.16,9166069.13,9437751.22,9694119.64,9615950.8,9639482.53,9745410.43,9711450.22,9532904.1,9386580.32,10079256.29,10008316.24,9778399.02,9392650.03,8770808.92,8072173.01
2019-12-18,7594318.83,7305811.24,7115688.27,7053163.85,7252399.46,7501137.56,7631060.21,8202244.63,8751728.7,9008837.31,9343365.43,9651270.6,9594782.98,9597425.66,9741486.99,9703843.74,9520361.37,9419529.43,10091006.79,10037816.03,9777768.91,9438188.68,8790100.64,8128646.75
2019-12-19,7617563.05,7311258.04,7097925.67,7053923.97,7200014.57,7483426.38,7636552.5,8235596.43,8829980.49,9199664.69,9514248.95,9808490.16,9633934.18,9702249.92,9794721.7,9727497.34,9557224.08,9423454.55,10100376.54,10123467.36,9866827.33,9485144.67,8922975.94,8233578.13
2019-12-20,7672032.43,7349040.45,7196861.15,7146669.55,7267448.41,7541620.42,7650713.48,8242003.18,8828962.75,9160177.77,9463786.04,9706978.95,9597249.14,9588636.22,9717873.17,9626155.33,9445323.41,9327651.18,10066645.96,9989621.96,9712441.19,9355002.28,8837705.63,8190596.82
2019-12-21,7693182.43,7385331.47,7188639.46,7076754.84,7101428.97,7237821.19,7274381.03,7742677.81,8317762.9,8653417.56,8906701.71,9058807.24,8958768.15,8810413.94,8682169.83,8600404.83,8446556.7,8542383.83,9421740.95,9466756.46,9246875.49,8927810.23,8424051.41,7938408.23
2019-12-22,7474125.56,7120497.76,6898135.26,6781649.94,6769597.82,6744154.07,6552134.39,6850836.18,7314239.09,7665442.22,7930613.99,8082482.3,8127116.39,8109084.29,8034854.02,7968534.5,7874859.68,7984753.08,8884594.51,8994727.88,8916173.31,8730683.82,8326274.37,7788089.55
2019-12-23,7375883.23,7090456.73,6870148.76,6818509.95,6949674.17,7161550.61,7306807.88,7933200.22,8503407.39,8891213.84,9174947.18,9391097.52,9306102.57,9301414.09,9379646.76,9283204.44,9095639.8,8980950.72,9693242.89,9705199.18,9518319.75,9199915.2,8683386.32,8021854.08
2019-12-24,7473654.63,7190521.09,6957126.75,6867469.31,6909125.48,7078305.37,7114939.45,7628226.83,8203597.57,8503659.0,8678642.15,8811160.61,8681945.4,8463962.39,8239506.56,8185344.23,8057631.78,8173632.13,9130564.69,9143007.72,8699929.5,8216724.41,7742420.81,7394893.02
2019-12-25,7135751.55,6988970.27,6843748.61,6671329.52,6551186.45,6459826.94,6100548.81,6166786.07,6416423.25,6665865.18,6894564.86,7156942.55,7301760.25,7298015.4,7230420.88,7135140.84,7101662.75,7181736.29,8116035.03,8292009.01,8197323.59,7956578.87,7574784.83,7135007.13
2019-12-26,6816645.26,6556543.94,6395408.48,6339496.47,6436008.69,6694133.74,6881279.61,7518410.22,8207706.16,8680596.96,9081980.24,9351567.57,9332458.78,9283271.0,9378795.09,9344950.87,9203163.34,9085093.75,9759814.01,9835542.96,9616089.79,9183085.19,8515024.62,7886007.87
2019-12-27,7386723.68,7044588.66,6884948.08,6805453.85,6911770.53,7139599.03,7267736.39,7746160.83,8369551.23,8714558.03,8989749.73,9253566.98,9150084.32,9080236.86,9151666.19,9074477.89,8920427.73,8885775.79,9627040.99,9677887.52,9386145.93,8999042.88,8438411.05,7810369.36
2019-12-28,7333288.65,7077375.47,6885981.42,6832102.14,6882003.45,7022132.11,7039143.39,7488259.23,8014120.19,8416377.55,8744409.64,8929449.94,8883087.13,8789770.89,8681262.11,8604016.83,8432084.45,8460933.42,9330381.39,9414039.09,9200905.66,8812222.72,8312636.6,7805188.04
2019-12-29,7360207.55,7039843.4,6815308.17,6679249.28,6640626.45,6663456.6,6451519.8,6724345.42,7132802.38,7494840.7,7726643.02,7955025.39,8023178.12,8002512.41,7945194.64,7872440.44,7756771.79,7804500.93,8717823.88,8840165.2,8724515.99,8443678.95,8011864.26,7505530.27
2019-12-30,7094862.59,6821553.37,6661204.8,6541906.62,6625292.71,6835386.23,6915183.27,7396339.17,8013072.31,8376281.37,8674337.24,8913564.82,8874714.32,8800649.56,8815475.35,8699730.03,8531463.47,8546514.89,9311527.77,9291131.89,9077969.43,8722368.9,8183942.47,7577425.1
2019-12-31,7091354.25,6780918.46,6558608.91,6505946.08,6511976.01,6651915.96,6628354.57,6958113.97,7339787.27,7621365.46,7806197.11,7919349.64,7872227.43,7789536.02,7652826.1,7531902.62,7422819.67,7573537.14,8585532.61,8597873.26,8221057.36,7721396.67,7249518.66,6903463.22
2020-01-01,6601074.79,6447885.79,6275363.53,6136344.04,6020133.32,5906730.38,5495742.14,5530111.74,5736928.7,5994528.01,6257796.18,6480298.24,6615051.01,6624091.42,6543692.04,6449738.46,6382038.67,6481802.54,7404652.43,7650096.66,7555898.04,7315307.17,6964680.28,6632102.64
2020-01-02,6318194.46,6095389.62,5960043.62,5866319.33,5939757.24,6134841.21,6239451.49,6717624.87,7241115.43,7644361.04,8033273.94,8274418.64,8333029.79,8376581.08,8472683.7,8441238.55,8320598.17,8208442.58,8927101.7,9058098.89,8876326.22,8525546.33,8006476.35,7476675.34
2020-01-03,7038192.01,6757008.09,6579871.92,6474155.54,6557636.68,6718219.98,6774896.16,7212614.14,7795533.66,8157591.17,8514966.55,8773902.32,8746250.45,8798388.56,8889689.34,8856810.06,8661947.42,8497387.48,9215168.62,9394501.38,9138679.48,8737163.22,8147924.26,7597817.94
2020-01-04,7197978.1,6925530.36,6738533.63,6594009.58,6607758.62,6716501.84,6683335.71,7075609.81,7610680.69,8012292.77,8336595.89,8539121.45,8570846.89,8446831.37,8383322.07,8313772.35,8152581.21,8085250.41,8922924.67,9152031.77,8945745.75,8565013.9,8069180.07,7587162.55
2020-01-05,7164567.16,6867893.53,6654452.09,6496313.81,6405740.08,6386488.03,6173674.32,6376923.71,6706821.66,7038341.9,7312837.3,7556928.26,7613889.21,7539779.15,7414981.6,7328601.36,7213429.72,7220656.43,8170205.6,8434123.99,8305125.57,7998028.97,7622554.01,7187686.65
2020-01-06,6853355.51,6544886.46,6368086.72,6254728.64,6238943.51,6250128.94,6058464.01,6344905.7,6733317.43,7079415.49,7375356.25,7636819.53,7773096.41,7772287.98,7656513.23,7579671.1,7473058.49,7462540.43,8385277.39,8719204.28,8553468.77,8257897.11,7780787.63,7303957.68
2020-01-07,6889992.35,6648981.84,6516043.3,6435650.1,6524168.19,6765847.02,6878043.36,7373923.75,8027248.31,8399690.07,8750761.59,9022495.67,9021471.06,9041252.0,9136521.18,9096647.35,8987110.77,8750835.86,9390567.69,9606646.41,9380040.43,8982741.42,8315944.42,7677297.61
2020-01-08,7209638.56,6933070.9,6746080.73,6667576.39,6786761.56,7021520.79,7168039.83,7700515.28,8282227.01,8605275.9,8956229.58,9273577.57,9239028.33,9244874.16,9393030.52,9333434.66,9170945.07,8888744.2,9489756.14,9715611.1,9520162.6,9091120.36,8464968.5,7798288.83
2020-01-09,7287685.71,7005954.61,6809744.26,6729573.68,6805974.88,7041766.27,7144274.76,7663625.84,8233939.08,8640533.41,8946418.57,9202505.45,9095564.92,9175444.71,9334065.21,9337743.34,9171261.14,8894440.61,9490320.64,9731217.32,9523727.39,9086347.88,8456361.9,7790757.98
2020-01-10,7298448.9,6989154.86,6756933.74,6703303.59,6815897.27,7064472.41,7219589.91,7726362.15,8311348.53,8627806.06,8975004.51,9241926.46,9152253.65,9165346.03,9374962.33,9365407.0,9195869.82,8924503.78,9530984.84,9703661.5,9468315.72,9067650.18,8496984.68,7882483.23
2020-01-11,7391983.57,7103206.39,6906044.45,6800428.64,6786565.94,6882564.77,6910156.48,7366769.93,7973451.0,8356003.67,8703907.48,8942911.65,8902985.44,8779763.76,8662227.47,8588962.71,8455248.13,8327390.75,9133116.96,9344373.83,9087065.88,8645502.04,8074619.77,7580132.42
2020-01-12,7172326.96,6876209.63,6693758.63,6568579.08,6502022.92,6488018.47,6248577.91,6508647.75,6901579.15,7252393.61,7573976.73,7820114.04,7886431.36,7863249.91,7760610.03,7664840.72,7542405.44,7547831.14,8445374.38,8796813.44,8691439.98,8394232.12,7921559.63,7382408.03
2020-01-13,6997793.14,6724712.22,6567692.34,6477356.21,6622534.2,6929248.75,7149411.88,7733794.06,8397809.52,8786407.19,9150238.97,9471895.07,9438887.18,9478785.41,9572044.68,9621722.47,9396155.75,9092737.85,9581152.06,9886764.71,9670951.57,9186876.51,8482855.21,7807894.24
2020-01-14,7336106.84,7073463.01,6912591.43,6826064.53,6976558.3,7287033.8,7465062.35,8001737.89,8594691.36,8927817.26,9217135.12,9540703.67,9437834.19,9486391.36,9658578.58,9560271.83,9356179.79,9059376.19,9637337.99,9853021.05,9639317.26,9196057.46,8507366.6,7822347.25
2020-01-15,7344645.85,7064268.33,6884255.85,6811860.51,6938839.76,7269334.18,7461890.42,8030558.08,8629897.63,8965454.45,9327181.38,9613762.06,9517955.85,9500025.85,9709484.92,9683590.49,9493940.91,9189114.98,9738634.15,9958917.09,9725772.23,9314326.78,8642175.8,7953592.12
2020-01-16,7446175.21,7160738.73,6967606.01,6921119.0,7060144.66,7404217.09,7608685.71,8156664.63,8732006.31,9070893.41,9443116.29,9715653.6,9601142.99,9624557.8,9817833.83,9762216.38,9579385.56,9270074.45,9802365.31,10005087.18,9815632.11,9361063.64,8638635.33,7979294.29
2020-01-17,7537504.66,7267042.22,7078188.74,6978060.54,7130611.36,7465436.16,7680657.19,8181811.68,8753754.86,9090601.16,9450701.46,9734848.06,9649024.72,9671850.93,9831284.21,9771059.2,9580652.23,9279937.41,9789574.22,9990503.33,9767055.01,9318282.03,8667862.93,8044215.09
2020-01-18,7599257.96,7305844.48,7097098.92,7047380.46,7089019.2,7232509.66,7234423.1,7735541.02,8320468.15,8780431.78,9104043.2,9288889.86,9230361.2,9062340.98,8931131.41,8849311.26,8674323.91,8566361.14,9346598.03,9629486.26,9415401.71,8997133.23,8447583.07,7929129.51
2020-01-19,7453977.46,7099987.45,6895049.2,6754295.68,6690975.6,6679076.94,6437755.37,6678157.66,7064269.88,7398867.83,7693911.55,7938300.93,8030413.8,8020911.5,7938840.44,7841225.46,7713487.04,7715799.16,8603088.36,8961013.0,8914560.61,8627021.15,8135429.93,7630153.4
2020-01-20,7266152.21,6973231.56,6792710.95,6725649.13,6902993.35,7285665.47,7605381.42,8110836.67,8698814.3,8990292.14,9325992.27,9698675.51,9563358.24,9617232.13,9786140.8,9730388.77,9563118.88,9314690.25,9894731.16,10035955.06,9838134.85,9375110.82,8667479.41,7978931.53
2020-01-21,7513175.94,7266813.32,7086466.6,7006957.39,7169141.8,7564267.02,7827249.16,8289967.04,8816812.5,9054234.38,9382248.65,9603199.47,9505900.05,9547805.83,9691581.35,9506935.86,9331462.49,9139596.28,9743734.22,9929890.08,9642877.41,9236816.85,8540836.65,7833152.52
2020-01-22,7376976.09,7134938.65,6957331.19,6899317.51,7083888.87,7532485.6,7794009.21,8178553.83,8665515.98,8883286.47,9204927.29,9408346.44,9258409.54,9209831.27,9385600.95,9414910.06,9201151.61,8982317.79,9613164.09,9887036.77,9642301.46,9178000.87,8425386.39,7730565.01
2020-01-23,7292992.68,7027014.37,6857001.96,6782927.51,6941654.09,7383692.84,7572411.74,7955182.06,8529140.62,8862587.44,9214385.41,9441834.36,9215340.47,9312066.49,9532487.22,9492947.97,9330975.71,9091724.37,9690705.71,9971404.3,9746698.03,9259307.54,8543404.13,7858223.71
2020-01-24,7402827.5,7130975.6,6973903.28,6909635.48,7046790.76,7522015.54,7746430.58,8189525.24,8697817.81,9089037.22,9415150.62,9660901.01,9517719.49,9546228.19,9713744.67,9687584.31,9473236.03,9197301.67,9761003.66,9937875.58,9678043.14,9210645.07,8591490.93,7970894.86
2020-01-25,7475244.55,7234409.61,7054390.89,6969676.51,7022794.55,7198446.26,7315283.39,7774913.18,8325507.01,8738793.56,9048945.7,9263475.43,9226929.66,9053502.89,8885023.83,8784086.06,8634084.93,8536959.64,9269738.16,9496646.22,9238696.84,8805034.58,8228057.56,7721016.89
2020-01-26,7315352.47,7043209.39,6806978.45,6686447.26,6671654.21,6655938.33,6492925.97,6723300.66,7114908.31,7438540.86,7696111.02,7933859.15,7997786.36,8008401.46,7938439.75,7818708.68,7728565.06,7652101.83,8545780.82,8967271.8,8870117.43,8522953.66,8016352.55,7470971.83
2020-01-27,7081997.4,6844662.46,6701895.45,6668788.32,6878978.83,7419228.88,7640345.4,8074014.62,8657431.17,8995532.28,9396875.55,9689876.64,9526567.04,9571433.68,9785290.77,9764921.51,9576372.49,9222598.52,9726470.95,10023108.27,9823923.53,9318725.93,8630513.99,7893926.73
2020-01-28,7437590.81,7166780.97,6936899.53,6896906.26,7154121.54,7699774.05,7893369.76,8255508.65,8754482.51,8991447.93,9354608.87,9611376.73,9428628.55,9479545.61,9732023.86,9716186.33,9532095.44,9279468.42,9843503.42,10126948.38,9901011.93,9401354.34,8624868.68,7934171.8
2020-01-29,7457194.18,7173190.44,7033580.39,6986807.46,7204298.69,7787400.28,7944307.5,8302355.03,8744745.01,9053271.03,9430177.76,9676470.07,9545972.02,9625228.07,9815045.74,9755835.63,9561565.6,9278773.45,9784706.52,10056947.55,9840596.51,9385478.43,8656591.65,7907561.38
2020-01-30,7508477.47,7250962.62,7055905.37,7012268.53,7221627.84,7751548.96,7856484.13,8234556.02,8764289.61,9085408.87,9455941.86,9728520.24,9538286.63,9644241.56,9839425.91,9828818.9,9619730.31,9299340.09,9793237.37,10103036.52,9929679.68,9483739.18,8808095.78,8065741.3
2020-01-31,7572262.11,7299510.21,7113209.58,7067198.26,7251417.9,7799019.29,7935696.38,8281184.84,8797217.31,9164770.58,9577071.08,9854832.53,9684451.21,9713623.99,9901093.73,9882933.37,9659575.73,9349752.76,9798741.12,10114332.79,9921649.74,9473933.42,8836422.77,8182912.75
2020-02-01,7750686.15,7488628.7,7301407.07,7202875.95,7261854.92,7446097.12,7526988.97,7917526.96,8468039.67,8900998.28,9236092.25,9417991.51,9347532.86,9179219.24,9075740.94,8943417.72,8779716.64,8687961.2,9434603.73,9701481.66,9473679.63,9042374.04,8455983.25,7925498.79
2020-02-02,7489614.87,7182357.2,6960349.43,6832158.61,6769603.46,6758794.78,6607776.35,6822586.37,7184128.43,7490713.29,7805119.06,8042147.21,8119193.7,8101621.33,7992292.66,7914229.64,7807155.71,7768317.36,8590214.37,9053069.95,8990562.58,8677498.53,8128223.96,7605321.15
2020-02-03,7221139.42,6970481.54,6793605.72,6764994.31,7036264.28,7663341.4,7807093.27,8163785.69,8720556.89,9118802.86,9502638.89,9766469.23,9627668.94,9722921.53,9896501.99,9930974.32,9765190.77,9451787.66,9890797.32,10241703.52,10081393.31,9650541.33,8906384.71,8111840.78
2020-02-04,7634095.16,7310328.11,7130513.22,7052374.76,7274905.31,7879480.19,7965539.38,8255684.0,8756121.36,9098225.96,9465406.87,9704407.28,9554790.99,9645169.75,9864190.92,9878090.52,9653884.08,9381145.13,9941388.23,10220703.87,10040481.91,9574545.72,8730728.98,8025575.6
2020-02-05,7550150.01,7306121.38,7159280.05,7084908.66,7303032.57,7904124.29,7914126.85,8236335.62,8696310.04,8985367.75,9420553.53,9689515.69,9549706.91,9663813.62,9857167.38,9926352.81,9749432.13,9428711.83,9924233.73,10273533.61,10018361.04,9543225.12,8739693.04,8031735.3
2020-02-06,7536579.53,7295349.35,7130346.06,7066873.9,7271156.72,7886921.53,7942043.07,8257399.65,8768171.17,9135921.19,9516183.55,9756349.6,9622224.14,9731826.85,9966935.21,9960488.29,9776666.1,9433464.47,9912533.91,10285220.94,10118064.39,9660585.66,8957221.87,8226585.85
2020-02-07,7645111.76,7373315.67,7184691.18,7123751.12,7334859.24,7888419.49,7959676.42,8271519.73,8787773.94,9104555.03,9528627.96,9837957.17,9694339.34,9816777.06,10031483.85,10054194.34,9847169.82,9516803.68,9943327.16,10255491.21,10046105.51,9585830.87,8924507.54,8244382.95
2020-02-08,7758957.92,7463746.76,7263971.27,7160787.98,7223104.33,7402240.22,7522834.02,7991545.1,8581139.99,8976836.33,9238454.63,9510739.61,9430000.91,9251846.48,9112711.92,8997984.08,8834981.5,8696082.58,9337697.03,9643014.52,9419563.17,9017972.02,8406092.97,7909789.72
2020-02-09,7419762.87,7118694.33,6914358.46,6775544.35,6709750.68,6719346.84,6498225.04,6703736.38,7114958.34,7470820.13,7744358.28,7957250.95,8062208.94,8057646.11,7960562.98,7872245.24,7755688.55,7751523.79,8554025.97,9056524.5,8953592.36,8600112.5,8071340.08,7509178.98
2020-02-10,7104109.89,6854886.15,6673540.84,6654147.0,6919627.97,7599317.47,7709563.74,8105330.57,8666584.63,8978464.52,9376509.2,9681377.35,9540780.29,9665349.2,9878560.19,9929321.87,9728866.78,9374822.48,9832709.99,10212555.28,10022826.47,9546513.97,8711855.52,7984700.13
2020-02-11,7501692.35,7236647.17,7024937.0,7008153.55,7230053.89,7851116.58,7926558.02,8287677.68,8774519.26,9125519.59,9543105.88,9779546.83,9567022.98,9733426.25,10013474.79,10027963.85,9769662.02,9398677.24,9852900.18,10236033.45,10063331.51,9566258.62,8796822.21,8070684.53
2020-02-12,7575773.44,7273651.79,7161007.16,7090384.52,7306739.95,7952732.8,8008750.31,8346072.4,8875903.53,9198797.61,9565062.91,9774887.23,9614290.19,9719141.91,9956557.83,10016719.38,9814845.67,9454256.73,9961508.24,10343387.55,10156848.17,9618045.69,8833488.31,8147976.45
2020-02-13,7693537.52,7437416.12,7241445.52,7173307.53,7398768.24,8015550.27,8101813.89,8430443.59,8895713.78,9215046.93,9531745.59,9798553.65,9640488.62,9797801.54,10014527.79,10039598.57,9864149.5,9531057.69,9982637.16,10328862.25,10139199.36,9634225.85,8870479.32,8233417.78
2020-02-14,7750257.52,7466781.16,7293406.21,7223081.62,7422323.58,8023779.26,8130235.33,8504426.86,9006260.25,9306375.77,9677167.27,9945954.86,9754716.01,9836503.16,10013762.14,9977972.1,9780886.92,9417578.79,9827115.98,10106932.37,9867568.65,9401110.28,8762474.61,8109742.49
2020-02-15,7648239.37,7382323.71,7220323.75,7125692.29,7189551.27,7374623.9,7512216.29,7983715.65,8543701.23,8916108.1,9295216.25,9541194.91,9450690.01,9333754.9,9166429.24,9095784.96,8896851.99,8747154.04,9373743.72,9737369.6,9499316.27,9035670.48,8459651.78,7927317.45
2020-02-16,7491781.18,7160737.72,6937353.73,6746990.56,6716205.87,6707657.68,6525309.28,6762912.48,7152697.42,7528752.5,7821225.15,8054539.61,8192626.27,8174410.16,8077619.26,8000928.56,7820150.6,7814928.99,8632044.24,9128886.88,9034783.69,8749556.47,8255450.37,7681951.13
2020-02-17,7234287.11,6996908.88,6863858.45,6808003.91,7065530.82,7679427.41,7828760.2,8235709.44,8800067.45,9170063.69,9542166.11,9821246.41,9644506.56,9741202.34,9999432.27,10009623.97,9863533.24,9476136.59,9874229.56,10280314.4,10101071.41,9613299.65,8805495.71,8070699.41
2020-02-18,7595809.18,7344699.63,7158565.74,7081892.14,7349442.07,7928711.75,8006087.0,8348752.53,8890738.24,9224273.6,9599150.82,9896705.24,9693593.53,9843119.14,10109801.77,10116406.24,9935322.89,9613906.43,10021210.24,10432130.83,10200691.53,9725563.5,8960078.85,8270305.78
2020-02-19,7752036.2,7486947.14,7323482.68,7298109.95,7508855.34,8094619.01,8205577.37,8517500.27,8997098.42,9326712.3,9640535.52,9893449.05,9701506.59,9889047.68,10140773.52,10145125.73,9971978.43,9573195.24,10014244.12,10411117.98,10181561.19,9712807.77,8997732.77,8267039.7
2020-02-20,7783345.61,7498731.26,7337298.37,7288018.17,7455863.04,7963178.37,8169059.42,8590886.91,9055759.26,9373021.71,9656868.69,9967320.53,9834177.48,9843635.93,9978866.49,10005346.27,9840425.31,9533792.51,10009940.1,10251640.98,9978024.31,9563018.84,8860514.71,8138108.98
2020-02-21,7669588.11,7427583.62,7265223.38,7226564.54,7419554.59,7892394.7,8053051.79,8542605.25,9079524.91,9384129.61,9773227.94,9954072.46,9802514.92,9869536.21,10052644.79,9964853.27,9755944.53,9421592.86,9861574.06,10044294.3,9821788.16,9345070.77,8719153.57,8077820.65
2020-02-22,7591526.22,7336985.9,7122181.24,7028913.16,7102374.82,7324904.59,7444382.59,7891791.51,8413449.13,8730296.35,9068725.11,9250944.2,9240721.63,9112237.13,8894965.51,8774563.82,8464788.53,8401903.87,9154159.68,9431848.71,9177051.79,8743850.97,8120352.43,7588289.57
2020-02-23,7177556.56,6898746.3,6677409.26,6557062.08,6536316.6,6546982.58,6422034.49,6634221.12,7018893.67,7377885.51,7680755.94,7925091.84,8001661.72,7989068.37,7855684.61,7775724.96,7682122.93,7644587.46,8422126.19,8803875.43,8663567.26,8284940.0,7756053.49,7246720.4
2020-02-24,6895307.21,6687065.84,6569897.67,6559696.78,6842574.61,7507265.97,7664758.74,8023337.89,8484466.34,8770795.32,9118151.67,9362760.48,9244038.36,9322769.59,9528501.58,9549413.07,9382303.06,9105343.35,9589919.42,9880582.57,9708575.43,9237322.0,8472049.59,7759569.13
2020-02-25,7302734.14,7057545.13,6926748.77,6897205.11,7153898.5,7797493.7,7923499.89,8210518.9,8659840.45,8923076.48,9313022.44,9555640.2,9397858.53,9477005.08,9676309.31,9588641.86,9492218.19,9216732.38,9759613.5,10029856.81,9757703.3,9264491.16,8493157.28,7801967.77
2020-02-26,7331174.77,7103444.67,6932886.69,6880613.02,7130641.94,7727597.51,7885214.38,8208079.57,8648633.41,8939892.99,9271309.85,9553695.75,9421057.18,9500210.02,9724296.51,9741298.32,9593959.88,9294036.93,9745789.84,10029821.49,9854164.28,9346967.93,8627744.19,7903217.05
2020-02-27,7462622.48,7133405.84,6984728.63,6936366.36,7189041.89,7791138.06,7875135.59,8185081.85,8654030.28,8950251.56,9237804.01,9533811.17,9379409.66,9482391.83,9676356.38,9687194.66,9555051.17,9218132.4,9711156.3,10081600.32,9856599.27,9386990.07,8656967.33,7946353.9
2020-02-28,7467126.31,7192983.7,7042310.8,6970606.6,7218398.59,7821727.96,7915001.61,8243094.09,8698571.41,8955126.34,9306711.42,9616283.66,9492821.28,9632908.44,9871642.21,9871141.35,9688446.79,9319991.06,9775017.76,10089347.69,9847401.49,9410261.36,8767743.4,8155211.51
2020-02-29,7667850.23,7398334.03,7198957.14,7106215.76,7158635.54,7323247.42,7404873.58,7848826.32,8394549.43,8794489.07,9090248.37,9305666.21,9247979.82,9103172.23,8978592.33,8917378.05,8773728.54,8641849.19,9254941.39,9603109.8,9334918.12,8888803.38,8334214.21,7758845.39
2020-03-01,7324778.63,7012689.39,6799693.58,6654838.61,6627131.87,6647915.19,6438013.51,6699058.58,7112056.69,7465138.62,7707987.32,7977947.6,8079619.0,8061131.97,7964760.86,7893284.43,7781597.61,7726370.04,8497945.34,9000788.87,8949095.18,8674621.27,8146183.47,7593817.04
2020-03-02,7192594.71,6971155.98,6775983.25,6738299.68,6989972.66,7603891.73,7719245.21,8086043.94,8627117.37,9002501.61,9371414.78,9660753.28,9509624.0,9639442.48,9874578.2,9899501.91,9729700.84,9385113.62,9858244.04,10195748.39,9974441.32,9493114.8,8755382.71,8028384.27
2020-03-03,7536420.5,7291909.47,7111499.32,7030581.17,7256948.0,7872707.59,7943877.66,8332200.36,8814057.73,9077899.47,9402707.03,9666808.94,9535654.41,9676648.21,9974833.71,9979227.91,9806347.42,9471037.82,9936920.15,10298693.87,10090189.06,9619117.56,8876410.68,8151948.41
2020-03-04,7638975.59,7387176.34,7223368.99,7140611.99,7391544.26,7979975.6,8068037.92,8419186.86,8875140.27,9171285.21,9504329.62,9716915.54,9601255.47,9635210.73,9941818.02,9982847.06,9818231.55,9507473.91,9960680.25,10383219.7,10195137.87,9741776.84,8942298.45,8228388.28
2020-03-05,7730399.42,7429810.14,7248430.02,7158149.87,7389480.42,8004789.86,8048766.63,8413035.39,8888195.21,9219789.4,9608956.42,9889092.4,9756302.16,9862744.7,10095770.13,10085652.29,9905718.21,9593154.7,10063323.42,10430530.5,10240912.13,9768129.72,9021552.4,8240988.57
2020-03-06,7764795.89,7471153.43,7280091.17,7202288.16,7435680.28,8005895.18,8084910.3,8486683.08,8994155.17,9317368.08,9691583.47,9969441.94,9828084.45,9957542.62,10127215.67,10083191.9,9895962.19,9541258.82,10027616.21,10281515.35,10101911.61,9653880.88,8998376.77,8353867.38
2020-03-07,7834564.33,7514451.32,7316477.31,7196889.36,7263848.64,7455626.17,7552541.22,8050707.94,8594631.55,8947068.65,9265850.15,9465632.6,9391724.39,9219977.38,9053865.86,8901354.13,8725697.15,8702639.13,9368565.83,9677490.81,9389907.36,8955009.15,8378792.99,7829719.43
2020-03-08,7360882.87,7077303.48,6860342.18,6745406.41,6696020.92,6691430.76,6521366.43,6771518.44,7154448.73,7471422.2,7723101.94,7973153.86,8073129.44,8045213.59,7917836.16,7825263.86,7711144.96,7671686.97,8394075.79,8854219.35,8804960.46,8500545.96,8012083.84,7466527.09
2020-03-09,7068491.26,6844801.02,6721496.35,6654677.96,6896137.29,7526727.46,7676037.24,8071930.25,8617443.73,8993157.89,9391835.77,9620811.58,9509887.09,9650675.1,9879878.07,9844318.22,9707090.63,9447488.78,9867006.46,10148201.55,9931925.25,9445173.86,8661451.82,7963526.9
2020-03-10,7494400.29,7232976.25,7083924.47,7034696.77,7289275.69,7913966.31,8002806.27,8376843.92,8857778.58,9147373.25,9526911.75,9763519.09,9630048.92,9751120.84,9949660.51,9922069.59,9762598.05,9488303.18,10001938.23,10201410.5,9952456.63,9375779.08,8584331.92,7977750.1
2020-03-11,7513480.07,7267793.32,7091333.15,7035859.45,7246728.35,7895988.18,7943414.11,8261009.51,8707246.5,8983736.06,9320966.13,9553029.64,9398939.77,9441023.54,9724442.1,9747309.93,9573111.58,9316884.34,9801033.67,10160856.73,9891558.37,9447527.2,8630412.76,7983867.49
2020-03-12,7497889.97,7252840.4,7067754.25,6997051.75,7240241.32,7867234.51,7961306.52,8336523.42,8801494.94,9074742.53,9405806.14,9655917.84,9503372.25,9619599.36,9864786.96,9833113.47,9599400.14,9370450.26,9847047.95,10173637.99,9915896.24,9424939.2,8666092.95,7935712.49
2020-03-13,7477268.38,7204143.29,7034739.52,6958535.27,7219744.63,7827606.16,7931666.81,8298504.8,8764589.41,9037185.03,9379432.2,9661913.91,9542855.35,9612315.7,9815691.54,9785599.96,9612010.24,9350115.59,9764989.67,10025407.26,9772505.8,9254296.23,8586624.54,7942974.0
2020-03-14,7480103.98,7224176.13,7047905.23,6967237.56,7034040.92,7240664.4,7318319.77,7792380.86,8353677.95,8693227.36,8913772.42,9110355.49,9075178.47,8952436.96,8845028.08,8741139.06,8567024.45,8533826.5,9291617.01,9617473.37,9354506.78,8860373.82,8239614.42,7720747.16
2020-03-15,7306191.93,7044158.96,6829055.82,6689218.72,6628864.83,6619209.7,6434620.99,6624891.77,7009529.78,7318497.72,7592162.76,7903621.86,8051172.31,8018729.46,7921407.15,7846133.04,7696877.84,7688882.85,8469345.75,8914179.96,8838326.25,8561700.62,8123746.25,7540141.5
2020-03-16,7156285.8,6880959.84,6737984.42,6672747.37,6844388.67,7212647.06,7461080.08,8059767.67,8662217.89,9004152.27,9393174.99,9699971.37,9699782.1,9704117.64,9804562.77,9713390.52,9469225.74,9165780.28,9622297.32,9962061.22,9790010.91,9340769.39,8677952.41,7928958.61
2020-03-17,7418793.0,7133592.84,6945289.18,6852340.78,7000797.68,7286094.8,7463246.21,8064676.61,8592132.38,8933580.2,9303011.24,9605502.62,9562030.01,9532091.41,9580607.79,9565002.2,9336047.22,8956896.08,9461660.3,9759840.92,9534069.12,9135619.46,8509255.31,7811895.08
2020-03-18,7306155.87,7025026.64,6868972.0,6779419.57,6878913.39,7121761.14,7346352.14,8002562.97,8574384.6,8906364.4,9205008.7,9441873.68,9462786.63,9556569.65,9648521.59,9570838.63,9361587.06,9008653.73,9516608.87,9857486.12,9651476.06,9228823.75,8580878.27,7918051.29
2020-03-19,7471347.52,7175719.14,7017901.25,6944506.18,7030274.46,7261771.19,7474723.02,8089936.43,8610342.19,8909634.44,9303217.01,9606240.42,9551391.28,9593125.57,9666393.76,9580161.65,9270558.63,8999545.7,9464076.16,9749962.55,9479385.55,9089741.83,8543416.13,7865232.99
2020-03-20,7349980.99,7077177.74,6890982.18,6803771.65,6821855.84,6952768.33,6996119.83,7492027.79,7969317.98,8262383.22,8499529.54,8703423.37,8768279.01,8770486.13,8731698.25,8583625.94,8296637.35,8080829.28,8697106.44,9090027.41,8889633.01,8524988.92,8047431.92,7485073.06
2020-03-21,6975071.58,6653837.08,6455741.49,6345018.75,6341196.08,6347504.34,6157662.5,6472130.36,6863285.1,7224252.35,7505210.41,7768720.48,7947251.65,7991452.07,7910306.88,7779089.72,7629131.68,7583370.69,8220070.16,8612441.67,8402936.77,8003510.82,7515251.44,7009280.13
2020-03-22,6617509.62,6331388.66,6118647.04,5996801.23,5947776.85,5890662.6,5641422.87,5901096.79,6272468.31,6584088.46,6854545.07,7187463.69,7486653.05,7586039.29,7500977.35,7382641.71,7261642.51,7225661.41,8017637.77,8509827.39,8340771.12,7993380.28,7548964.86,7030074.1
2020-03-23,6604518.59,6356777.65,6156424.95,6011884.75,5990902.02,5988081.42,5789489.18,6063335.92,6428980.74,6778882.71,7117438.6,7424196.72,7706148.77,7796143.23,7736699.71,7668265.61,7499178.89,7412581.66,8249379.08,8688985.61,8525682.83,8167602.74,7648262.23,7128693.01
2020-03-24,6745039.0,6473655.35,6274851.7,6173597.59,6215168.23,6317613.58,6314873.47,6790696.31,7228412.37,7444680.23,7713488.55,8013187.14,8186067.41,8209035.06,8131676.25,8044363.22,7873496.99,7782683.5,8490263.84,8839898.65,8604579.79,8254585.81,7775915.06,7175115.18
2020-03-25,6694476.44,6417548.14,6235642.17,6129439.5,6138516.47,6163519.57,6058839.85,6480819.02,6859629.01,7138719.14,7415611.67,7735483.73,7949661.5,7985793.11,7912339.41,7821216.56,7688122.18,7609848.66,8364282.76,8730016.0,8559624.45,8210782.82,7759275.3,7152421.83
2020-03-26,6724958.3,6459794.72,6255733.99,6176760.41,6195124.25,6242983.86,6174812.62,6555139.25,6933241.9,7182721.5,7455554.34,7761965.11,7953705.74,8047119.91,7967891.36,7889776.44,7708798.44,7631758.56,8387925.92,8782160.43,8590272.0,8260667.7,7782054.0,7192834.48
2020-03-27,6751628.7,6456920.34,6267039.96,6137290.79,6110232.87,6172090.49,6105711.73,6512846.73,6895631.5,7203900.37,7494547.57,7851399.2,7983738.64,8089197.01,8011803.21,7915796.84,7732675.34,7637196.83,8390635.57,8779106.82,8561331.77,8219408.39,7772031.8,7182330.53
2020-03-28,6834888.29,6688901.37,6536767.04,6400325.8,6369793.45,6217247.22,5973024.81,6279503.99,6616251.6,6902594.57,7214046.95,7507493.68,7762064.92,7823149.19,7749192.46,7670684.19,7513295.57,7439013.17,8191788.65,8582937.79,8377902.69,8047595.09,7588476.24,7079853.68
2020-03-29,6700671.06,6405159.09,6171209.98,6047689.79,6003398.22,5867435.61,5573562.29,5795998.07,6111208.5,6392952.64,6659465.11,6966639.97,7254759.86,7395336.0,7356480.55,7272421.35,7154687.25,7111290.28,7891072.99,8302411.56,8154848.29,7862893.6,7465437.71,6998343.38
2020-03-30,6613574.18,6325547.89,6143838.71,6010041.82,6038996.42,6095726.88,6032890.71,6409196.11,6826846.75,7088498.87,7403305.44,7709039.08,7875163.53,7894700.94,7831069.22,7746763.71,7612087.6,7585376.43,8397095.98,8713090.51,8500308.42,8181506.35,7720227.98,7147812.39
2020-03-31,6701129.27,6432102.08,6261115.22,6145660.53,6144709.91,6165348.0,6070550.23,6439388.95,6817665.63,7062850.8,7293975.52,7629190.86,7836330.71,7851364.23,7766078.47,7662506.08,7538223.38,7484442.14,8254113.56,8582720.61,8400698.27,8049790.92,7590890.31,6984535.42
2020-04-01,6570585.84,6313017.01,6144763.03,6047448.26,6050892.05,6098022.54,6051304.19,6406513.02,6743257.5,6939516.35,7212176.68,7485744.76,7678791.4,7713407.79,7652234.5,7565135.79,7419690.51,7382625.33,8184195.66,8552585.97,8334195.25,7994217.54,7556865.48,6993141.66
2020-04-02,6573582.45,6297653.26,6120403.47,5998754.11,6020203.67,6091177.89,6042524.19,6415023.34,6784367.87,7043136.27,7331508.63,7641028.76,7833025.48,7903306.72,7808134.87,7702156.84,7524919.18,7482224.01,8289177.93,8682165.81,8484329.18,8170722.76,7712189.35,7133388.49
2020-04-03,6730538.28,6451307.59,6257589.34,6150303.92,6162863.8,6212952.56,6165738.3,6581069.27,6940142.92,7213057.21,7476859.47,7792586.95,7997064.9,8035898.91,7978504.78,7910291.64,7728160.65,7612634.2,8342536.33,8688949.11,8521060.67,8212292.81,7817689.45,7260957.43
2020-04-04,6785284.89,6565865.23,6353429.56,6244878.84,6202882.04,6189048.67,6040524.94,6346190.68,6660849.87,6948503.58,7231970.76,7502772.59,7762951.29,7817773.26,7749406.81,7669151.63,7523367.05,7425770.6,8174616.39,8507692.85,8318938.29,8029787.31,7566729.96,7121680.67
2020-04-05,6710789.21,6458947.75,6224167.03,6061247.46,6019520.78,5953874.28,5679542.58,5916184.77,6274711.28,6555533.45,6813982.93,7061771.82,7293773.68,7430341.37,7432023.72,7351529.04,7218136.96,7131564.93,7977712.91,8394551.29,8249748.02,7975964.59,7558326.6,7093401.24
2020-04-06,6742836.44,6455753.81,6235904.32,6135402.22,6137716.12,6196841.25,6163485.02,6620760.69,7028714.48,7325750.57,7611962.95,7926611.28,8120086.03,8138739.96,8048228.79,7918992.4,7691987.93,7594479.77,8275982.95,8624253.1,8503892.22,8242644.54,7828175.89,7202588.66
2020-04-07,6738682.67,6450366.77,6229569.38,6100292.31,6123082.82,6151442.7,6083209.36,6477146.14,6854476.72,7152113.79,7436442.17,7749580.54,7875256.8,7961406.09,7913382.83,7829386.23,7669187.28,7566463.98,8336648.59,8700646.71,8547880.78,8201524.34,7767076.55,7210476.31
2020-04-08,6846390.31,6578462.84,6363664.64,6260114.38,6232034.28,6243465.75,6172751.16,6601615.91,6998422.81,7275786.49,7565077.89,7874430.26,8058195.23,8002297.99,7958515.6,7883766.3,7663182.8,7519044.2,8314271.87,8596686.72,8440285.26,8158380.95,7769080.23,7206384.24
2020-04-09,6761911.47,6429246.99,6253847.77,6124278.91,6058476.95,5955390.4,5673108.16,5907828.79,6215400.39,6520555.9,6799272.12,7070777.03,7326727.09,7393476.63,7324677.43,7248055.91,7089107.87,7010728.24,7878662.89,8207041.17,8054843.03,7821188.68,7423739.16,6945758.13
2020-04-10,6572548.26,6249274.18,6057252.68,5922521.4,5864179.76,5797311.01,5539926.15,5714677.5,5989651.79,6288226.17,6587387.51,6893423.62,7142314.72,7204240.36,7126800.21,7026995.34,6883368.97,6873516.75,7649509.76,7965143.56,7814775.47,7587540.96,7202005.37,6764138.29
2020-04-11,6385204.95,6082080.37,5877300.65,5804407.49,5789893.33,5770737.05,5622276.9,5920858.61,6275628.78,6568537.68,6856788.52,7170733.36,7400039.93,7424484.62,7318411.05,7235728.33,7060668.13,7047658.78,7829845.44,8043944.43,7890121.99,7601145.75,7237699.2,6856538.83
2020-04-12,6517214.18,6210419.48,6005523.05,5866315.29,5814500.83,5741946.14,5440512.14,5698937.52,6022968.74,6330858.31,6570678.98,6837306.52,7104619.25,7212779.18,7141944.18,7030149.15,6920570.63,6863557.45,7724480.32,8121342.85,8012948.86,7749834.61,7337494.71,6837137.75
2020-04-13,6430788.21,6161207.87,5983612.85,5885551.19,5889959.48,5926377.63,5960181.85,6391075.23,6848422.89,7197865.34,7492913.18,7754944.4,7989878.8,8061054.25,7970534.87,7884859.15,7689021.65,7621205.29,8394434.04,8681397.23,8523631.54,8226354.67,7763550.11,7192144.06
2020-04-14,6741244.41,6458928.63,6238527.36,6101595.29,6121754.82,6141612.25,6133526.95,6595162.18,6996002.7,7271236.79,7514113.82,7745530.22,7900796.81,7950019.89,7911031.87,7805570.9,7629105.61,7524564.48,8343831.77,8673415.36,8502303.1,8170655.92,7738588.78,7140085.56
2020-04-15,6669581.63,6403452.07,6205687.91,6079687.38,6045248.3,6053374.9,6002301.47,6485042.57,6875151.23,7163614.01,7445586.84,7749744.66,7918836.22,7914882.02,7856359.98,7737710.28,7587166.28,7455314.16,8214533.58,8573656.93,8407589.92,8086641.31,7589125.19,7054331.04
2020-04-16,6674765.82,6389949.42,6187980.81,6052347.01,6045066.23,6087915.15,6103307.01,6546410.56,6942529.99,7249781.42,7561524.01,7861045.62,8038386.24,8024306.87,7926843.87,7824846.47,7650928.96,7596327.36,8364602.36,8703313.74,8480498.39,8175256.35,7725426.74,7184705.14
2020-04-17,6753341.94,6492529.07,6284716.95,6147460.93,6177241.95,6222198.77,6180229.08,6654734.39,7080076.68,7396415.63,7675117.81,7957703.13,8109601.07,8114584.39,8045809.72,7948329.66,7753477.1,7642719.75,8409868.61,8711269.23,8524413.9,8187830.49,7738018.5,7229083.24
2020-04-18,6815628.49,6533202.15,6340934.52,6224968.37,6214997.15,6179969.11,6055295.23,6400386.87,6754732.7,7003403.97,7279504.29,7533162.88,7697291.89,7676259.85,7523119.66,7363725.46,7252878.18,7266278.06,8027179.81,8294919.05,8118758.29,7793080.99,7388871.72,6931040.92
2020-04-19,6466683.7,6175025.86,5989038.17,5844905.81,5810824.01,5679973.65,5443305.59,5658613.67,5964148.72,6263631.28,6518286.5,6798817.15,7060935.32,7106249.15,7046454.36,6951213.02,6842363.6,6834553.75,7673699.11,8036881.85,7919195.88,7657941.12,7232301.31,6774651.53
2020-04-20,6416850.32,6157886.46,5985041.61,5882828.21,5911947.01,5899414.93,6065635.26,6621414.99,7076148.7,7372741.61,7664745.27,7980641.7,8127240.93,8159007.84,8079414.19,7933390.61,7708281.55,7586673.83,8423562.1,8782612.16,8606311.52,8284612.74,7768967.83,7208893.09
2020-04-21,6749235.19,6466360.52,6299776.43,6183164.91,6201661.62,6247921.29,6264698.31,6767377.32,7131210.02,7355171.52,7601874.53,7879217.87,8005104.1,7983503.92,7882644.61,7794951.97,7616960.52,7525726.02,8315056.78,8635908.31,8479057.54,8137318.57,7645482.42,7076817.33
2020-04-22,6632575.63,6348212.31,6166829.0,6065356.45,6115893.71,6155752.57,6273262.92,6777807.62,7141044.59,7400766.57,7660893.86,7977057.4,8068672.85,8118738.81,8034769.68,7881215.69,7731254.71,7636188.58,8413381.58,8714116.28,8512830.12,8193384.72,7673308.49,7107357.34
2020-04-23,6702612.62,6416616.44,6232671.73,6151500.44,6165439.62,6215228.23,6247638.77,6708223.86,7128111.46,7369558.06,7603543.12,7923200.12,8073204.02,8081446.09,8006296.5,7904837.29,7677825.2,7602395.89,8449750.74,8772244.92,8603488.56,8233374.77,7723647.5,7159776.36
2020-04-24,6752384.56,6453812.93,6254170.69,6169895.04,6196460.11,6207041.64,6291691.82,6791253.41,7187680.4,7480485.61,7759024.16,8035842.68,8141793.81,8118116.9,8008168.45,7909913.34,7762590.69,7645837.87,8427065.57,8781405.4,8633218.86,8285181.59,7789092.2,7248560.38
2020-04-25,6848734.68,6572360.74,6362302.85,6270643.87,6262627.54,6192977.6,6150499.98,6514242.58,6880670.71,7169725.93,7461913.04,7751125.85,7889461.31,7890748.23,7774794.59,7650487.73,7483877.32,7411224.21,8219388.05,8547932.42,8381321.81,8065540.43,7583118.72,7112603.73
2020-04-26,6709589.85,6404432.94,6186422.65,6026504.31,5947278.53,5751040.08,5549047.25,5823833.96,6181826.69,6474391.59,6732320.27,7040646.35,7223700.58,7347801.52,7314298.84,7243957.15,7140464.83,7103880.18,7963654.78,8332224.44,8273690.5,7999682.07,7551878.09,7057399.39
2020-04-27,6715072.04,6433179.49,6237959.34,6145619.55,6172879.43,6203956.76,6376680.79,6918047.88,7368603.39,7662876.27,7910380.38,8217044.59,8348391.89,8357157.09,8270348.32,8183878.43,8017258.75,7851528.7,8640887.27,8979709.82,8812791.99,8452151.84,7935491.19,7366028.75
2020-04-28,6907343.93,6619127.9,6445738.22,6338497.81,6331541.49,6368156.76,6462606.53,6961982.67,7366254.41,7601518.75,7818880.72,8150265.33,8277055.7,8273317.54,8231325.16,8127509.7,7929908.64,7786207.94,8575494.36,8901648.67,8732489.35,8381204.66,7863259.3,7290728.55
2020-04-29,6886800.18,6625512.19,6434046.35,6343715.94,6375882.52,6412130.73,6530525.94,7038409.69,7476654.12,7731231.64,8020196.87,8303129.68,8391931.78,8370527.61,8283680.8,8186707.77,7970629.93,7863499.82,8590059.66,8943971.24,8780995.08,8444820.08,7929705.82,7353777.67
2020-04-30,6886962.38,6637757.7,6460780.39,6353608.4,6374316.55,6429361.85,6580415.32,7125119.78,7544481.58,7800257.38,8062658.66,8355423.29,8467166.73,8479273.36,8383569.99,8292853.32,8058181.02,7870075.03,8616232.93,8867480.61,8689149.15,8313035.1,7810296.62,7255753.19
2020-05-01,6810225.02,6524673.05,6337694.73,6207981.89,6143779.56,6120732.26,5926329.72,6187523.52,6496369.29,6802932.68,7092822.82,7395351.9,7597780.28,7627702.34,7462685.84,7410630.63,7246073.71,7197452.76,8056851.33,8493093.86,8347674.16,8009722.95,7601949.31,7152300.38
2020-05-02,6760130.72,6481921.82,6268405.84,6128718.79,6130028.54,6058908.88,6033519.08,6436194.64,6851327.78,7175862.05,7470956.55,7752598.01,7853235.47,7851084.77,7714877.32,7583012.48,7436223.25,7354818.01,8144229.28,8449438.62,8348449.2,7988355.43,7529331.86,7093794.3
2020-05-03,6716256.73,6412961.8,6210648.72,6048612.46,5973826.3,5811174.32,5610622.61,5860746.2,6152632.49,6393223.79,6662307.43,6955211.36,7217799.67,7295410.88,7223263.19,7098673.26,6975836.9,6934488.08,7876418.33,8224540.51,8121771.99,7859670.06,7457656.73,7003788.79
2020-05-04,6624829.01,6373016.89,6193210.96,6097758.39,6138387.66,6154545.35,6388710.71,7005086.97,7476077.53,7749963.75,7943768.5,8264377.2,8441060.24,8425675.52,8329147.76,8225748.31,8014365.67,7880218.18,8665944.74,8975945.49,8814699.86,8468855.66,7918758.24,7339645.11
2020-05-05,6932723.58,6659804.82,6412746.21,6367124.21,6434305.37,6483456.41,6627960.71,7195033.16,7621688.95,7833182.67,8123591.12,8425282.02,8544867.57,8556582.7,8502298.49,8411836.85,8178770.68,7985347.89,8811628.86,9122969.31,8937008.09,8603706.38,8029184.97,7452727.66
2020-05-06,7039369.27,6762432.38,6597439.74,6509582.9,6554111.4,6583405.86,6723196.78,7263287.19,7660777.26,7870335.78,8154740.63,8446355.73,8607311.25,8606098.64,8541906.32,8431193.06,8215197.16,8100087.35,8895255.95,9163944.89,8974671.07,8640649.05,8085883.49,7501070.48
2020-05-07,7068737.94,6787445.4,6621661.17,6522271.95,6574772.3,6618387.34,6739810.85,7299740.8,7760507.98,7985881.65,8255915.31,8551688.92,8611153.12,8572734.21,8495806.54,8337799.93,8055798.79,7952766.49,8749966.67,9097987.66,8924260.53,8564721.65,8011867.25,7429283.24
2020-05-08,6990375.13,6717259.91,6590109.01,6461067.18,6519492.38,6585792.52,6713662.14,7252599.69,7707933.65,7977922.11,8237847.72,8509081.52,8588783.08,8567955.83,8532157.37,8424629.16,8169410.38,8024196.8,8776754.15,9050278.8,8874210.15,8510031.96,7962936.93,7455116.79
2020-05-09,7067072.37,6778850.31,6566601.09,6451162.01,6478055.32,6441826.11,6440533.35,6836423.6,7265076.57,7576913.95,7848350.46,8125955.46,8230573.73,8180392.29,8059395.16,7944135.86,7779969.81,7714988.22,8463259.28,8791475.3,8612411.06,8262686.65,7792284.71,7319469.09
2020-05-10,6931636.78,6633019.5,6426231.28,6282310.23,6224243.49,6046061.63,5868226.5,6138316.44,6502111.04,6815162.62,7052547.88,7315222.92,7518379.39,7521847.56,7379416.38,7241478.61,7069459.22,7051243.57,7826862.31,8208456.25,8142325.94,7964256.41,7612281.72,7175770.09
2020-05-11,6814588.49,6569967.41,6396945.99,6300082.03,6328440.89,6428259.79,6652576.7,7256646.2,7729462.75,8055955.05,8351309.64,8659455.55,8803821.15,8785834.9,8749703.38,8632352.74,8376353.0,8176257.52,8898981.43,9227937.42,9096287.08,8745864.8,8161127.52,7546236.32
2020-05-12,7104281.65,6840368.93,6668068.86,6547071.67,6584329.82,6571694.6,6768951.77,7366080.74,7818958.24,8060709.02,8373546.03,8689110.46,8765382.64,8684228.5,8619257.41,8475358.62,8240013.95,8080313.18,8808354.28,9060377.87,8923380.87,8549522.67,7973652.28,7378619.51
2020-05-13,6971925.53,6694675.8,6508232.24,6403605.7,6441437.03,6509890.11,6655302.88,7201519.88,7620085.96,7821880.36,8098562.11,8383937.63,8450596.21,8420905.75,8345168.96,8173951.44,7939871.46,7894342.53,8641714.11,9016048.92,8847862.99,8488033.25,7943939.33,7342063.57
2020-05-14,6938341.4,6685171.99,6515088.39,6417219.09,6469103.1,6488774.8,6707316.34,7286383.85,7727705.39,8001735.56,8255061.44,8511808.41,8640455.43,8619484.99,8527171.7,8432403.07,8177817.45,7999567.27,8720845.23,9108019.83,8982015.93,8609559.81,8093743.71,7482955.0
2020-05-15,7004202.05,6763344.73,6562059.84,6470723.56,6528222.12,6533783.76,6708439.1,7278707.42,7725853.6,8045947.71,8373308.91,8659720.1,8683184.19,8634919.03,8615354.29,8548779.76,8285089.86,7959481.24,8643171.94,9029046.92,8876289.53,8525740.95,8043778.18,7537079.23
2020-05-16,7165265.07,6888248.78,6685254.3,6548806.57,6549755.81,6512759.43,6540024.99,6970232.65,7379606.17,7698658.79,7970206.76,8193973.59,8302859.87,8232256.38,8088718.19,7982042.99,7810882.26,7793900.12,8580046.87,8930573.94,8755303.93,8379936.13,7930519.41,7475092.86
2020-05-17,7042123.28,6713840.52,6459488.41,6305726.75,6165363.65,5957139.14,5757447.89,6011884.1,6348091.07,6651784.24,6891508.2,7150974.58,7322335.1,7336650.53,7235690.41,7135612.41,7016056.94,7066055.04,7938488.45,8334690.16,8218703.17,7957145.01,7484559.06,6997420.36
2020-05-18,6677148.9,6430745.66,6276627.18,6206841.89,6296194.8,6364637.36,6600084.28,7228102.37,7748821.02,8072593.78,8343040.22,8615769.44,8682541.24,8759004.21,8685119.32,8609048.98,8342027.97,8097800.16,8749147.04,9078195.55,8884290.66,8476752.78,7897996.72,7334299.67
2020-05-19,6924640.75,6676717.52,6501482.3,6431081.44,6483105.0,6531238.08,6707488.27,7265173.71,7785865.94,8054031.65,8283232.93,8539376.94,8554647.57,8356225.81,8286203.6,8224333.0,8044615.58,7879359.69,8693307.4,9030866.13,8854269.78,8479149.22,7925959.91,7314231.22
2020-05-20,6910991.81,6667680.99,6493506.25,6399699.75,6480884.86,6497777.1,6718158.79,7257436.22,7741883.17,8098677.11,8410071.58,8703267.34,8812060.64,8832275.3,8854176.63,8754321.31,8508280.82,8222716.03,8897120.57,9278291.72,9096041.13,8736126.34,8221283.69,7576472.55
2020-05-21,7168166.36,6899701.36,6683883.03,6616595.63,6663255.37,6692941.84,6878259.06,7496703.95,7982106.71,8312494.25,8586127.59,8948448.12,8989969.35,8978599.88,8973599.68,8847525.23,8564770.32,8300908.29,8983170.46,9293845.29,9111642.9,8789096.82,8252124.05,7654847.88
2020-05-22,7226058.4,6936976.07,6767507.32,6668677.15,6725282.74,6758531.27,6940879.29,7540402.04,8026633.99,8299662.35,8554822.37,8809470.41,8778571.09,8748599.25,8677606.49,8600926.9,8375639.52,8109793.22,8756049.55,9071046.36,8919686.52,8590377.54,8073124.1,7527404.14
2020-05-23,7095572.26,6817456.77,6632713.39,6507395.29,6542326.02,6499424.82,6529728.8,6988906.43,7473565.53,7801128.06,8020403.47,8322971.27,8430686.19,8377526.75,8239410.66,8155535.25,7971264.12,7841105.99,8560320.9,8959429.23,8821313.35,8466416.33,7951441.66,7441583.93
2020-05-24,7011777.49,6691985.05,6503440.68,6345006.86,6288736.84,6098393.67,5865195.87,6111964.44,6463557.3,6758240.4,7066202.75,7339906.25,7519213.79,7578820.8,7493226.13,7360398.27,7216245.5,7198695.92,7974921.36,8367687.93,8289053.57,8072004.73,7662317.83,7218019.83
2020-05-25,6850984.38,6591731.62,6365263.85,6225687.25,6242123.0,6174590.73,6056078.23,6378677.59,6779871.67,7078667.35,7410805.22,7706101.41,7874261.98,7871132.0,7789590.09,7743271.16,7587833.72,7412094.45,8158158.47,8635904.65,8579896.56,8284254.43,7825817.09,7381896.24
2020-05-26,6993886.08,6755159.54,6554692.74,6465517.06,6497444.8,6596677.8,6847599.31,7496582.56,8001342.95,8327059.23,8658561.16,8961509.85,9050139.15,8975712.27,8933495.0,8818338.49,8563058.93,8355149.01,8968923.87,9268757.31,9106364.18,8747046.15,8189797.3,7558120.84
2020-05-27,7143177.0,6830264.69,6650286.02,6527348.7,6565565.13,6659588.83,6746092.13,7282100.38,7780724.72,8060244.4,8335159.16,8580971.61,8646725.25,8597352.11,8575339.85,8516846.26,8247899.9,8014908.68,8702692.83,9003616.36,8863028.02,8499258.08,7908166.11,7323251.88
2020-05-28,6919357.96,6643431.97,6442667.06,6352090.52,6440386.8,6560593.54,6765530.02,7368382.45,7844490.44,8096208.0,8330278.88,8595144.33,8642143.02,8580886.07,8503037.69,8413476.07,8140745.92,8013744.64,8690645.15,9018524.47,8808488.61,8390655.93,7827199.58,7211258.0
2020-05-29,6804561.86,6571013.61,6416735.69,6347655.73,6415795.64,6482832.2,6700542.16,7315663.42,7756241.57,7971760.53,8333239.75,8679371.31,8696153.3,8622499.46,8578879.27,8482937.32,8278153.04,8115867.8,8713055.37,8963816.51,8726456.38,8384589.98,7882809.09,7283130.71
2020-05-30,6868741.44,6555718.23,6367536.21,6292832.51,6273502.0,6294337.18,6301070.33,6713715.58,7136616.51,7401001.59,7644793.39,7849938.29,7901426.71,7787184.16,7621019.91,7517122.11,7433544.42,7451602.78,8159109.65,8391167.21,8176611.86,7790140.35,7222722.25,6716477.69
2020-05-31,6314999.95,6050609.27,5865004.11,5738832.77,5700930.13,5546737.82,5355410.6,5642500.74,6007105.39,6282441.88,6556396.57,6785866.78,6941272.15,6972191.17,6858873.84,6783249.79,6696047.53,6718213.42,7512872.22,7950344.8,7843812.78,7559259.76,7119927.55,6639570.42
2020-06-01,6321946.37,6092531.9,5959767.82,5878501.1,5963699.7,6102125.48,6330283.76,6944997.23,7459096.42,7814360.32,8175219.15,8490252.1,8569827.0,8587594.28,8549950.25,8460249.84,8257071.69,8027937.26,8673181.27,9028940.71,8849439.07,8426077.8,7834293.61,7167378.83
2020-06-02,6750984.19,6521112.96,6347171.3,6264555.19,6359279.74,6431098.99,6660250.86,7317954.58,7779287.47,8089667.51,8384796.34,8661867.48,8724663.26,8689335.01,8633642.82,8578033.32,8360653.07,8143552.37,8784102.37,9108526.53,8937297.18,8564245.57,7970914.86,7256949.02
2020-06-03,6836776.62,6605952.58,6463743.07,6378537.8,6471885.18,6574616.44,6795572.32,7348337.05,7831076.01,8137670.44,8377598.11,8624835.7,8654153.81,8673770.86,8657978.89,8589113.44,8395842.45,8195850.25,8750491.02,9118401.9,8981662.84,8589587.78,7982320.51,7345402.44
2020-06-04,6941053.94,6688714.4,6525884.6,6449773.28,6544560.66,6611155.08,6847265.32,7476865.6,7964434.26,8265361.38,8573677.9,8871420.55,8905886.72,8851109.39,8858836.15,8831945.79,8564756.22,8287648.16,8911845.43,9321861.84,9153669.44,8815679.96,8235324.64,7611041.0
2020-06-05,7176805.12,6895420.82,6738401.89,6649746.84,6682431.17,6716227.46,6948849.09,7553495.0,8075403.59,8393428.47,8709169.2,8995941.42,9057100.14,8951191.99,8898398.78,8861202.51,8611350.69,8321700.83,8932770.95,9313850.48,9183024.23,8825374.69,8309704.14,7689090.01
2020-06-06,7269217.99,6933542.73,6725844.63,6607018.52,6632571.33,6609505.84,6614410.98,7040792.65,7453735.19,7834458.21,8066453.95,8294333.29,8289046.24,8114040.76,7921397.33,7805349.88,7661431.09,7583354.36,8268384.89,8647692.67,8425305.32,8060078.35,7579572.53,7119326.97
2020-06-07,6709026.01,6459563.65,6276378.95,6138088.67,6089553.56,5884952.82,5725303.73,5996782.95,6382568.6,6716909.99,7014227.19,7294293.39,7496085.36,7543004.73,7397710.84,7243391.2,7119398.1,7088289.6,7817224.63,8311317.17,8261270.59,8001130.54,7519308.11,7069369.34
2020-06-08,6758206.23,6529524.43,6365090.1,6281506.1,6335428.83,6444563.77,6714394.11,7388856.28,7944743.13,8304300.84,8587628.35,8879772.3,8973700.4,8990045.49,9002085.72,8937774.36,8657135.52,8348483.67,8880804.93,9361606.33,9213518.26,8824359.44,8234731.77,7620806.1
2020-06-09,7176457.82,6876866.28,6661151.2,6596875.73,6679151.01,6711433.52,6914440.72,7517052.68,8014994.97,8326659.33,8649053.7,8955518.96,8995335.14,8994226.15,8987741.25,8859335.93,8611853.12,8361111.22,8830222.15,9097220.88,8925926.49,8499301.92,7920387.43,7283017.83
2020-06-10,6852638.25,6578310.84,6422398.23,6226690.85,6282919.07,6410561.4,6672641.24,7257206.67,7702374.04,7958389.53,8235178.41,8481652.52,8522307.97,8430114.68,8427381.45,8379585.09,8169329.16,7977068.76,8588448.27,8932035.14,8673276.06,8285282.1,7716858.83,7143497.71
2020-06-11,6745711.74,6481484.77,6289320.23,6258949.07,6333614.86,6406840.16,6671319.63,7270124.67,7765542.14,8077132.66,8390860.06,8660471.96,8722649.53,8714601.66,8703396.36,8600764.97,8410614.46,8184094.19,8735618.02,9097087.23,8933522.36,8537514.62,7957039.2,7361237.66
2020-06-12,6920273.82,6643332.13,6479844.08,6402981.62,6406807.28,6505726.27,6715690.63,7334715.57,7825669.44,8113901.23,8362070.93,8648296.42,8759155.42,8697996.72,8649251.23,8594861.05,8367795.45,8155619.85,8715543.96,9063012.23,8953133.43,8575373.9,8006643.61,7410442.32
2020-06-13,6979848.24,6708657.23,6502184.89,6406481.95,6409795.24,6412287.78,6502464.67,7013674.24,7518582.83,7877264.4,8181912.66,8416200.96,8490714.93,8383189.88,8239855.23,8109862.33,7922852.08,7784473.2,8413799.19,8815379.35,8658240.58,8300644.54,7783191.08,7309375.47
2020-06-14,6913796.7,6634366.14,6408396.7,6255196.71,6157625.21,6006664.2,5842695.57,6128332.31,6493091.34,6816404.15,7069285.05,7352105.58,7515195.08,7514534.9,7407783.22,7281875.56,7144304.14,7088917.25,7787229.45,8277715.93,8213215.34,7946736.03,7532646.93,7102869.35
2020-06-15,6747346.54,6458105.37,6245288.14,6125257.17,6069103.73,6006671.88,5850381.82,6171306.65,6522096.35,6867333.92,7215913.28,7491173.71,7659772.65,7651853.62,7546688.04,7434769.26,7274356.52,7274177.46,8068362.94,8595537.19,8450124.92,8105869.64,7599732.79,7110754.96
2020-06-16,6751169.91,6544156.76,6376859.25,6301082.73,6402821.14,6494910.06,6752772.82,7453181.97,8006981.9,8343707.96,8658346.96,8951384.57,8994422.13,9015494.97,9017405.7,8934922.25,8702207.9,8421674.48,8973503.96,9378717.19,9240572.25,8802528.81,8211325.94,7595413.46
2020-06-17,7164804.37,6942125.81,6763479.37,6660714.21,6694345.53,6757070.88,6970312.77,7569020.68,8014031.2,8258102.53,8570040.38,8833266.99,8863334.12,8833769.16,8865892.4,8812820.29,8620418.36,8354179.94,8856546.5,9260481.25,9109129.0,8663990.07,8080845.58,7439611.36
2020-06-18,7038874.19,6796467.05,6648804.37,6548654.39,6612002.23,6707041.56,6930890.16,7557639.77,8063784.41,8300165.79,8711773.05,8969820.53,8989023.07,8984024.18,9051891.1,8979732.0,8816395.29,8548163.98,9007167.15,9303525.87,9134393.09,8705954.51,8116086.85,7518243.2
2020-06-19,7116121.89,6879749.71,6666139.9,6566286.53,6659075.66,6745739.31,6970369.58,7592642.22,8096776.87,8376314.99,8689345.54,8975632.13,9019252.01,9015859.06,9040718.57,8967734.47,8753607.79,8496388.23,9051466.75,9457936.96,9311864.55,8889893.37,8327843.49,7731580.58
2020-06-20,7270258.72,7002613.44,6789137.89,6659034.66,6697705.68,6676866.34,6757575.66,7254109.52,7695296.81,8010071.49,8312256.65,8534738.66,8555994.79,8377725.61,8233477.98,8079022.07,7948656.17,7883578.75,8488686.94,8832495.24,8620587.38,8247819.77,7760663.34,7286910.34
2020-06-21,6900738.29,6623515.76,6419111.92,6281331.65,6186258.64,6000614.91,5831305.95,6132250.13,6505227.7,6837002.97,7102238.92,7368631.08,7517908.84,7441710.44,7255339.7,7097821.76,6975715.15,6937623.99,7621991.32,8110754.36,8046371.69,7848138.37,7481569.68,7045461.88
2020-06-22,6678338.07,6435930.99,6200557.93,6048703.61,6060142.66,6020594.0,5900782.4,6181471.6,6603773.81,6954562.11,7272043.09,7561600.88,7730619.41,7713139.37,7643950.42,7517409.03,7460132.82,7442369.19,8203956.82,8698956.18,8592675.92,8262922.09,7800090.5,7288829.98
2020-06-23,6971145.06,6710082.71,6550739.88,6463751.71,6560424.45,6654023.22,6868218.89,7537799.95,8088771.77,8400664.41,8716910.49,9005379.39,9041069.77,9020782.35,9049342.12,9026566.74,8797663.32,8496979.34,8991780.94,9395956.48,9204438.47,8843818.46,8317180.98,7660823.2
2020-06-24,7177697.38,6875623.36,6698479.6,6607480.29,6678806.56,6741471.16,6937518.72,7558395.78,8027496.45,8363201.49,8738185.47,9060635.41,9109775.77,9041426.93,8016366.67,7037279.1,7013074.02,7211025.97,8150704.44,8797145.24,9017659.77,8754185.52,8191997.14,7603645.42
2020-06-25,7210865.23,6947950.58,6745408.12,6655184.23,6708313.43,6780292.49,6973436.46,7593830.82,8109712.32,8394832.81,8706549.51,9003638.89,9072296.19,9068895.53,9110941.61,9047395.07,8802386.87,8547701.6,9027412.89,9489457.09,9361468.92,8963669.84,8351425.78,7733937.47
2020-06-26,7255610.57,6986608.63,6793182.84,6670154.11,6734341.43,6843939.64,7060350.55,7659384.51,8090295.05,8341177.36,8648320.47,8924513.54,8989247.21,8976597.37,9023128.42,8955424.02,8687929.18,8377067.26,8892102.09,9330143.92,9147329.78,8797695.96,8217225.26,7633033.44
2020-06-27,7234997.73,6952604.06,6739075.28,6641629.4,6658448.71,6696592.43,6751278.68,7159643.38,7636352.07,7950052.43,8230307.56,8507027.56,8548422.55,8450475.73,8343499.68,8234247.53,8051538.13,7905541.83,8511639.63,8919723.39,8764280.24,8412941.75,7933281.73,7411594.6
2020-06-28,6975175.66,6687155.74,6503857.27,6377783.41,6288656.31,6124937.71,5927087.38,6168921.11,6494085.85,6805023.62,7025230.7,7306535.34,7456685.89,7448566.35,7318241.58,7203202.43,7080100.91,7080495.65,7784376.79,8197822.69,8059682.82,7763391.05,7354578.82,6920138.17
2020-06-29,6533268.68,6294143.33,6143826.56,6069127.04,6066150.81,6047054.56,5934715.01,6320275.11,6761958.59,7085464.31,7446569.9,7767127.31,7935053.68,7913926.37,7864344.61,7766344.03,7622557.86,7575717.23,8214859.27,8797714.62,8668484.9,8339075.78,7870378.56,7083805.06
2020-06-30,6926509.04,6684818.75,6537927.28,6434426.26,6534197.24,6650874.06,6886570.56,7509073.75,8059079.22,8396114.45,8741500.29,9050049.84,9131024.14,9152691.35,9166052.57,9143931.78,8876309.48,8572729.87,9067210.19,9512540.86,9358589.23,8984259.76,8431517.66,7757651.48
2020-07-01,7271240.09,7012088.12,6854451.88,6770746.17,6821253.62,6917040.67,7096106.79,7706229.64,8185624.44,8490581.07,8794759.94,9072171.04,9128566.4,9136496.64,9151632.67,9068242.06,8774904.39,8594128.09,9053158.78,9429022.07,9300918.28,8889390.9,8320782.37,7666990.11
2020-07-02,7243241.57,6983408.28,6804302.44,6721936.66,6754801.13,6870564.66,7089476.27,7671209.79,8172928.0,8437321.97,8751502.69,9020682.93,8965211.98,8853913.12,8856727.7,8883183.84,8636308.91,8377245.9,8853083.5,9217073.3,8997314.22,8606494.03,8075771.07,7451103.97
2020-07-03,6995718.9,6806232.0,6595864.79,6522269.79,6600591.12,6731850.26,6957487.77,7624957.79,8119420.91,8383609.25,8607855.84,8870903.34,8985199.65,8983858.49,9021991.24,8993758.59,8787142.37,8556618.01,9025375.06,9469695.88,9335223.52,8914303.99,8429016.67,7810518.65
2020-07-04,7370427.26,7082217.06,6887387.5,6786975.62,6780402.19,6814687.51,6823166.16,7307834.02,7773293.66,7985550.92,8285532.78,8537243.25,8571648.47,8468567.93,8318299.94,8183539.17,8038270.83,7897857.32,8522718.73,8857524.22,8663645.59,8241706.44,7755461.28,7238419.93
2020-07-05,6828094.78,6534715.56,6319247.15,6192784.7,6149026.46,6018457.28,5820710.89,6080204.62,6416607.14,6704740.86,7005877.75,7267845.15,7433842.48,7446312.23,7332061.81,7234788.74,7119584.2,7088726.68,7773548.19,8344599.22,8308608.67,8058749.12,7599728.05,7132400.03
2020-07-06,6824945.68,6527149.27,6421325.13,6363405.87,6457119.47,6551528.48,6826799.25,7487054.59,8008505.06,8396458.29,8692626.46,8973141.08,9049644.53,9047290.86,9084689.0,9002530.95,8795917.56,8543377.46,8955141.93,9396700.18,9192385.19,8813592.94,8231354.24,7609024.33
2020-07-07,7201149.72,6949654.76,6787299.64,6700835.88,6771321.86,6911906.2,7110672.27,7675093.4,8198561.33,8475918.31,8771057.21,9043329.68,9082675.41,8783408.46,8841903.43,8792654.12,8556481.06,8334862.68,8808698.87,9173281.9,8988699.64,8562212.72,7928081.07,7300946.73
2020-07-08,6935928.48,6714935.23,6539042.6,6483190.3,6564960.56,6721532.71,6978491.65,7537258.14,8030073.03,8302806.17,8491478.0,8840684.23,8898191.33,8851645.58,8886784.83,8817372.55,8583941.14,8362156.16,8871820.62,9282136.15,9024888.33,8511207.04,8005532.49,7420401.62
2020-07-09,7007882.08,6765231.27,6584951.27,6500103.1,6589664.94,6697960.3,6979803.88,7582381.57,8057518.8,8354396.29,8662656.59,8997340.2,9028894.99,8985243.88,9018922.31,8972811.29,8716416.34,8475639.17,8896938.99,9439178.14,9301653.74,8896222.14,8338909.01,7687167.37
2020-07-10,7269533.59,7013859.99,6811778.5,6735258.51,6812828.49,6915603.62,7086956.46,7756371.08,8242792.18,8487551.44,8847056.21,9159175.34,9211025.3,9149950.04,9142215.78,9069993.55,8807855.11,8527541.6,9022820.68,9473236.48,9322869.77,8928327.48,8360175.63,7739669.77
2020-07-11,7290052.66,7000553.56,6754736.28,6605205.16,6656644.76,6726574.69,6768147.68,7215644.59,7671123.27,7944340.0,8175008.85,8374631.75,8346922.02,8180201.34,8046478.11,7955660.54,7842431.13,7784222.06,8422151.22,8754130.93,8508229.66,8086552.9,7523644.5,7021288.17
2020-07-12,6675190.37,6389427.57,6208875.51,6105626.04,6043876.14,5940689.92,5747360.56,6032436.89,6424396.17,6728024.15,6991810.4,7284128.4,7443438.44,7435307.82,7314597.67,7162778.23,7086253.48,7088887.21,7829356.86,8334155.41,8246241.69,7930057.9,7481200.6,7072142.01
2020-07-13,6740387.42,6489924.11,6332944.6,6283948.68,6391597.22,6529808.19,6791711.28,7456911.5,7991006.33,8325983.47,8666959.35,8986965.69,9054713.66,9059946.62,9084690.65,9053199.14,8835193.25,8623571.49,9085788.2,9529614.66,9367543.1,8946654.89,8314711.66,7671095.32
2020-07-14,7168644.92,6947552.98,6711220.57,6533158.63,6608074.26,6713879.17,6940874.22,7544357.86,8072856.67,8384432.63,8648520.48,8865536.12,8893773.04,8955808.09,9032006.83,9010715.24,8805808.79,8492373.75,8902208.62,9474738.64,9357523.81,8982850.65,8330738.98,7694590.29
2020-07-15,7269464.72,7004177.93,6827313.73,6742435.46,6830343.38,6941478.41,7172252.95,7790078.2,8285931.76,8602405.27,8897028.51,9232085.22,9207869.62,9261308.46,9303168.41,9213009.57,8955635.08,8696875.08,9129306.0,9606288.87,9419745.95,9001754.41,8416244.22,7771919.1
2020-07-16,7362243.85,7095114.69,6857535.67,6773493.17,6815298.99,6907389.93,7130830.15,7743432.89,8223484.52,8537479.93,8851233.03,9122589.68,9146225.66,9162782.39,9229285.13,9103334.5,8817155.49,8527794.51,8953118.37,9466020.49,9302692.16,8948426.98,8350280.83,7759697.54
2020-07-17,7342637.73,7103098.45,6912620.1,6816318.9,6853511.16,6939941.37,7061485.62,7631227.85,8140163.27,8471272.8,8814634.53,9144319.55,9190016.8,9175499.45,9235669.71,9145581.27,8886346.64,8618937.39,8982353.12,9588109.57,9441499.63,9084972.03,8533971.21,7910338.76
2020-07-18,7479469.36,7152972.64,6896832.85,6764211.35,6802268.17,6787611.64,6804720.11,7281567.31,7787652.32,8129376.04,8491970.71,8771325.54,8828578.96,8729128.53,8597961.24,8423053.56,8197258.15,8076313.64,8659305.98,9095884.75,8903407.81,8548432.81,8004207.09,7532136.31
2020-07-19,7156251.46,6889333.58,6671307.35,6523198.47,6448504.31,6299362.5,6065374.69,6338455.67,6692576.96,7027490.38,7274297.5,7579313.5,7825662.3,7829875.31,7725616.68,7623660.42,7484043.27,7375515.51,8018891.85,8637860.9,8566424.77,8272205.75,7834835.83,7359997.92
2020-07-20,6971832.4,6689553.17,6509913.29,6357806.97,6316081.37,6270927.3,6113456.64,6383132.37,6785656.74,7183896.78,7486696.67,7772420.66,7932954.5,7959008.26,7848965.08,7764353.34,7581434.93,7494513.0,8242204.38,8808124.22,8665131.43,8304661.18,7829711.29,7299154.18
2020-07-21,6932857.19,6758404.47,6606845.98,6548192.16,6606562.66,6767211.75,7029399.34,7684106.42,8215452.37,8546229.51,8910498.12,9200628.32,9248006.78,9163048.62,9063823.3,8921939.21,8700538.72,8486040.26,8970262.33,9368630.85,9133733.42,8738547.24,8155324.6,7501710.13
2020-07-22,7096714.12,6864233.16,6730369.55,6642082.26,6729475.88,6835182.2,7059419.25,7659114.94,8105443.09,8399296.1,8663096.28,8956367.97,8945782.33,8980021.8,9012314.12,8944903.38,8762057.36,8511286.42,9040051.09,9474405.19,9320743.1,8920822.38,8301469.0,7621330.06
2020-07-23,7233326.8,7013178.89,6846053.11,6742213.79,6821840.47,6973913.86,7166078.66,7774185.48,8244507.21,8503596.86,8750375.15,9037379.93,9003232.86,8995539.14,9005852.25,8954547.61,8788762.73,8538043.64,8969061.04,9446409.54,9273507.78,8871507.29,8286278.03,7677807.41
2020-07-24,7272896.23,7011498.96,6822017.15,6718720.86,6778055.49,6905385.35,7082371.71,7618318.14,8022870.46,8259000.13,8528546.23,8826754.35,8838824.1,8793948.5,8804744.13,8780484.61,8567071.48,8428673.58,8945544.99,9320050.66,9071897.13,8720168.45,8196833.62,7577243.39
2020-07-25,7143411.86,6863776.9,6672166.56,6551748.11,6552065.76,6624603.04,6619148.71,7060808.98,7481531.61,7723157.88,8009824.69,8294829.8,8358909.27,8261784.39,8116453.94,7967684.41,7784023.72,7706490.03,8288151.71,8703128.08,8491850.62,8115582.44,7604660.56,7115753.87
2020-07-26,6709021.13,6431244.97,6252232.04,6158396.33,6139612.44,6072892.57,5873788.19,6141449.64,6548268.93,6904355.89,7186376.27,7449990.24,7662201.61,7735013.74,7652480.64,7506151.09,7333189.04,7274422.07,7988098.44,8534485.45,8418924.73,8131957.09,7621638.83,7107114.82
2020-07-27,6769859.16,6535089.6,6368770.58,6348432.75,6442099.59,6607265.93,6868463.04,7533554.39,8069054.15,8354993.06,8671505.26,8962010.77,9044192.13,9046152.07,9106038.92,9017089.65,8785018.22,8552417.73,9047372.8,9468990.03,9291556.42,8897932.64,8323581.7,7630624.31
2020-07-28,7199109.77,6948839.71,6756054.51,6690781.49,6769002.32,6907851.54,7150300.38,7792813.86,8291751.67,8581771.45,8928083.05,9234280.09,9242749.23,9224806.04,9244168.49,9232429.14,9008796.95,8685081.71,9106677.52,9669495.91,9504242.99,9144489.33,8537207.47,7785991.43
2020-07-29,7361059.84,7119197.24,6964202.44,6886701.97,6965363.59,7071031.87,7276675.5,7862065.82,8379955.77,8688388.01,8960327.37,9297437.56,9294034.7,9296120.5,9328100.81,9246292.05,8975507.45,8695495.28,9137768.98,9588713.23,9465713.35,9105177.29,8529607.42,7860957.98
2020-07-30,7361926.85,7087819.09,6915174.5,6808529.04,6885362.62,7000144.71,7191250.81,7850891.39,8374716.07,8694334.12,8882784.67,9175078.86,9230310.55,9252446.87,9341489.48,9233327.0,8957225.67,8633165.58,9100350.39,9584083.29,9458455.0,9082919.36,8469255.9,7820915.44
2020-07-31,7385847.54,7130257.8,6966982.86,6848607.69,6887423.79,6968297.22,7155943.35,7766447.94,8280611.4,8643644.51,8950411.68,9234426.78,9270689.19,9226593.71,9269891.26,9132249.33,8899463.61,8627928.3,9074224.38,9529152.73,9364386.51,9033776.59,8515671.22,7884486.14
2020-08-01,7424967.53,7112584.13,6889940.42,6777156.26,6772584.03,6809895.4,6822230.53,7290953.05,7787412.2,8177600.06,8488481.56,8676180.99,8798809.9,8728893.1,8625000.62,8462067.35,8293606.36,8153534.34,8709948.6,9186784.63,9021528.62,8671348.79,8143352.72,7645105.97
2020-08-02,7235243.52,6958547.68,6762385.72,6612432.69,6519199.09,6350938.0,6099267.06,6374831.32,6757068.69,7107428.52,7398944.84,7711416.46,7892044.78,7914488.41,7805389.66,7719488.68,7587021.7,7461607.23,8147143.15,8701401.72,8706011.12,8424273.16,7986088.59,7519295.6
2020-08-03,7169027.78,6893372.73,6704767.21,6634048.43,6695524.46,6815021.16,7090906.09,7716807.16,8229938.71,8598231.44,8936910.43,9229298.02,9302977.04,9304627.11,9311552.04,9207224.0,8931587.59,8618167.16,9081266.78,9538819.82,9394770.03,8994867.77,8417245.01,7757467.85
2020-08-04,7299477.94,7039874.78,6879357.05,6793786.44,6859362.1,6965811.3,7184779.32,7813378.38,8206835.54,8566855.46,8929609.81,9186624.7,9208794.16,9157773.74,9132409.24,9057613.18,8797400.42,8526830.71,9150987.19,9603939.64,9436514.73,9065851.5,8448100.73,7792484.15
2020-08-05,7329891.89,7084140.96,6927979.95,6853169.34,6925357.03,7048662.62,7269780.93,7831715.98,8268969.5,8600634.55,8928269.37,9238684.68,9297065.13,9288274.3,9338783.43,9259053.61,9008980.21,8724986.09,9214116.83,9661022.46,9483830.06,9107236.54,8568971.54,7896740.92
2020-08-06,7428827.96,7168356.03,7026079.4,6909752.55,6999566.2,7138052.45,7353887.42,7930328.25,8373616.61,8661445.25,8938849.32,9219300.55,9236928.48,9217148.77,9196437.35,9129097.69,8906071.48,8626686.8,9095484.01,9495771.17,9338161.53,8999883.25,8463253.58,7845650.06
2020-08-07,7371357.6,7123547.27,6937546.0,6805853.27,6795068.54,6744525.06,6637001.29,6960430.62,7332925.8,7685379.5,7989760.3,8321245.35,8483822.88,8496278.62,8375155.69,8227283.44,8059289.44,7952869.8,8656320.33,9173635.17,9039543.5,8691621.63,8296261.5,7758221.2
2020-08-08,7318283.81,6998667.02,6809047.12,6688691.91,6658162.96,6721705.7,6681409.11,7104040.88,7637540.41,7990515.22,8317791.08,8550272.6,8656772.71,8630424.51,8561417.32,8440964.82,8190093.9,8028207.33,8639351.7,9131943.76,8988869.3,8636896.44,8157606.93,7649910.47
2020-08-09,7263798.54,6944670.33,6703757.05,6582010.86,6516585.8,6379244.02,6151605.64,6379244.7,6741405.04,7049448.92,7297437.98,7599351.7,7807743.97,7840486.13,7738718.2,7638559.83,7507231.13,7472460.15,8234947.09,8773522.21,8708003.88,8413579.87,8016879.49,7547913.23
2020-08-10,7176376.0,6946776.88,6763859.5,6654547.37,6729069.78,6886988.71,7146820.96,7858490.19,8360950.9,8666376.93,9050651.5,9349294.83,9464886.17,9445802.38,9376956.49,9306251.88,9060936.9,8765849.31,9246291.03,9662058.33,9518127.23,9147037.91,8580003.22,7919253.05
2020-08-11,7466084.89,7202891.09,7046437.93,6952404.85,7022463.98,7147093.51,7394883.22,8038937.55,8436621.42,8746281.31,9127792.3,9414994.91,9481391.17,9465381.06,9537796.37,9463138.53,9188161.77,8841341.66,9396080.0,9765624.85,9629885.48,9239198.24,8651334.3,8022398.64
2020-08-12,7545598.83,7254885.81,7071224.16,6924706.89,6996081.29,7156698.89,7393424.64,8037390.67,8558697.33,8846971.59,9161860.66,9473475.07,9472717.49,9434075.18,9479893.28,9485339.1,9214467.76,8887492.05,9382008.22,9807550.98,9623067.2,9254677.6,8745861.47,8103010.97
2020-08-13,7622549.11,7335713.68,7155927.31,7103764.43,7118938.51,7219069.35,7406220.17,8085722.95,8587910.5,8928940.47,9259387.18,9536290.71,9488839.8,9511750.97,9506821.65,9422487.07,9198986.67,8779528.01,9313010.0,9589404.86,9443368.38,9110118.7,8554547.37,7932739.45
2020-08-14,7473610.29,7195712.4,7025158.11,6905014.11,6967012.97,7091363.01,7344326.7,7984795.01,8451930.29,8913962.54,9241076.76,9450620.73,9463738.28,9343909.64,9399909.17,9345802.31,9057956.13,8739888.73,9208222.73,9571927.8,9408591.1,9063232.6,8535908.16,7928765.93
2020-08-15,7429256.87,7141315.66,6984550.64,6901432.2,6893871.39,6895727.25,6941616.43,7418716.56,7909629.8,8221899.44,8495373.82,8719956.11,8766586.58,8689245.7,8583634.17,8512038.43,8305026.53,8156848.77,8822482.39,9203540.24,9013210.72,8617346.6,8107279.32,7600410.12
2020-08-16,7115611.72,6838615.05,6611097.92,6460869.13,6319141.85,6200462.34,6006742.24,6296258.74,6623849.0,6962759.26,7203799.3,7458097.21,7651284.05,7685736.5,7595606.51,7478964.89,7300431.12,7276456.37,8069044.31,8486848.51,8355266.7,8097331.7,7678322.7,7238471.71
2020-08-17,6893683.24,6561187.68,6398632.55,6272324.38,6259846.09,6199698.31,6072683.97,6421244.81,6802593.45,7162288.69,7494949.09,7794031.65,8007083.5,7976218.24,7820655.95,7676976.67,7557960.84,7524476.93,8366206.02,8822493.12,8702113.35,8341079.06,7880307.11,7337994.77
2020-08-18,6941282.57,6719487.23,6568338.68,6527138.96,6602710.88,6780562.64,7045759.72,7703521.35,8247228.89,8591721.51,8938029.24,9246519.59,9234884.92,9201930.75,9281994.97,9249432.03,8998136.53,8785155.48,9291730.17,9639317.95,9473065.71,9080192.08,8483009.75,7793625.02
2020-08-19,7345693.7,7078651.8,6926368.09,6810220.62,6893841.19,7035724.86,7251047.25,7839987.21,8301527.48,8557616.55,8839443.73,9132474.39,9180279.18,9139931.56,9036022.44,8962214.75,8746079.61,8614315.21,9211846.93,9424482.56,9247836.4,8868754.98,8220979.52,7604231.2
2020-08-20,7199046.82,6944349.35,6772355.29,6708490.15,6789267.43,6963971.31,7209646.07,7823155.16,8278745.69,8579541.5,8844361.61,9161324.62,9167956.53,9125398.59,9179182.34,9136785.95,8877757.76,8640639.85,9225473.36,9726994.7,9547154.46,9167044.1,8613945.88,7857113.42
2020-08-21,7265895.3,6995933.83,6819584.68,6705924.75,6753508.1,6943604.89,7171931.8,7806359.62,8313856.2,8625827.42,8908281.99,9223297.54,9242563.22,9197249.45,9250323.03,9215953.34,8949318.97,8664751.68,9115739.17,9496858.89,9336140.68,8909995.05,8306029.38,7669717.49
2020-08-22,7267136.01,7000977.64,6806411.87,6707800.58,6759176.48,6816332.18,6827389.31,7297062.08,7781311.67,8138203.32,8473603.82,8707994.5,8731170.84,8593792.83,8438795.82,8250601.11,8056065.81,7989074.66,8720693.63,9040584.57,8758747.92,8314955.83,7783469.45,7235411.34
2020-08-23,6849301.0,6580583.42,6367586.3,6231029.76,6199419.9,6116157.89,5900982.69,6190820.76,6592172.91,6937178.71,7256668.47,7528273.67,7669810.87,7635668.2,7472006.13,7314468.22,7207169.92,7200324.23,7992127.27,8370418.0,8278230.17,7954139.01,7508357.47,7034582.53
2020-08-24,6708472.87,6434933.84,6338328.9,6287847.59,6406740.58,6566439.26,6874036.05,7539673.99,8101117.86,8449600.33,8745118.0,9111215.1,9118129.95,9064475.21,9101413.49,9033455.32,8856023.85,8663669.04,9240823.61,9488284.24,9286883.1,8823254.75,8188451.08,7499873.75
2020-08-25,7080023.2,6839853.15,6685165.33,6587904.52,6647340.63,6838964.18,7110527.15,7714869.48,8148482.18,8413023.62,8724769.06,9013515.33,9034962.38,9016633.69,9080955.69,8993151.86,8812023.88,8568415.92,9178512.93,9453618.87,9219083.86,8793215.49,8221893.62,7571398.22
2020-08-26,7131722.08,6888050.14,6732703.35,6662836.25,6746840.21,6930715.31,7191629.56,7783432.5,8234083.03,8511264.75,8801143.54,9055867.91,9078867.41,9020106.77,9060088.83,8974423.52,8794213.34,8548957.36,9162615.11,9454347.44,9297928.21,8944862.24,8329037.95,7697724.91
2020-08-27,7228861.67,6969990.31,6833177.94,6750535.4,6844890.45,6987851.28,7244466.78,7851925.61,8304628.55,8624747.38,8929017.19,9225161.3,9229098.17,9173222.62,9153185.07,9163480.17,8929781.69,8598671.47,9306237.29,9659805.37,9448329.9,9083940.52,8429112.21,7729972.84
2020-08-28,7337916.58,7074636.05,6839710.58,6804838.73,6889842.4,6998948.29,7261751.81,7899999.93,8414336.86,8750097.44,9056896.47,9339217.95,9335548.67,9322319.05,9392378.56,9353562.1,9107827.0,8727330.45,9345117.38,9675901.96,9519862.1,9134159.13,8610824.14,7983978.1
2020-08-29,7550896.24,7245916.26,7051445.85,6935464.72,6958860.29,7036639.25,7084040.93,7525540.46,8055341.25,8415645.44,8753569.16,8980133.25,8986119.79,8849811.09,8627549.23,8452089.39,8304049.95,8161008.41,8852973.34,9017020.37,8787580.79,8405389.8,7882379.47,7402897.59
2020-08-30,6984819.34,6683686.12,6470726.17,6350812.43,6277138.03,6201555.34,5959181.6,6178355.77,6530905.64,6856877.64,7147721.34,7391059.29,7514360.49,7492742.05,7384235.32,7291526.55,7192606.79,7145596.07,8065409.78,8458699.3,8373550.65,8053448.41,7654005.75,7180168.22
2020-08-31,6811750.1,6562696.85,6473520.65,6389953.47,6476936.47,6660984.35,6978484.78,7615521.26,8179124.25,8575866.64,8919051.46,9182959.46,9216686.03,9165562.99,9164336.29,9129045.69,8952305.81,8704128.05,9309499.74,9484323.67,9325291.51,8944513.93,8324237.97,7668310.52
2020-09-01,7207512.55,6980837.93,6819669.98,6738971.72,6813838.31,6967681.35,7182939.97,7826860.7,8337989.88,8689312.72,8998681.44,9256411.85,9268987.11,9245892.04,9287638.49,9168560.83,8917063.18,8647217.77,9345289.06,9554756.56,9383369.25,8957887.49,8323629.87,7634320.16
2020-09-02,7213682.41,6945099.62,6784896.66,6687616.04,6772115.27,6945236.61,7183119.47,7765326.46,8220352.13,8447392.5,8724729.25,8997149.98,9010644.27,8986822.07,9003086.13,8940628.81,8752325.98,8483219.55,9222553.69,9454238.13,9199772.9,8770767.98,8183203.42,7516385.47
2020-09-03,7110327.35,6885377.78,6735889.1,6662632.97,6766613.77,6911359.28,7192422.51,7843591.75,8382108.03,8745051.28,9009143.43,9331688.42,9314437.46,9250268.24,9216254.46,9152255.09,8972584.48,8703461.59,9379259.63,9637136.44,9446245.76,9032628.22,8436715.93,7757857.76
2020-09-04,7299406.59,7032366.95,6883395.63,6808987.22,6877595.46,7021240.57,7255036.06,7807898.88,8339642.77,8679833.02,9027614.57,9293265.3,9297809.78,9283334.32,9250706.46,9090189.78,8965715.06,8790659.9,9467825.56,9660256.73,9455330.5,9044856.54,8446832.01,7813863.62
2020-09-05,7374091.9,7092354.93,6892257.88,6783460.38,6825960.38,6871941.36,6961237.76,7506011.8,8047347.19,8492617.86,8832874.06,9065227.96,9057471.67,8934217.52,8822369.56,8659687.25,8499139.21,8422483.85,9176608.55,9412404.18,9153234.67,8753648.15,8173026.81,7641605.45
2020-09-06,7236538.9,6918077.13,6657036.05,6484785.68,6392670.56,6239791.11,6023855.68,6331029.56,6730987.2,7057886.18,7310104.95,7526888.96,7706496.0,7728477.31,7596757.89,7424031.14,7242985.41,7322587.26,8184647.36,8536254.87,8438964.9,8160539.59,7722122.95,7248674.44
2020-09-07,6923257.57,6695243.9,6550736.08,6502752.69,6574732.14,6764889.17,7084376.97,7735010.16,8269744.86,8602468.11,8935960.84,9227599.94,9225576.04,9186772.2,9220912.99,9187830.57,8978503.07,8770475.52,9444288.78,9632002.34,9440889.53,8979457.83,8333578.82,7570896.32
2020-09-08,7146483.18,6903167.34,6698731.03,6624560.41,6703636.56,6856755.37,7170098.56,7755578.75,8192193.26,8469284.47,8756835.27,8985931.24,8974730.2,8951260.45,9011682.55,8995130.77,8814356.21,8654090.05,9317076.25,9503232.86,9272419.6,8828698.2,8195271.61,7519979.7
2020-09-09,7104062.81,6837083.57,6662988.2,6606599.9,6686794.05,6853331.77,7094589.83,7737423.73,8276580.91,8617719.33,8927266.94,9147735.0,9121904.72,9117676.11,9194941.9,9171509.25,8925273.93,8677907.85,9365483.49,9535637.53,9305198.54,8828370.17,8193743.84,7614387.5
2020-09-10,7182302.65,6918074.36,6763303.8,6665809.79,6737662.02,6875268.61,7191829.45,7820317.99,8366261.6,8721348.36,9087700.4,9353117.89,9376346.25,9387684.07,9478764.81,9393086.56,9143152.83,8946548.55,9624506.91,9813645.79,9617649.12,9208647.95,8531545.02,7890953.77
2020-09-11,7432342.37,7171443.83,6958136.52,6858235.99,6955752.67,7110293.89,7398622.42,8046774.46,8585875.41,8929384.23,9184485.08,9495463.37,9528868.82,9492637.45,9526689.57,9430100.81,9173731.06,8908456.28,9594920.1,9758129.42,9546135.45,9154921.11,8608914.63,7980199.46
2020-09-12,7538074.57,7239635.5,7067281.88,6937223.36,6984678.15,7018220.1,7083979.2,7600640.61,8136683.29,8500747.42,8865898.07,9056342.83,9034368.04,8897215.49,8713225.14,8568959.32,8402598.99,8373640.08,9186060.9,9306980.43,9041981.61,8606371.64,8088097.36,7574249.51
2020-09-13,7136067.19,6853960.99,6653652.72,6532424.43,6451797.22,6346784.76,6205446.45,6474342.51,6786629.59,7218013.8,7500850.73,7695783.06,7738942.4,7674254.52,7504487.52,7387413.58,7227289.69,7367767.69,8328374.18,8626464.21,8510318.04,8232438.14,7769220.68,7255781.96
2020-09-14,6915530.15,6706192.61,6558368.39,6480186.5,6572882.84,6742930.83,7056298.7,7745405.85,8339283.62,8719666.98,9085026.45,9428669.3,9426411.21,9428493.65,9455696.9,9386686.65,9154386.83,8898314.52,9618715.78,9788640.3,9587887.96,9165694.6,8570999.47,7948285.71
2020-09-15,7449572.03,7154095.74,6975358.9,6913074.77,6968712.86,7092830.75,7385686.43,8031198.57,8530882.93,8882012.15,9203733.3,9467397.13,9446696.55,9369870.61,9336319.3,9204760.24,9071218.26,8891134.63,9612168.19,9748971.5,9552575.64,9105458.57,8487384.45,7839731.9
2020-09-16,7155507.13,6884135.68,6691970.34,6627637.32,6697049.15,6884706.85,7157542.14,7754489.44,8249092.23,8565445.42,8820013.91,9066813.37,9054249.06,9017509.38,9085380.33,9030840.94,8894766.64,8674327.21,9382825.19,9476419.5,9261302.86,8850074.5,8192339.01,7576487.72
2020-09-17,7251913.31,7010940.42,6857283.14,6787589.49,6887125.1,7027833.41,7315465.19,7952279.85,8514643.06,8910541.45,9227583.51,9466795.23,9406719.2,9359649.14,9329456.57,9331896.06,9187534.44,8981362.12,9645395.85,9731376.41,9466453.01,9018616.77,8417491.19,7816610.01
2020-09-18,7339079.9,7066024.33,6889963.09,6814493.07,6908171.54,7070832.53,7331643.02,7974793.9,8521750.9,8802154.07,9092144.12,9340223.77,9290609.88,9234284.83,9203963.49,9153830.41,8973671.32,8885224.0,9584919.46,9626479.3,9405719.59,8979412.72,8352451.59,7770595.01
2020-09-19,7282547.6,7002755.65,6807922.02,6752763.6,6785648.53,6818987.69,6931388.86,7504429.7,8030733.62,8419421.36,8766074.88,8918469.53,8909178.18,8706423.43,8487397.13,8444919.74,8358532.9,8373623.91,9172330.02,9172146.66,8961536.04,8449840.16,7865072.31,7325478.8
2020-09-20,6909179.03,6560258.96,6394404.18,6327983.42,6362259.46,6353222.63,6137692.84,6351408.72,6541195.23,7088722.92,7354605.75,7587845.11,7698688.63,7634070.25,7452180.82,7291056.51,7198215.34,7334792.53,8344636.69,8598951.21,8470112.33,8207374.49,7762218.14,7180257.43
2020-09-21,6944863.02,6685316.64,6508210.15,6468281.41,6555945.86,6711431.57,7049303.02,7749050.34,8307332.32,8656461.62,9110502.42,9438814.11,9454502.15,9382186.03,9341769.49,9233278.32,8980754.73,8772083.72,9462906.2,9557161.37,9326867.24,8839706.3,8223555.25,7606118.12
2020-09-22,7165040.31,6909393.62,6745836.49,6676712.46,6794117.18,6919649.86,7223578.04,7903493.9,8415844.54,8743560.68,9129350.32,9482903.76,9512969.86,9507132.79,9507351.2,9492344.77,9243151.28,9000202.0,9805700.68,9916347.58,9648237.46,9201209.21,8576384.05,7944586.77
2020-09-23,7407321.29,7124376.12,6960600.35,6891066.8,6965570.43,7140004.85,7365004.13,8003719.34,8515977.83,8839187.26,9165004.76,9452848.16,9426331.64,9347693.78,9352892.67,9304357.69,9109023.66,8994703.08,9756657.95,9820867.1,9565762.43,9114360.4,8400837.86,7804466.12
2020-09-24,7305767.27,7024217.66,6841341.7,6752990.31,6839675.02,7011626.95,7236353.98,7881940.07,8337838.9,8550445.76,8844023.89,9166252.62,9109578.59,9070119.91,9132305.25,9113345.53,8888006.79,8771602.31,9556321.91,9598655.7,9353392.8,8855876.36,8179935.02,7540057.43
2020-09-25,7071462.21,6749005.64,6538809.61,6474905.67,6568088.45,6736237.98,7088038.81,7766822.64,8330870.68,8643724.45,8985935.57,9300477.16,9292654.11,9242720.06,9318937.34,9247035.56,9054260.18,8940075.4,9658570.49,9667270.2,9446836.31,9032092.65,8426974.59,7848008.92
2020-09-26,7376270.28,7097097.03,6916496.11,6838202.22,6918759.9,6946155.48,7063559.76,7576436.68,8116105.49,8525603.49,8869164.33,9057457.72,8935151.39,8727846.41,8540697.99,8429860.4,8228912.46,8239829.83,9143837.31,9141950.75,8859912.9,8441518.45,7922806.85,7429526.32
2020-09-27,6927874.03,6648767.28,6445310.6,6296414.24,6259587.0,6190073.5,6042763.22,6350964.99,6740336.3,7085891.71,7340416.62,7527147.97,7640828.61,7549741.04,7402187.79,7296324.21,7183964.28,7301223.03,8247232.11,8424545.54,8278974.41,7966138.23,7526311.01,7009944.78
2020-09-28,6683889.53,6531423.44,6406849.37,6339693.56,6464062.61,6672654.88,7002547.0,7661402.68,8260424.14,8659900.58,9030961.19,9358707.14,9346964.61,9358284.99,9419005.87,9262824.3,9060745.13,8869857.36,9567497.17,9608173.57,9408408.76,8972950.41,8303655.15,7652966.92
2020-09-29,7135710.53,6913052.0,6775949.51,6675797.95,6785842.82,6923130.64,7221071.84,7876810.9,8447938.81,8750664.87,9121695.57,9426137.04,9426463.57,9382914.03,9434269.1,9381822.25,9174482.44,8995111.52,9772520.66,9789989.89,9586159.14,9107355.56,8364516.73,7718475.07
2020-09-30,7260685.25,6944370.79,6759229.06,6665674.68,6743280.19,6834662.91,7178383.88,7788772.9,8249182.29,8559267.82,8904034.25,9125225.17,9123661.51,9111470.57,9204935.53,9162676.18,8978627.22,8885602.21,9596615.03,9663286.44,9440221.51,8969686.0,8292961.74,7604490.37
2020-10-01,7163708.77,6912631.98,6791273.96,6724178.96,6829867.89,6978296.04,7230679.99,7875399.79,8396907.07,8728960.57,9079913.02,9366371.4,9344436.84,9334459.44,9433330.27,9392542.63,9173870.05,8969814.29,9748046.14,9742173.49,9516403.62,9077085.02,8374911.98,7740815.1
2020-10-02,7274694.69,7059537.43,6888572.26,6779832.86,6853102.34,7023588.97,7288218.15,7957118.5,8500377.8,8856231.71,9194910.07,9464981.86,9421635.79,9316491.69,9349176.55,9213094.12,9042147.44,8918793.62,9643578.44,9616377.05,9421419.7,8963250.69,8354986.77,7780294.97
2020-10-03,7312717.45,7044166.09,6852098.65,6720478.96,6804527.95,6856647.22,6963578.78,7541565.25,8118609.49,8584109.26,8955147.69,9098260.57,9076297.01,8852165.04,8650553.96,8455456.82,8271190.0,8364007.86,9302657.58,9258690.28,8911962.9,8393688.68,7815565.58,7241502.57
2020-10-04,6854724.52,6572411.52,6390024.47,6252694.65,6218256.71,6147967.21,5989819.75,6237751.81,6564846.14,6945928.06,7204605.78,7406002.13,7500518.34,7477910.77,7349213.17,7199472.04,7145769.33,7322183.67,8256120.35,8430183.55,8262854.32,7940521.5,7480868.94,7044820.78
2020-10-05,6721053.06,6509160.44,6349590.48,6302628.91,6424910.85,6602705.55,6911324.36,7578100.6,8179649.47,8580572.3,8914618.62,9264236.52,9296345.52,9289582.74,9367052.77,9288020.19,9005627.75,8874438.92,9615635.18,9645515.75,9407671.33,8946444.83,8317819.03,7636502.85
2020-10-06,7146195.58,6868653.74,6702760.08,6627332.61,6749245.54,6902250.2,7156942.74,7792828.94,8351932.08,8679823.99,8999795.65,9321222.07,9299350.0,9296083.59,9367577.09,9316731.42,9126355.08,9042801.7,9800350.43,9744876.33,9451779.95,9046733.72,8395388.47,7744079.48
2020-10-07,7283219.7,7008948.55,6856871.6,6772908.93,6856119.48,7014747.7,7271819.49,7979700.97,8565169.43,8881040.03,9249886.32,9509279.89,9457552.03,9399488.59,9400793.85,9296864.97,9048140.38,9092168.12,9933889.21,9703393.87,9420922.38,8921593.96,8280138.25,7664007.92
2020-10-08,7168747.79,6918264.5,6740792.16,6651746.03,6736955.97,6865176.52,7111423.26,7782255.51,8323411.3,8633097.07,9002529.87,9339941.3,9284930.99,9307397.7,9357599.36,9286747.21,8982530.08,8929726.98,9686376.57,9664491.07,9339646.71,8901550.89,8236381.39,7569315.22
2020-10-09,7142321.38,6901601.65,6723385.37,6655044.69,6760075.43,6884521.8,7164776.54,7835306.53,8386631.87,8724847.27,9085265.45,9439392.47,9413492.1,9439300.15,9502742.45,9463797.52,9256749.15,9131276.93,9953300.75,9945051.5,9617666.57,9140986.88,8519386.87,7896064.64
2020-10-10,7436607.71,7163851.81,6963592.4,6863719.61,6913719.06,6916284.4,7049480.15,7570800.72,8164106.59,8552209.61,8840298.61,9089509.74,9066636.19,8960994.59,8849745.89,8706636.46,8521065.92,8543042.73,9402866.67,9379873.44,9096252.78,8687467.68,8185641.43,7713653.83
2020-10-11,7273605.36,6969695.09,6777672.99,6655733.42,6604018.13,6402966.9,6284740.47,6580444.26,6972253.7,7297561.26,7620967.19,7855958.88,7945168.47,7894906.21,7780519.43,7683067.75,7558169.43,7715166.65,8642335.7,8716062.13,8540513.25,8286784.29,7885013.06,7476209.66
2020-10-12,7094798.92,6840851.31,6660035.73,6518967.11,6443174.26,6483194.23,6439415.15,6786560.27,7182965.84,7537173.88,7891272.56,8208090.62,8326347.55,8209421.01,8088762.19,7976962.28,7915653.61,8083777.9,8970163.75,9073137.82,8890381.68,8522713.12,7972244.61,7506700.06
2020-10-13,7127154.73,6887984.52,6732831.33,6685408.41,6800511.39,6959745.15,7266616.04,7917138.86,8478322.05,8715036.1,9034523.14,9349046.52,9275527.78,9228566.62,9304847.65,9246891.65,9113613.16,9069136.79,9822027.04,9750464.47,9463743.24,8999570.12,8323916.37,7649363.37
2020-10-14,7201503.37,6912067.53,6751546.03,6711955.43,6830833.56,6999065.93,7300449.51,7956298.1,8487941.51,8780344.35,9134660.55,9412975.33,9357803.92,9294993.55,9369802.82,9327126.45,9159420.52,9062984.85,9781850.17,9744559.1,9425564.6,9028954.89,8318374.69,7646676.52
2020-10-15,7191982.94,6949225.41,6788519.02,6712840.98,6817474.61,6971030.49,7314885.62,8043730.74,8600543.05,8883500.61,9215429.78,9588155.85,9539424.56,9500682.5,9596410.31,9553042.9,9339592.62,9258849.71,9974046.18,9951596.65,9718299.76,9300219.07,8639814.97,7972198.72
2020-10-16,7509457.8,7252837.09,7093222.61,6978837.24,7070549.61,7227999.05,7482630.44,8145013.73,8684623.46,9044481.0,9372758.93,9721419.71,9715835.96,9682620.75,9774246.73,9721198.87,9481468.4,9374115.33,10052878.25,9999773.11,9732320.61,9342474.31,8769793.07,8170948.19
2020-10-17,7699851.58,7368916.45,7180921.12,7038159.85,7068840.2,7059131.02,7223257.54,7812539.86,8339307.52,8701622.66,8995074.95,9216621.98,9194858.53,9024293.36,8812391.62,8637703.75,8443595.48,8614194.01,9398203.71,9328168.65,9013526.22,8522983.53,8028586.74,7524520.77
2020-10-18,7138340.77,6839153.84,6614673.8,6501363.89,6386453.7,6240118.2,6128140.85,6447822.07,6864087.58,7237603.66,7510131.97,7799283.16,7945502.9,7895156.46,7745046.8,7566065.35,7406071.28,7645098.44,8448206.03,8551675.96,8437654.23,8123779.98,7641253.83,7124520.67
2020-10-19,6809405.65,6558812.26,6421361.65,6349222.21,6451148.36,6633448.14,6942329.81,7588252.16,8122705.24,8461142.8,8813817.02,9133924.0,9124752.55,9087180.55,9166005.24,9146366.29,8966809.18,8963071.84,9639250.0,9543426.67,9236408.75,8791053.07,8115381.39,7489900.76
2020-10-20,7028519.63,6778538.12,6639291.92,6573498.49,6683407.52,6848959.19,7156661.83,7826552.36,8376498.9,8727257.99,9063140.27,9346917.03,9274213.03,9262516.38,9322102.84,9294799.2,9115787.79,9052473.3,9770638.3,9715714.16,9474597.53,8969780.95,8284681.27,7669162.51
2020-10-21,7242306.12,6994047.49,6798328.23,6734894.48,6838928.09,7041245.16,7289909.72,7973814.54,8455597.0,8795753.96,9136152.81,9369285.48,9350367.94,9367770.24,9474704.57,9455807.29,9195385.9,9234238.8,9915193.66,9874910.82,9630593.27,9180824.04,8469917.05,7833655.79
2020-10-22,7377798.32,7105967.88,6939509.06,6870009.11,6948174.16,7125860.59,7388626.29,8060108.22,8576953.76,8931733.21,9256171.33,9561158.77,9533311.44,9508531.4,9573554.98,9517289.41,9313960.05,9245862.08,9975297.1,9956401.7,9724957.65,9259777.85,8584543.1,7952805.47
2020-10-23,7489522.29,7181013.58,7024220.87,6928784.6,7030555.51,7186943.88,7496339.39,8169961.05,8736068.13,9091427.09,9412367.07,9702665.85,9594542.07,9534722.92,9504961.18,9392898.98,9205545.94,9266217.49,9811410.69,9741131.93,9476741.12,9044164.59,8424871.31,7821115.04
2020-10-24,7424546.58,7164207.78,6969237.33,6884209.1,6895464.36,6924556.87,7025445.08,7550623.14,8111475.56,8463667.87,8800385.47,8986217.27,8856270.91,8678607.64,8496267.08,8383211.5,8293228.69,8494084.5,9227693.55,9133642.79,8856974.88,8363378.0,7850641.62,7391758.85
2020-10-25,6963695.25,6694708.6,6532334.08,6400654.44,6302224.04,6179548.98,6038259.84,6363295.27,6750275.08,7119447.95,7415175.14,7601202.69,7745090.96,7730399.37,7593616.84,7496555.75,7406467.23,7682704.02,8604456.71,8721451.02,8571975.51,8227755.99,7762971.75,7314112.08
2020-10-26,6975519.74,6717570.01,6564535.47,6505032.41,6584776.37,6784607.15,7125100.1,7793877.15,8399538.34,8793503.37,9152020.14,9431749.3,9468137.27,9392467.95,9484085.56,9519733.99,9350025.11,9313117.47,9935855.77,9947597.76,9696558.49,9224648.6,8577645.28,7947601.34
2020-10-27,7529197.03,7264951.42,7053953.68,7007659.56,7111442.1,7223334.53,7535647.34,8218279.58,8763694.19,9070970.72,9361951.39,9674453.29,9626972.72,9628326.97,9706826.81,9709243.91,9509002.68,9506091.37,10070106.52,9970267.38,9732175.49,9236521.23,8533989.09,7852379.03
2020-10-28,7410714.82,7161922.99,6985148.09,6967111.99,7070246.15,7225113.03,7470706.65,8125586.55,8659543.27,9011886.87,9330676.45,9629175.44,9570985.66,9554236.55,9582919.66,9548320.12,9331519.96,9323150.87,9882146.61,9804503.95,9615270.95,9168015.37,8487364.64,7867063.06
2020-10-29,7401715.83,7133363.29,6960073.59,6866848.41,6977623.02,7159852.23,7443648.49,8092619.58,8727939.29,8935630.16,9248859.42,9497896.19,9471531.94,9469143.52,9618892.7,9574119.5,9371314.16,9494734.12,9968536.14,9859532.56,9640774.32,9193430.07,8650498.76,7815397.3
2020-10-30,7687471.33,7535080.4,7379997.48,7298871.42,7411178.86,7579982.22,7830053.97,8473640.93,8968795.31,9186972.08,9325629.47,9558342.01,9511236.91,9481448.87,9548717.48,9451378.21,9492305.41,9492387.75,9892725.29,9788127.5,9504891.74,9197437.87,8740827.08,8108593.58
2020-10-31,7550703.06,7483423.25,7349868.63,7292932.68,7260207.6,7345673.92,7394049.97,7826629.72,8141954.0,8449039.96,8747554.95,8902865.86,8797038.96,8561607.16,8370956.06,8530291.48,8149299.19,8366677.29,9051190.47,8921535.13,8554458.32,8151687.99,7797605.57,7516018.46
2020-11-01,7184203.31,6898183.38,6742017.28,6636280.08,6570450.26,6506952.51,6332437.56,6617644.2,7060413.17,6963638.7,7102202.66,7320010.1,7401159.73,7368858.05,7639533.14,7646931.2,7588072.75,7807201.91,8231295.29,8214207.18,8063137.02,7992859.51,7317487.69,7249997.42
2020-11-02,6964815.52,6691801.45,6463033.07,6293610.24,6347406.7,6309664.31,6264091.7,6656424.06,7205968.08,7382979.72,7658587.6,7925619.16,8044799.0,8032682.42,7932232.64,7842246.62,7706713.29,7893997.92,8852713.72,8962132.91,8792128.39,8477562.15,7921396.46,7443910.53
2020-11-03,7406974.71,7208428.56,7066647.64,7014752.25,7123295.43,7305418.95,7469355.94,8058949.79,8635007.87,8867509.2,9105144.15,9407059.46,9403802.89,9426624.84,9473693.27,9469388.45,9216415.96,9155558.95,9849928.18,9808004.32,9545316.61,9114960.42,8589527.27,8162785.09
2020-11-04,7737648.63,7504725.25,7333752.09,7270927.97,7370171.74,7535807.03,7794603.17,8320796.08,8959277.71,9219229.9,9601111.27,9871283.0,9919851.7,9929032.44,9977145.71,9929395.91,9735560.93,9729945.42,10014297.99,9876329.41,9615708.72,9368981.96,8770280.54,8044484.94
2020-11-05,7791484.65,7579843.08,7284915.59,7186248.61,7309623.76,7463252.93,7645792.84,8349414.12,8883917.04,9174506.3,9426549.88,9653375.32,9599028.03,9392935.18,9349363.56,9434292.48,9444651.19,9423768.93,9874006.49,9743736.89,9495821.93,9012829.3,8485776.16,7996685.35
2020-11-06,7602023.5,7324088.93,7184012.43,7154343.29,7226067.35,7427964.98,7761288.34,8488764.47,8992508.29,9290620.9,9503212.52,9629582.64,9616487.64,9676640.87,9658040.85,9534931.61,9501106.72,9511999.28,9798138.98,9721265.13,9690853.78,9401946.12,8757940.34,8160195.93
2020-11-07,7686532.33,7450009.44,7300965.87,7179793.82,7218987.95,7285083.44,7393190.49,8031357.75,8602387.43,8920861.08,9246270.7,9385758.24,9276229.67,9260743.34,9135429.14,8846622.08,8860158.81,8979982.91,9312656.07,9236702.68,9129874.6,8895483.2,8396853.35,7901126.01
2020-11-08,7497063.68,7214491.1,6981198.75,6882572.2,6881164.97,6778101.75,6596599.83,6935899.68,7308401.85,7729371.99,8109130.87,8341536.03,8401241.63,8306331.11,8134179.37,7998483.85,7957932.13,8249031.07,8929471.61,9034516.61,8893556.33,8724352.51,8280629.13,7776834.89
2020-11-09,7409334.14,7192870.19,7047716.88,6992900.16,7082346.32,7291790.02,7617154.27,8289661.68,8836439.41,9156696.62,9504293.31,9779022.45,9721832.14,9717933.16,9742540.25,9724152.72,9552793.0,9631981.86,10054601.32,9950180.9,9876226.58,9453898.17,8806588.3,8139275.83
2020-11-10,7700480.27,7402087.05,7189961.01,7149645.83,7300462.66,7509107.28,7801654.27,8482098.92,9053128.53,9313683.61,9622808.54,9883251.05,9807460.5,9797170.65,9859055.87,9802981.27,9674268.43,9758498.77,10210468.48,10118357.44,9939189.88,9505962.39,8867232.42,8213499.0
2020-11-11,7712843.5,7546376.23,7384869.0,7301496.98,7367312.1,7578907.43,7856170.05,8448357.17,8911507.25,8954498.1,9070320.27,9288376.04,9215946.24,9422295.59,9612882.24,9635624.14,9482626.16,9535981.34,10085742.32,9975081.51,9537721.26,9031525.16,8632963.65,8033345.24
2020-11-12,7574482.93,7387868.6,7248735.89,7182958.98,7320604.34,7498748.89,7710455.09,8383806.14,8825943.85,9072720.35,9346043.27,9465833.22,9612602.89,9604754.61,9649437.72,9676565.05,9563933.09,9654023.08,10182381.3,9986792.72,9496571.19,9106002.52,8708057.75,8035943.81
2020-11-13,7580267.22,7340315.35,7176873.79,7107308.53,7265015.61,7495461.2,7722398.34,8319062.19,8840299.13,9131349.35,9394606.61,9659432.35,9629234.56,9543670.37,9607496.44,9660510.88,9571777.93,9534531.83,10055620.85,9909567.94,9616603.78,9153443.51,8512925.41,7920371.33
2020-11-14,7493488.5,7228169.8,7061488.69,7024595.41,7085119.52,7176490.54,7283524.23,7781166.03,8262650.8,8590048.51,8814890.85,8993693.83,8989085.1,8801692.83,8636118.61,8553359.07,8476580.04,8775106.25,9437628.32,9373842.66,9020038.7,8533713.22,7994460.94,7513199.5
2020-11-15,7120451.82,6913653.73,6763481.17,6639890.32,6599464.36,6545390.72,6339214.91,6409425.67,6885766.0,7239725.15,7551061.35,7768623.62,7849995.52,7940512.53,7953198.31,7887877.61,7849882.24,8117899.67,8901176.56,8900200.6,8707586.67,8438025.19,7987690.05,7551388.66
2020-11-16,7210199.75,6939877.36,6793577.5,6682931.12,6716876.77,6748354.74,6627229.15,6963716.89,7389900.55,7740670.75,8126028.35,8373407.89,8493761.24,8503524.23,8390563.44,8328379.62,8293385.87,8572640.22,9351210.51,9401779.43,9192719.54,8802740.66,8295446.7,7741477.23
2020-11-17,7297122.77,7058699.75,6952981.3,6887671.53,6982655.74,7209877.07,7519279.14,8156043.56,8651289.53,8927428.23,9180765.56,9450670.09,9463482.97,9456626.24,9536299.37,9543184.44,9522443.92,9598582.89,10155612.63,10021203.76,9708974.16,9154905.68,8481908.46,7833495.49
2020-11-18,7428698.01,7194370.43,7057267.65,7037875.42,7179547.95,7384246.68,7597591.52,7881331.8,8400052.84,8675291.24,8937949.85,9233482.57,9144312.07,9076968.06,9087915.01,9109537.72,9005964.9,9469777.43,10012286.31,9938080.47,9704306.64,9220135.54,8582843.77,7901752.42
2020-11-19,7435545.11,7203894.73,7033764.49,7003017.59,7114174.42,7284578.03,7607796.23,8130861.85,8632478.02,8925682.94,9242156.1,9485337.11,9453178.26,9467226.0,9551988.67,9505202.5,9354219.31,9410503.02,10210138.27,10161153.1,9936426.78,9447568.11,8716244.75,8048128.0
2020-11-20,7622907.86,7334013.1,7173713.73,7108697.48,7254342.75,7406082.41,7707373.98,8424066.02,8939433.78,9254486.93,9565359.16,9841114.86,9816349.8,9775441.36,9791486.97,9753491.3,9571901.15,9662639.96,10278274.96,10150617.25,9867417.95,9438563.21,8826511.63,8252290.57
2020-11-21,7793026.7,7431845.7,7208052.0,7029144.15,7080751.74,7146873.93,7137616.46,7688180.93,8496644.86,8934802.97,9240532.61,9476998.81,9424574.67,9250280.85,9085611.52,8953925.15,8827546.62,8946130.9,9438176.21,9344142.2,9031607.27,8903925.52,8476583.98,7958133.11
2020-11-22,7391226.95,6901200.47,6725696.1,6615011.86,6540892.75,6384984.06,6252956.13,6548487.42,6967216.43,7337531.19,7613131.3,7868968.16,8234139.93,8297360.62,8195960.86,8064599.05,8005440.22,8203151.44,8759854.81,8830971.74,8700032.7,8726536.11,8358771.98,7767570.14
2020-11-23,7332003.77,7124846.64,7047476.82,6880456.27,7032672.71,7222550.87,7361863.39,8116494.76,8774042.05,9144868.1,9497855.88,9745872.15,9685024.81,9757641.47,9690424.14,9588927.99,9393772.92,9338141.33,9988779.23,9973050.82,9727211.01,9450656.07,8909015.15,8316511.44
2020-11-24,7488482.95,7238868.75,7069250.16,6977754.24,7073844.02,7248164.7,7518186.93,8157759.32,8851708.12,9278617.06,9582604.94,9690615.99,9626889.1,9656704.7,9699609.42,9594568.14,9453661.86,9534152.38,10074987.46,9946680.66,9701159.51,9247483.52,8548441.06,7949299.74
2020-11-25,7640311.1,7339295.52,7318330.36,7223777.13,7188013.54,7397206.46,7709692.69,8455479.43,8990137.02,9252185.0,9546387.45,9748612.26,9678984.63,9718090.07,9826377.91,9728025.98,9537164.72,9541741.15,10033248.06,9949163.78,9724694.49,9441833.64,8775021.12,8176910.0
2020-11-26,7769506.31,7696333.06,7525692.73,7438321.59,7526133.44,7711766.11,7906719.89,8377035.76,8902110.81,9123383.51,9405357.92,9713266.94,9508696.47,9480401.37,9626889.99,9657633.91,9468009.94,9553449.07,9978150.42,9858811.02,9627225.43,9370071.98,8815552.22,8179000.66
2020-11-27,7767369.79,7601667.6,7404168.29,7297554.62,7380797.97,7566869.14,7805926.73,8497904.28,9014462.29,9315668.49,9624765.31,9502452.76,9352684.01,9298996.85,9349054.17,9422682.78,9370444.57,9509712.54,9810375.68,9671298.52,9439000.41,9033345.84,8680296.48,8156505.14
2020-11-28,7484520.24,7236352.14,7097858.38,7048403.97,7089004.17,7258355.76,7441446.92,7992018.39,8507826.07,8855011.31,9092955.15,9227316.41,9179703.2,9145739.91,8989688.53,8804910.95,8747800.16,8902709.7,9223348.35,9131283.72,8885326.66,8637947.1,8003401.18,7563259.19
2020-11-29,7155234.63,6945377.03,6720111.67,6773281.35,6425152.76,6609260.11,6519522.65,6882515.92,7255424.05,7587961.52,7859088.61,8055294.3,7946924.61,7969251.25,7947898.92,7980147.96,8019244.03,8234990.68,8935360.7,8967627.87,8902012.18,8560177.29,8076601.05,7596613.66
2020-11-30,7419909.28,7129037.85,6916181.96,7023975.7,7170002.47,7368434.79,7667486.4,8300620.14,8899609.51,9244396.76,9591029.01,9846912.97,9853152.88,9839773.13,9907671.24,9788707.08,9716416.51,9718195.55,10104023.18,9983952.15,9957116.34,9622463.8,8987925.82,8339856.35
2020-12-01,7866602.8,7601279.11,7404902.48,7317333.58,7409084.3,7662405.08,7807749.88,8416291.62,9020667.12,9337350.33,9628467.64,9878353.84,9738434.41,9724904.58,9803186.65,9765251.48,9644443.65,9725293.16,10320299.26,10270073.7,10052099.96,9593085.8,8927349.76,8223203.68
2020-12-02,7780229.68,7518352.43,7356841.99,7267156.84,7371532.33,7615579.07,7854892.55,8435366.12,8926062.19,9245637.81,9537068.32,9809983.75,9742201.74,9717081.89,9774914.52,9747421.0,9634623.36,9611542.36,10148332.19,10087416.61,9898434.1,9522191.7,8885652.59,8058888.06
2020-12-03,7491487.46,7123388.11,6937088.13,6871625.77,6965707.64,7185919.57,7435114.4,8074316.38,8560204.71,8880891.24,9298569.86,9618835.84,9585794.66,9602104.33,9688142.68,9600371.65,9440850.01,9401777.78,9983123.5,9981867.71,9761500.72,9335201.78,8673789.1,7964581.37
2020-12-04,7425717.74,7159603.01,6956810.35,6878968.81,6986469.59,7179339.95,7428522.0,8066109.39,8604633.21,8945855.46,9313121.84,9587920.49,9569150.9,9511516.58,9626627.13,9588831.07,9405302.07,9302240.99,10045477.76,9963439.18,9732072.06,9300309.95,8646604.49,8007315.53
2020-12-05,7495139.5,7178905.07,6983153.27,6878605.81,6920297.97,7028812.0,7132281.04,7688481.6,8374568.11,8745309.61,9024453.45,9208078.27,9163005.02,9025211.46,8880983.87,8726647.24,8532836.35,8707051.29,9587782.29,9555990.34,9316419.92,8870130.77,8301830.22,7756677.68
2020-12-06,7336276.87,7036131.54,6811093.42,6678595.71,6614770.15,6574478.47,6402853.51,6703331.18,7188089.76,7624113.93,7932337.0,8179202.37,8270813.58,8226977.05,8112215.09,8026394.97,7876415.53,8030733.27,8992718.81,9116738.51,8930325.33,8654444.54,8190466.3,7688494.32
2020-12-07,7268271.09,6994153.48,6829770.4,6759498.51,6859468.28,7066338.1,7291361.98,7955185.88,8572994.43,8931047.39,9208855.89,9473462.22,9463875.89,9400596.93,9510702.0,9457611.53,9210430.5,9132596.87,9775240.36,9458700.75,9050512.95,8631225.14,8205096.56,7758549.97
2020-12-08,7364092.35,7097791.06,6800886.38,6733169.13,6757645.12,6754410.78,6568872.57,6959587.48,7492255.45,7894949.55,8174549.91,8359446.73,8441753.95,8395209.77,8274149.42,8263108.23,8101989.36,8226115.9,9106117.98,9148567.51,8961806.85,8594721.6,8110486.68,7668888.18
2020-12-09,7486076.07,7236127.9,6969057.42,6916651.79,7041274.53,7247540.11,7449720.37,8220146.0,8845941.0,9114463.46,9334782.59,9552121.38,9544650.92,9505539.66,9565051.07,9523254.17,9377579.48,9565354.94,10075499.1,10020000.03,9788928.45,9331933.88,8653143.89,7953562.5
2020-12-10,7489874.48,7220032.84,7018145.92,6932738.8,7081124.48,7298100.9,7488379.1,8116660.68,8652914.95,8993802.21,9480882.21,9700177.0,9656011.49,9593678.53,9669074.92,9671106.32,9608165.93,9531350.83,10170997.06,10132594.67,9886632.27,9666497.87,9041640.38,8350470.48
2020-12-11,7908928.96,7672390.62,7442033.98,7359195.41,7230739.82,7540437.76,7713823.78,8416109.06,9060110.98,9429371.96,9734831.04,9740813.27,9669691.77,9646436.03,9749189.88,9739124.88,9527827.49,9433023.89,10114317.08,10076407.73,9830705.77,9371575.81,9009501.51,8402725.64
2020-12-12,7588836.62,7280589.35,7082781.79,6986160.9,7030940.52,7132707.06,7228875.05,7871199.62,8473020.67,8973390.55,9311971.55,9321180.68,9219857.13,9092692.92,9000275.98,8904730.93,8673986.86,8725047.6,9611154.5,9575793.6,9305997.68,8893077.07,8351804.28,7829850.21
2020-12-13,7365117.66,7043345.09,6831870.74,6691843.39,6635359.06,6584426.77,6403088.29,6683741.16,7100500.38,7498063.62,7803133.76,8059767.35,8182187.44,8156550.78,7997797.87,7879936.21,7745082.77,7845770.11,8853767.16,8995703.34,8886411.08,8566316.28,8158159.05,7595945.62
2020-12-14,7173120.89,6913493.03,6744212.66,6664659.12,6755987.4,6948640.93,7184705.11,7875722.12,8575556.89,9022502.11,9440972.76,9850543.44,9710113.69,9615760.4,9614269.74,9574407.97,9424040.85,9289370.08,10040492.13,10048006.4,9805892.28,9391407.24,8704855.77,8012077.85
2020-12-15,7524628.75,7203427.86,6988816.38,6936077.18,7090536.32,7264254.26,7451731.2,8075056.53,8671422.02,8973946.85,9281044.38,9570703.57,9528276.84,9569381.82,9667263.02,9606008.74,9377609.23,9276970.1,10009001.71,10020112.16,9860688.96,9421589.91,8748530.71,8030268.91
2020-12-16,7579423.11,7284731.99,7069496.08,7014669.33,7100584.33,7305155.34,7515256.43,8118017.48,8698190.02,9033875.69,9363087.45,9668415.74,9636816.68,9642930.41,9726750.67,9724059.33,9510770.36,9348458.36,10098137.69,10062768.71,9840684.62,9429998.41,8765920.43,8064350.4
2020-12-17,7591602.68,7281454.03,7097797.42,7024816.97,7155747.28,7366037.66,7566487.53,8173078.08,8728045.45,9055242.15,9341379.31,9601766.85,9578156.22,9557798.32,9655478.91,9632982.97,9414311.19,9273616.89,9968437.48,9966310.08,9753563.41,9355331.38,8697631.72,8025692.89
2020-12-18,7519471.12,7224241.78,7073513.83,6996680.93,7097423.87,7335696.12,7510124.37,8119588.2,8686408.91,9022174.85,9316006.05,9558600.84,9508725.78,9497232.56,9590148.14,9561254.44,9394461.52,9243244.3,9928176.16,9908041.51,9649873.35,9273896.79,8667674.41,8085935.92
2020-12-19,7622751.59,7313580.55,7117783.14,6981773.16,7082342.14,7200122.81,7286434.98,7817114.7,8365416.5,8718738.32,9007386.46,9216149.89,9161832.18,9042007.51,8940539.67,8816342.72,8661362.74,8675409.59,9503655.19,9506751.03,9237075.22,8752406.66,8306174.1,7816111.94
2020-12-20,7333300.2,7027791.78,6832281.35,6697010.78,6648228.9,6613895.49,6424779.17,6734810.33,7177306.03,7533477.25,7793638.3,8019036.46,8116705.13,8081628.97,7991914.46,7900088.09,7764772.42,7858268.29,8860727.14,8988949.86,8873615.73,8590779.12,8155393.43,7632269.74
2020-12-21,7208062.36,6968213.31,6801958.87,6730617.09,6800970.65,7018399.58,7182774.98,7832236.89,8435646.55,8831572.15,9183999.08,9510716.6,9508479.99,9561598.38,9666474.48,9655970.11,9438013.73,9210607.45,9949648.06,9965577.18,9788652.4,9390283.74,8730526.14,8034750.79
2020-12-22,7542700.59,7264165.37,7066665.3,6956839.79,7010828.28,7257501.94,7409984.21,8041112.03,8591947.5,8968662.01,9250535.74,9552982.24,9535687.15,9540003.61,9565861.1,9501168.03,9321317.64,9145469.98,9867805.25,9936237.37,9740413.84,9349036.49,8731607.2,8059707.08
2020-12-23,7584572.72,7289759.3,7052570.44,6991588.66,7064085.64,7293861.69,7420520.63,7977961.39,8529361.26,8886201.22,9190317.39,9396424.82,9367798.64,9394492.0,9436173.33,9422857.39,9199663.56,9028565.46,9738698.63,9734559.67,9548746.47,9194177.43,8591130.72,7956778.15
2020-12-24,7468194.58,7153164.7,6930368.88,6788345.42,6822228.49,6914303.81,6961570.65,7470180.94,8022124.36,8328937.51,8532923.3,8659349.94,8591391.26,8399638.6,8184259.65,8078306.2,7936721.75,7987311.61,8854331.1,8784871.44,8372439.03,7872430.94,7463327.3,7120641.79
2020-12-25,6813569.94,6619313.88,6399763.93,6228615.34,6112086.61,6038331.15,5692556.93,5779150.51,6056347.32,6339136.44,6607968.44,6850720.44,7045821.96,7095214.74,7010467.22,6907508.64,6799081.84,6883939.84,7767373.79,7891002.72,7744762.77,7503759.84,7132466.06,6744289.74
2020-12-26,6643902.2,6333280.62,6202990.19,6133382.34,6149488.34,6172690.49,6230687.32,6679438.84,7219651.2,7629470.14,7957192.74,8204135.44,8268405.34,8199940.3,8151133.87,8083649.83,7905214.56,7916949.15,8798557.3,8870593.9,8659022.91,8294789.79,7785943.36,7285114.48
2020-12-27,7003967.2,6750763.77,6715757.34,6601746.27,6532537.68,6408359.44,6115714.93,6437399.72,7058377.6,7184766.37,7448024.42,7690391.35,7798314.1,7820243.35,7724230.81,7610285.41,7506648.86,7578327.89,8478553.33,8659435.56,8488716.94,8192822.99,7736145.18,7251597.89
2020-12-28,6861480.55,6603103.11,6412297.24,6344268.41,6389632.03,6606915.08,6749567.15,7396406.5,8003460.08,8378124.73,8698821.25,8946176.84,9036143.72,9044981.07,9082334.33,9041233.56,8847661.26,8722070.35,9476874.2,9520468.07,9262620.76,8823030.18,8203851.14,7578898.68
2020-12-29,7133709.78,6831446.38,6654538.17,6575248.8,6640042.94,6836567.96,6958393.69,7509273.71,8073919.28,8412348.31,8756513.11,9024009.87,9020774.78,9025293.89,9110519.74,9071375.22,8845847.74,8657296.87,9402101.75,9456588.22,9216414.71,8773273.72,8163872.85,7550167.01
2020-12-30,7103879.22,6788567.42,6641819.7,6574538.26,6621075.45,6816768.74,6933122.28,7498019.45,8014394.18,8334620.53,8576198.34,8898644.11,8899247.27,8908269.34,8932596.56,8847581.53,8641561.15,8507091.58,9249024.69,9285129.54,9053230.73,8629685.52,8026056.85,7450362.53
2020-12-31,6984438.8,6665012.15,6441261.72,6344103.8,6366607.23,6457679.04,6448801.97,6868949.57,7347491.56,7655268.58,7884588.69,8013922.97,7965326.96,7846593.73,7737366.06,7622692.25,7525505.05,7579209.28,8464699.92,8508054.52,8142863.3,7658683.31,7254361.55,6907645.21
2021-01-01,6660644.31,6471287.14,6236858.57,6052481.54,5934499.93,5828792.96,5439029.54,5473983.6,5763666.07,6053222.87,6271195.23,6472194.69,6616056.73,6669620.13,6620370.33,6517506.91,6474365.58,6526204.59,7420495.88,7659657.73,7523854.12,7310670.8,6965195.16,6666247.91
2021-01-02,6347485.67,6076775.3,5928709.24,5848874.08,5842000.69,5862457.64,5791291.74,6144260.18,6604882.32,6937442.4,7234805.93,7486209.03,7604296.81,7598754.4,7520132.26,7448306.0,7359629.65,7392737.64,8251196.09,8438304.86,8245148.06,7924709.27,7461506.72,7028138.44
2021-01-03,6664394.29,6360901.55,6216714.65,6125111.39,6096100.24,6091414.73,5886822.4,6068663.63,6415789.8,6735827.33,7015442.74,7256288.48,7400838.18,7398958.17,7336197.64,7267068.86,7133780.14,7201605.06,8138566.26,8386635.21,8264476.95,7984895.11,7565844.08,7092822.03
2021-01-04,6695350.68,6451412.41,6288683.24,6210814.16,6301142.89,6482827.36,6622683.19,7166146.62,7745746.7,8097702.73,8429975.89,8761018.29,8826362.95,8849071.72,8913831.61,8873658.34,8676071.77,8453910.32,9174866.18,9341949.12,9131578.9,8708343.27,8056390.53,7457780.57
2021-01-05,7006973.08,6724642.49,6556142.79,6462262.02,6524463.18,6699994.83,6845974.95,7375060.04,7901024.93,8266317.82,8605669.82,8919884.34,8951523.59,8979862.91,9033130.12,8996524.38,8796812.99,8605239.71,9322228.65,9444722.97,9196742.17,8770957.76,8124281.63,7497610.15
2021-01-06,7068358.27,6828010.93,6668477.92,6564299.95,6615762.38,6786364.97,6937149.34,7477762.48,7996553.76,8323405.4,8670196.94,8986586.42,9026247.06,9059217.83,9120620.49,9069447.22,8894635.05,8700937.08,9355251.19,9503752.45,9271446.51,8817378.75,8199304.5,7611533.06
2021-01-07,7170806.77,6902783.58,6704201.69,6632195.69,6695145.83,6885031.71,7018859.42,7564931.27,8116473.75,8436836.79,8796488.82,9074522.67,9101186.81,9109099.67,9153131.29,9105145.84,8933461.04,8690047.86,9366602.04,9509369.01,9278325.41,8846984.83,8278734.31,7686004.24
2021-01-08,7231090.56,6968333.0,6792759.99,6707095.2,6762623.35,6944681.46,7060408.51,7486391.21,7975559.46,8258619.48,8590972.36,8921583.18,8948048.88,8919585.79,8957540.21,8869425.17,8656979.35,8511362.43,9172977.21,9285478.76,9025792.23,8658034.21,8120993.66,7562532.07
2021-01-09,7134936.64,6848808.74,6694976.18,6581616.76,6623169.74,6702617.69,6717725.88,7062645.13,7508540.28,7865747.69,8183893.96,8417394.62,8477818.56,8396599.77,8232244.27,8125301.07,7937373.13,7928106.93,8746959.59,8883327.31,8602065.17,8195209.92,7709910.55,7262731.79
2021-01-10,6899526.6,6607495.26,6450800.88,6330836.96,6286520.97,6284222.09,6046016.82,6254693.61,6612186.65,6930138.47,7184129.62,7450581.64,7622271.92,7655447.74,7554840.81,7456396.89,7338577.72,7329285.62,8199115.1,8465069.61,8326271.21,8049075.5,7662687.12,7205744.58
2021-01-11,6860780.39,6594480.26,6415570.67,6293691.93,6319448.84,6355517.08,6224572.2,6380867.1,6757635.8,7108027.65,7380623.81,7695663.86,7864790.12,7921405.73,7800008.39,7727664.19,7611847.92,7614197.55,8487582.52,8807472.85,8592869.17,8236731.31,7785927.76,7276995.02
2021-01-12,6923379.28,6691685.93,6526311.78,6457633.93,6535942.34,6774211.9,6934162.88,7547361.94,8085215.77,8389849.52,8734341.83,9026078.74,9062744.38,9111485.78,9201808.24,9205125.78,9014396.69,8734748.2,9353502.3,9550364.74,9329070.04,8939180.12,8328673.18,7639616.54
2021-01-13,7184034.91,6921422.95,6750208.82,6669011.74,6737113.03,6949003.76,7139321.85,7714983.39,8279807.37,8600278.94,8963933.15,9254818.87,9268054.98,9297133.17,9369841.97,9343452.04,9113998.16,8831572.26,9473232.86,9642385.62,9402658.79,9014166.22,8401887.11,7717605.07
2021-01-14,7242219.47,6979392.43,6780172.98,6687365.62,6755002.88,6983382.23,7138071.49,7752690.41,8319039.99,8688104.06,9046622.77,9322667.18,9361867.79,9371696.08,9485731.11,9440778.47,9221151.86,8927666.14,9540773.52,9701653.61,9494481.5,9090737.28,8430835.55,7762789.94
2021-01-15,7304107.96,7091046.97,6926249.17,6848280.57,6891064.72,7107709.36,7298513.73,7868222.72,8417210.24,8704930.27,9068830.81,9354436.87,9363695.78,9385345.85,9450802.69,9393333.12,9165443.88,8856923.67,9424309.25,9607633.5,9401006.91,9030983.31,8479110.94,7875005.89
2021-01-16,7421616.63,7129039.69,6945001.87,6842426.72,6870668.52,6944273.43,6949936.37,7333017.61,7865747.51,8264412.42,8590082.69,8864936.78,8896776.32,8834186.38,8731129.04,8605131.95,8456752.75,8334804.08,9040491.35,9260515.63,8959481.18,8523461.73,8022393.45,7536512.83
2021-01-17,7118368.23,6837446.77,6623632.97,6468349.53,6370709.44,6292559.61,6033244.64,6219834.79,6593152.27,6972619.72,7268847.95,7572672.91,7805734.83,7799428.29,7678340.54,7604434.22,7484849.27,7481300.69,8307047.05,8705767.2,8584532.9,8326207.63,7922758.59,7421851.15
2021-01-18,7003622.0,6729976.67,6579820.63,6505191.6,6589004.64,6834406.96,7104021.27,7742396.34,8353236.01,8713234.61,9069373.31,9372160.52,9398512.94,9408833.53,9508285.65,9445503.16,9225837.85,8875373.76,9458746.66,9699427.75,9488069.15,9079381.49,8452809.42,7791110.94
2021-01-19,7323155.7,7063745.81,6880278.07,6805967.97,6871575.02,7108275.2,7281360.91,7854284.06,8378266.69,8696730.21,9053087.45,9380902.2,9396132.86,9386586.36,9508718.62,9514401.87,9321719.24,8967880.26,9512089.1,9749160.69,9541085.28,9111435.69,8510552.26,7822046.05
2021-01-20,7358615.59,7079485.64,6909889.76,6814515.51,6894340.39,7087922.85,7301593.4,7868938.84,8422489.04,8772147.96,9056404.31,9372186.24,9390281.14,9428752.36,9475244.19,9409268.74,9248117.4,8933133.69,9507084.85,9727480.63,9531428.47,9122930.77,8511054.08,7859024.92
2021-01-21,7384666.69,7123912.59,6945477.39,6871070.12,6951011.52,7173906.97,7359140.23,7910974.08,8483237.69,8831583.64,9152134.58,9444057.13,9451303.99,9467497.09,9582195.8,9561337.54,9298532.31,8920064.78,9499782.66,9713215.93,9520847.32,9103786.77,8488556.06,7835415.7
2021-01-22,7365409.7,7100381.44,6918372.43,6840891.98,6925869.17,7175259.68,7385169.18,7971100.41,8536706.39,8825050.93,9197543.95,9535723.5,9534164.6,9519367.72,9591810.88,9529487.9,9309738.71,8991403.03,9564840.16,9673033.51,9423728.81,9013523.25,8468161.04,7866440.93
2021-01-23,7433749.69,7128972.46,6965717.56,6860475.99,6953874.39,7058573.17,7085013.47,7519079.33,8026701.69,8382408.9,8689500.41,8875572.29,8953096.52,8864545.3,8688270.11,8555168.45,8386088.98,8280389.5,8988369.66,9268442.32,8923750.23,8452983.45,7959879.17,7463423.39
2021-01-24,7073423.08,6768168.66,6594995.01,6465874.59,6415699.59,6377380.44,6158653.42,6354993.9,6748872.54,7087089.57,7415291.17,7721866.67,7895116.91,7894032.0,7764950.26,7650127.99,7539863.65,7511269.45,8304610.59,8720584.5,8581659.66,8292657.38,7872736.72,7386501.52
2021-01-25,7038644.08,6793201.27,6639371.94,6576519.03,6664802.94,6946137.75,7207249.86,7824468.5,8359460.27,8682564.72,9007795.96,9320941.8,9285385.21,9285565.79,9441023.88,9411589.33,9212841.65,8827355.76,9373681.28,9615785.37,9431695.46,9004606.48,8394032.69,7747841.34
2021-01-26,7299437.44,7024812.0,6850442.61,6751245.42,6823746.0,7074235.85,7332794.18,7920999.81,8455974.63,8730340.49,9084444.75,9366658.14,9364187.05,9410416.93,9515517.57,9475013.79,9274949.28,8904915.13,9467703.41,9748444.08,9533416.0,9110987.58,8478513.95,7838274.35
2021-01-27,7348768.68,7081056.45,6913490.32,6830409.52,6906255.86,7143132.7,7373686.27,7938602.86,8473835.56,8807086.0,9147969.78,9471660.19,9434976.41,9443217.33,9588401.99,9599319.91,9396471.72,9031652.6,9501078.08,9810643.01,9584900.94,9151924.25,8544377.29,7920785.59
2021-01-28,7432426.46,7130585.39,6942648.88,6840647.29,6926030.84,7176674.23,7410224.64,7971875.62,8498309.27,8817783.5,9144570.06,9472112.73,9455128.23,9463884.6,9583107.03,9557204.37,9340078.62,9019181.94,9558970.68,9771451.71,9549722.37,9152765.34,8533349.84,7880611.97
2021-01-29,7377068.94,7095900.8,6910608.99,6833409.43,6914514.63,7156469.72,7399629.93,7977625.56,8507248.8,8816538.5,9116441.15,9394255.28,9401796.46,9394805.5,9532959.84,9486964.85,9276814.42,8934022.42,9431171.81,9709896.62,9495723.86,9106134.3,8511828.78,7845468.72
2021-01-30,7384619.13,7080099.91,6875309.12,6787434.51,6805297.84,6939035.25,6997353.33,7431614.16,7962894.13,8330624.57,8682649.02,8956907.78,8927690.93,8825056.91,8677557.82,8599135.61,8305752.67,8254998.38,8900448.99,9275045.1,9049195.99,8568883.17,8057611.1,7526947.73
2021-01-31,7073479.44,6755538.63,6549898.91,6421982.22,6346104.27,6328383.48,6104234.85,6340809.53,6745517.95,7085621.47,7368586.07,7664334.08,7824072.02,7843982.61,7762421.75,7697595.89,7581390.99,7517835.05,8273003.46,8753773.71,8638096.2,8371457.11,7933991.3,7419377.58
2021-02-01,7022174.7,6807105.68,6639560.21,6553321.43,6664960.47,6957226.82,7255917.69,7852880.73,8425038.87,8745028.38,9100582.82,9406406.05,9420175.66,9440263.22,9547191.76,9528764.83,9311860.19,8949901.57,9490810.41,9837382.4,9656777.64,9231107.8,8589238.41,7908642.15
2021-02-02,7439017.86,7153568.66,6971793.26,6911128.51,7007953.61,7274675.91,7554724.41,8103643.14,8592584.39,8918533.41,9207685.97,9456064.41,9468332.9,9468666.21,9622931.13,9604088.68,9378934.49,8963302.66,9460918.46,9771800.96,9634401.71,9214182.56,8584769.1,7901033.25
2021-02-03,7422829.55,7163570.85,6984547.53,6936091.44,7021592.05,7296146.49,7562027.78,8129711.97,8643939.68,8936120.87,9262614.43,9609680.5,9556593.52,9579617.39,9727512.85,9662541.5,9472339.53,9094693.69,9625192.82,9918168.06,9709685.65,9275492.49,8654231.51,7982338.62
2021-02-04,7479328.17,7197716.29,7022125.32,6950753.61,6999705.27,7271031.54,7536796.78,8081303.11,8626116.56,8920417.83,9260970.48,9590564.38,9590518.6,9582519.01,9732247.99,9758611.68,9494482.64,9175214.51,9682767.97,10009752.04,9779944.98,9314957.17,8717294.37,8108700.71
2021-02-05,7623693.82,7354341.63,7168531.1,7102903.64,7182709.59,7446433.46,7740188.26,8257308.3,8749620.55,9068960.85,9406043.44,9688283.48,9642252.16,9656750.33,9738425.62,9726276.59,9494074.05,9160950.75,9646573.77,9908343.73,9642585.98,9287956.32,8760126.31,8168900.74
2021-02-06,7678788.54,7387610.27,7186326.31,7092090.65,7129381.93,7271907.43,7348563.39,7765068.14,8290745.17,8675620.01,8999383.85,9244119.59,9224642.72,9078728.21,8955933.78,8906524.24,8724496.87,8537677.96,9241615.58,9498688.5,9245335.96,8824612.39,8317797.96,7810285.08
2021-02-07,7373435.53,7064321.99,6845308.66,6680760.06,6658023.98,6614939.15,6380949.42,6631914.46,7027299.26,7334196.99,7619703.82,7876410.15,8051002.83,8039760.7,7936177.78,7806448.24,7687880.74,7618066.91,8404339.19,8878241.08,8831254.16,8580746.71,8150602.57,7636016.2
2021-02-08,7265664.39,6993238.37,6811462.57,6737929.61,6861604.02,7142562.78,7519615.85,8105101.87,8659352.65,8984728.13,9358411.73,9635248.47,9649284.18,9698193.54,9835513.71,9841426.19,9585205.52,9162671.42,9637988.46,9912503.38,9716561.18,9281245.31,8705954.81,8039226.53
2021-02-09,7584378.98,7308555.21,7114168.35,7019885.57,7120476.73,7391379.96,7697181.33,8222148.86,8724236.11,8983657.68,9315642.94,9618555.16,9585944.2,9620614.69,9787303.28,9718365.68,9540593.89,9164504.34,9656991.26,9947700.66,9713502.12,9286905.81,8690139.86,7990397.73
2021-02-10,7526631.78,7251993.45,7056696.82,6986271.84,7086931.1,7339073.82,7657311.11,8159967.33,8618083.73,8886384.22,9196419.82,9512441.88,9506533.9,9549679.99,9642140.11,9603344.28,9417023.71,9077612.9,9563717.53,9865061.62,9673089.43,9248753.94,8630605.36,7968282.59
2021-02-11,7512359.8,7243702.1,7062886.37,6990634.03,7073374.02,7353566.33,7638738.96,8152404.16,8643020.44,8958865.69,9271367.36,9557923.05,9540659.35,9563442.44,9700330.82,9668563.64,9451081.45,9132926.59,9637028.46,9983979.99,9778554.86,9364898.9,8784202.96,8106813.6
2021-02-12,7610446.25,7304936.26,7115342.94,7005816.77,7105049.14,7341536.63,7619916.32,8161444.91,8690970.39,8872176.27,9199555.69,9547448.62,9482219.42,9554174.28,9729679.48,9683717.41,9475785.42,9208521.97,9661015.68,9908256.47,9674828.99,9265201.27,8735615.77,8145589.32
2021-02-13,7684229.21,7379147.32,7205459.15,7092524.05,7112745.16,7210988.25,7306831.78,7705501.03,8286095.47,8617042.14,8956646.66,9175373.89,9159609.56,9027270.41,8914798.96,8807443.35,8612498.62,8481766.61,9100165.4,9388818.39,9141705.07,8709785.13,8205762.78,7723225.91
2021-02-14,7268358.41,6997740.04,6795244.08,6665271.84,6647768.96,6604724.38,6408195.08,6604714.72,6966379.44,7296501.02,7594092.38,7842437.18,7996364.66,7956563.94,7870644.24,7720320.25,7618029.59,7507308.97,8322697.96,8766682.31,8669388.98,8396606.53,7975484.39,7471677.55
2021-02-15,7125942.72,6883528.31,6723431.29,6630317.09,6736097.51,7051620.07,7412370.09,7940327.13,8460214.88,8733657.46,9049791.86,9381554.85,9482401.02,9506602.48,9606116.2,9554256.51,9321489.14,8984023.83,9531126.55,9859033.05,9673531.09,9239754.51,8628302.53,7953590.86
2021-02-16,7521018.76,7211806.74,7021868.81,6948187.46,7035698.65,7281596.7,7589652.48,8106824.38,8569699.28,8860198.22,9218641.86,9506673.95,9459101.46,9535474.3,9672498.99,9615027.29,9367815.92,9032392.11,9566913.69,9832894.34,9649998.44,9221636.02,8604123.26,7918395.29
2021-02-17,7446328.91,7130171.54,6958208.81,6850884.28,6947872.33,7233653.03,7564679.24,8048680.09,8509264.43,8787430.88,9109104.67,9387843.45,9397692.52,9450400.3,9573498.52,9574013.06,9368949.93,9057481.64,9579996.28,9845544.44,9652889.12,9223742.83,8633887.52,7947949.0
2021-02-18,7495611.55,7218802.57,7005602.28,6914929.21,7003332.29,7290970.7,7593025.97,8099035.68,8609938.68,8910849.02,9237310.51,9559669.94,9561944.04,9566476.71,9694893.6,9697162.57,9544604.53,9259909.3,9725147.74,9954022.12,9690128.73,9284646.5,8682431.49,8000387.13
2021-02-19,7512765.0,7228909.47,7071211.13,6997687.25,7092401.22,7348403.08,7642095.33,8162836.84,8660689.34,8969328.58,9256806.82,9524991.4,9530462.25,9529782.2,9569766.19,9572272.12,9395079.44,9036206.0,9507933.58,9837604.22,9619553.32,9202915.49,8702282.97,8081312.13
2021-02-20,7626792.98,7326234.78,7162718.74,7050503.6,7059055.39,7202427.57,7279181.01,7747204.15,8210210.35,8552066.68,8935756.91,9183619.72,9156914.46,9027823.72,8927820.48,8791894.61,8635043.88,8497568.85,9122685.77,9456935.12,9187001.3,8755811.72,8251973.43,7738218.84
2021-02-21,7324400.02,7025633.57,6798407.03,6648391.02,6603647.89,6577067.46,6384361.22,6585828.07,6934803.65,7285144.54,7580267.36,7863620.24,8007263.16,7971499.73,7858146.24,7745291.68,7624913.17,7601961.62,8342335.7,8775936.97,8700389.76,8449240.8,7985639.74,7505404.32
2021-02-22,7156740.38,6890931.95,6731332.55,6654185.2,6758491.71,7082362.67,7444979.67,7973761.99,8520760.11,8848572.23,9195756.46,9506393.21,9513788.63,9453286.47,9606567.28,9545970.36,9362207.22,9019703.96,9478249.95,9742706.09,9539172.29,9127498.86,8582738.2,7916956.73
2021-02-23,7472407.84,7214865.65,7046539.36,6944500.99,7058271.68,7341947.36,7628698.21,8194754.36,8685344.92,8975274.74,9320350.13,9638678.97,9588513.84,9609789.91,9695294.67,9683370.89,9466328.61,9163090.11,9662849.0,9999716.44,9777588.72,9340877.09,8733953.84,8075515.05
2021-02-24,7611803.4,7323639.76,7149686.01,7059276.35,7159014.9,7453651.7,7749542.62,8255233.84,8728991.22,9043166.35,9367898.62,9634494.58,9644175.83,9672252.66,9792845.67,9798058.49,9626550.95,9278867.03,9788586.77,10042511.28,9823262.49,9422012.14,8786970.03,8143261.12
2021-02-25,7659010.7,7404918.76,7262006.38,7178641.02,7279621.45,7569498.75,7832613.09,8344933.48,8853002.91,9188064.35,9572151.87,9916985.7,9771543.98,9708840.85,9821877.99,9745231.57,9532100.87,9249465.31,9700042.93,10022819.7,9773487.94,9341775.3,8817142.77,8156569.48
2021-02-26,7684655.14,7401271.2,7233147.29,7134483.4,7258769.08,7549655.22,7794553.45,8364992.26,8827973.26,9138248.12,9489479.75,9740869.48,9742266.36,9749176.63,9892423.98,9794999.32,9561187.62,9240170.94,9733869.94,9940359.51,9683449.48,9280834.95,8773570.88,8179203.84
2021-02-27,7678710.61,7382653.35,7200191.78,7051292.42,7091947.7,7243610.29,7296671.53,7710978.76,8227804.74,8578878.9,8921594.06,9090638.76,9081890.95,8985511.82,8839444.95,8752959.3,8592476.22,8492626.11,9127651.54,9358249.0,9117094.42,8691904.81,8193358.59,7691632.79
2021-02-28,7308090.23,7037391.84,6847502.56,6694425.34,6639747.58,6625517.55,6414924.47,6673957.55,7025244.85,7316378.93,7547181.25,7776093.6,7878587.07,7829551.79,7709754.9,7540145.91,7444045.49,7445858.07,8228648.54,8620729.07,8510016.8,8305412.79,7909800.33,7404246.04
2021-03-01,7052228.27,6817619.6,6669541.61,6622252.8,6660767.12,7029023.41,7339315.35,7920055.65,8433491.49,8723359.05,9009302.79,9305769.63,9343829.37,9352846.05,9472089.72,9461481.35,9265967.27,8968279.19,9450436.64,9682389.36,9412963.19,9020779.38,8412327.98,7709950.69
2021-03-02,7316393.95,7060087.83,6888083.69,6829536.9,6949745.09,7261221.5,7516275.33,8032028.69,8511721.27,8769915.21,9067691.89,9291157.79,9304309.24,9281781.63,9447417.58,9386683.01,9195090.09,8914384.36,9440216.87,9719580.0,9489674.78,9044368.07,8387807.63,7670439.73
2021-03-03,7270170.38,7015600.35,6889785.44,6821669.63,6925969.34,7206253.81,7507226.57,8021593.16,8477137.38,8708076.8,8990851.25,9282866.33,9241453.39,9306666.32,9373332.56,9396996.01,9206577.38,8917135.29,9478423.42,9750984.29,9577023.19,9148091.14,8550952.11,7920355.35
2021-03-04,7433185.79,7173447.49,6963775.44,6909769.91,7023002.28,7322135.39,7586235.78,8121521.46,8591833.58,8859461.07,9205172.35,9503653.61,9513121.77,9533955.5,9659951.31,9615304.87,9416454.39,9127679.36,9558736.89,9836607.2,9626900.55,9187811.02,8608071.55,7946523.25
2021-03-05,7472575.08,7218953.5,6999551.13,6972502.2,7109009.94,7424168.37,7662191.5,8191115.35,8904995.73,8746672.52,9258964.46,9503637.53,9469221.89,9510006.58,9635590.98,9597182.26,9400107.79,9138565.73,9621183.79,9866563.67,9609614.94,9190300.56,8726908.41,8152258.35
2021-03-06,7645507.46,7330041.85,7121954.72,7032713.97,7088135.09,7244391.63,7295900.79,7745336.86,8293898.67,8671668.42,8981495.87,9226794.45,9194111.45,9027256.09,8807130.76,8797950.33,8684297.64,8537795.73,9145550.67,9458329.96,9186334.01,8772136.6,8252582.75,7768832.66
2021-03-07,7374971.14,7099176.93,6869447.54,6738898.29,6658456.57,6611209.09,6409475.07,6561659.35,6961437.42,7317779.01,7598323.26,7877898.51,7973719.46,7986290.18,7885492.85,7748444.58,7627072.81,7643140.62,8425446.63,8816799.17,8733784.94,8460368.68,8073650.93,7579481.52
2021-03-08,7218640.22,6987381.14,6823493.97,6776741.37,6877287.31,7174966.73,7520765.66,8036825.54,8538076.46,8841538.37,9163975.62,9397790.3,9296455.04,9355030.75,9436512.93,9387808.91,9178704.71,8891137.4,9473442.14,9733721.04,9510321.1,9104595.07,8549113.14,7893832.93
2021-03-09,7365722.02,7131884.42,6964695.99,6876412.87,6983500.43,7309985.38,7623058.53,8145499.24,8607637.38,8901497.84,9179486.88,9465214.17,9470554.25,9489976.53,9620236.4,9557742.97,9382443.02,9124563.62,9591764.53,9865717.17,9628502.68,9207221.83,8630886.08,7988840.2
2021-03-10,7530200.19,7264969.36,7077235.72,6968616.25,7104011.85,7407441.82,7709031.28,8223509.02,8724961.93,9004139.08,9281541.18,9541259.8,9505013.41,9499600.42,9585425.04,9555975.69,9396268.99,9083852.2,9552256.0,9832724.36,9557147.08,9103419.0,8520622.43,7901270.69
2021-03-11,7456279.94,7244573.12,7067753.82,7005331.56,7141056.65,7414927.78,7657677.56,8195482.22,8684440.7,8964533.58,9223127.87,9499243.67,9477311.01,9501190.15,9567629.48,9523965.04,9389304.23,9129415.77,9606049.39,9867823.16,9620447.63,9137991.26,8541977.09,7932663.09
2021-03-12,7499712.16,7224629.66,7010399.74,6963962.01,7077307.78,7364455.89,7649377.68,8165428.02,8605301.01,8898098.68,9196182.58,9504088.86,9460008.29,9484139.9,9549533.23,9528552.15,9315840.57,9050127.59,9555614.19,9776579.7,9545043.08,9129471.77,8589252.37,7985955.03
2021-03-13,7528226.96,7273092.24,7081927.45,7002203.66,7010691.48,7131036.44,7212922.67,7715290.05,8254858.22,8588416.83,8894136.2,9102877.45,9052532.87,8951314.63,8826155.06,8737125.44,8589863.43,8472253.09,9116289.15,9339063.08,9081654.47,8610734.5,8032819.24,7567025.94
2021-03-14,7180714.84,6902342.32,6694634.16,6556589.64,6490244.56,6368266.03,6174685.59,6424381.24,6806218.51,7175750.38,7473297.96,7735233.94,7896653.34,7880588.76,7729542.41,7663243.4,7560372.37,7567581.37,8301221.28,8771871.7,8664942.48,8355662.42,7972220.61,7466797.16
2021-03-15,7126510.88,6895766.34,6722433.61,6646318.08,6792720.7,7108633.36,7425342.43,7987236.88,8542526.12,8765703.22,9129007.22,9389955.15,9397195.06,9450741.62,9471667.64,9452866.48,9330969.63,9075366.63,9547654.13,9819539.85,9592300.09,9108745.7,8478084.0,7862523.45
2021-03-16,7424043.67,7168316.02,6973521.88,6900970.48,7005972.9,7317195.33,7607854.05,8106808.63,8599885.62,8838454.8,9141239.8,9381971.08,9311388.15,9325463.18,9457462.98,9307523.92,9108857.71,8861390.44,9455691.31,9731877.89,9542563.87,9103189.6,8509375.18,7871710.72
2021-03-17,7397285.91,7153855.17,6983025.55,6921374.01,7013047.21,7290581.96,7600180.68,8112698.32,8574462.09,8867224.24,9101086.73,9405543.07,9449550.89,9466889.37,9598473.82,9562135.04,9401354.73,9138750.41,9662765.0,9910392.36,9674583.27,9211354.5,8586874.83,7926574.66
2021-03-18,7475384.08,7162751.56,7004567.24,6950709.44,7060823.28,7353572.45,7632912.04,8151134.95,8635259.0,8924473.25,9224229.86,9521740.13,9495421.14,9440364.92,9514921.94,9482868.2,9304021.94,9083549.01,9608302.8,9840596.27,9593382.74,9150508.35,8531589.49,7904659.46
2021-03-19,7457382.8,7229352.69,7053999.34,6965757.5,7089324.79,7395748.77,7674434.41,8238102.82,8704621.89,8984101.56,9330206.38,9657147.37,9617068.63,9578681.2,9663580.57,9474447.24,9347649.66,9079008.94,9598482.16,9799841.84,9561802.93,9131047.0,8622035.55,8050170.73
2021-03-20,7572120.74,7254111.44,7097498.99,7000523.69,7013029.66,7128993.86,7218012.89,7728503.77,8268954.02,8604298.89,8902500.27,9139097.82,9132569.42,9024881.07,8835741.46,8727183.33,8572300.28,8475095.57,9142683.0,9389331.53,9122333.45,8668226.7,8153608.36,7692623.08
2021-03-21,7250512.34,6953640.16,6733521.83,6574183.31,6577956.67,6571037.42,6363869.7,6677697.99,7071958.83,7439924.38,7754887.62,8010559.83,8122636.51,8083561.43,7978082.38,7905915.63,7804792.47,7754255.2,8475475.96,8784743.85,8658859.83,8390260.2,8014278.03,7529409.13
2021-03-22,7166844.8,6894489.18,6702060.53,6581798.88,6567356.59,6541320.97,6430644.59,6715911.45,7142169.51,7491046.72,7836785.64,8107710.35,8240766.83,8183655.69,8014556.93,7914552.12,7816649.82,7813526.1,8551785.51,8914743.67,8731137.48,8395359.58,7942622.71,7423012.88
2021-03-23,7058854.15,6819114.54,6681280.24,6649064.36,6790338.89,7092645.68,7417816.04,8021909.36,8458725.72,8715483.16,9029474.09,9292164.75,9317902.31,9379788.25,9512501.7,9472482.62,9330571.47,9069369.73,9628943.66,9866445.96,9602973.34,9186155.98,8611860.87,7960525.72
2021-03-24,7459987.72,7169458.3,6978418.15,6953950.6,7071867.45,7359164.43,7659034.27,8176829.36,8683454.28,8964171.7,9228828.5,9544305.42,9518438.77,9545603.08,9658331.74,9632842.72,9410570.85,9126132.82,9667698.26,9889319.21,9666442.8,9211048.72,8585346.6,7971608.61
2021-03-25,7522456.78,7234560.58,7060982.59,7008394.98,7131720.43,7358036.09,7659722.21,8177845.0,8706571.73,8993868.37,9364675.97,9602177.65,9605422.53,9620572.71,9784593.83,9731402.15,9528165.13,9212176.92,9732561.42,10003188.8,9817662.43,9385988.99,8772158.68,8106270.46
2021-03-26,7594957.43,7309985.87,7122196.64,7030067.57,7109611.25,7404517.45,7661886.58,8259425.91,8763128.91,9077643.82,9291885.54,9456454.84,9508491.98,9560398.57,9667892.8,9640029.04,9402194.46,9174634.33,9687920.96,9858985.59,9630948.22,9218047.33,8716263.32,8067608.91
2021-03-27,7560379.95,7264265.24,7100069.07,7024515.35,7101869.15,7223104.65,7301345.42,7836026.39,8396907.87,8718596.03,9008066.68,9196552.22,9216164.87,9076139.29,8986505.24,8879017.29,8686815.75,8577205.19,9238680.56,9488419.73,9220260.78,8782124.42,8233242.59,7750069.86
2021-03-28,7303252.09,7003138.78,6791098.32,6643975.02,6646604.3,6574414.9,6417865.4,6784472.15,7220174.81,7567373.27,7819846.41,8085167.76,8192006.18,8139186.16,8059492.06,7927644.35,7795317.02,7745410.19,8507844.74,8915232.15,8811890.31,8526270.87,8132645.32,7621379.94
2021-03-29,7218090.65,6996830.11,6850281.64,6800755.19,6908246.23,7140731.25,7365773.56,8053366.12,8660027.38,9018470.36,9364427.01,9679517.35,9668096.8,9622021.62,9659352.9,9620322.04,9430622.61,9197877.12,9689439.41,9974322.81,9766592.19,9370947.07,8774142.88,8117671.04
2021-03-30,7677098.04,7394083.89,7216948.0,7128188.2,7214843.14,7418607.29,7589463.24,8176289.69,8764787.79,9103811.09,9451941.99,9691513.47,9698837.02,9743022.99,9820590.99,9757342.33,9534757.28,9273722.37,9759777.53,10005274.55,9806126.41,9430044.1,8869485.74,8221502.72
2021-03-31,7747790.94,7451782.68,7278986.16,7161878.93,7217642.44,7409494.86,7542628.67,8138117.95,8684097.25,8966984.32,9217721.49,9475244.42,9473486.36,9444557.92,9441479.93,9336097.02,9066044.21,8804002.21,9401471.89,9651273.51,9441777.78,9097622.59,8588209.92,7969379.72
2021-04-01,7441902.91,7103797.95,6917765.37,6796473.7,6723952.09,6666205.4,6475824.48,6803389.06,7179375.25,7487049.61,7737429.54,7957341.91,8061785.71,8048759.82,7939750.97,7825246.21,7667356.45,7629766.85,8374825.78,8654684.3,8503006.49,8203734.98,7799644.54,7352074.04
2021-04-02,6912575.66,6607886.79,6400764.11,6275188.17,6221716.45,6176057.91,5987356.5,6220534.24,6575111.78,6885028.89,7125360.45,7349877.35,7531098.03,7481834.76,7376241.67,7248718.34,7112930.48,7143771.31,7866834.25,8183442.36,8101301.71,7841679.91,7424868.38,7032913.76
2021-04-03,6675059.02,6391247.66,6256318.22,6158896.97,6147131.63,6261001.48,6283223.95,6755466.3,7249483.96,7622992.19,7929024.97,8161068.17,8227864.71,8178375.83,8109828.94,8013628.16,7831742.21,7782676.31,8509537.43,8753233.31,8565483.65,8250972.07,7786329.38,7361185.78
2021-04-04,6979745.14,6689762.24,6477654.45,6319598.49,6272943.2,6269812.72,6113019.54,6429256.88,6836360.04,7197119.0,7483494.58,7755868.37,7895196.73,7908403.96,7848383.33,7730160.17,7588224.59,7513860.39,8328130.52,8718356.29,8550029.75,8266655.37,7886580.64,7436495.72
2021-04-05,7093000.96,6909674.43,6747961.25,6690226.23,6816443.89,7125820.13,7424078.01,8042692.4,8594208.32,8908123.19,9214895.22,9559449.04,9617054.98,9618993.97,9639097.14,9551710.11,9388190.32,9085067.97,9601243.0,9818773.81,9551857.63,9135921.71,8550703.89,7957211.14
2021-04-06,7480413.26,7223892.15,7066581.67,7002866.51,7105253.91,7347122.1,7635218.46,8221025.68,8679744.09,8946535.32,9234281.24,9511091.81,9457140.17,9490093.63,9584509.58,9529671.86,9318616.44,9058848.09,9583499.96,9899902.44,9744703.24,9225989.76,8613015.41,7965794.94
2021-04-07,7476366.45,7214822.04,7058066.88,7005886.75,7121284.83,7344841.32,7662882.52,8237206.78,8665396.65,8847101.03,9128171.44,9377404.04,9311082.28,9276589.07,9395481.17,9361390.64,9208076.27,8954875.7,9607689.59,9847664.53,9597406.59,9131072.35,8518621.36,7915425.25
2021-04-08,7484782.18,7202148.96,7044391.56,6983796.63,7081166.03,7322830.74,7629101.09,8261679.3,8747208.89,9042962.22,9404084.86,9683765.43,9671238.3,9706456.09,9810632.39,9725274.79,9498633.89,9170522.16,9734507.98,9918959.13,9707855.17,9329631.65,8765841.53,8069469.82
2021-04-09,7581332.76,7267618.39,7125276.44,7052836.06,7124963.42,7369195.41,7643898.96,8181756.5,8654144.44,8894530.42,9166365.01,9449183.04,9401193.39,9315813.64,9371681.5,9306054.71,9131981.77,8975244.49,9584517.81,9777795.35,9582350.0,9127041.84,8542345.42,7982507.72
2021-04-10,7544947.99,7262205.93,7072280.18,6995050.61,7023320.28,7066218.36,7118617.59,7607869.04,8162490.03,8537130.28,8874259.87,9107919.12,9145817.06,9074750.64,8855106.25,8710337.54,8549644.38,8451471.61,9152251.09,9378542.67,9112944.21,8697874.99,8186804.47,7671760.56
2021-04-11,7286421.43,7021710.68,6818778.47,6680027.81,6597578.79,6480765.44,6274447.1,6566103.13,6965521.78,7351579.71,7679896.41,7970132.46,8210773.82,8234712.95,8133039.61,8054904.3,7939591.18,7904027.93,8716121.38,9098478.98,8976701.75,8694831.56,8261230.77,7738793.57
2021-04-12,7234727.82,6969991.42,6791174.02,6741787.25,6833023.7,7073854.33,7395673.55,8053475.84,8583370.46,8923912.88,9235979.01,9521554.95,9537190.84,9554689.5,9648646.24,9579059.82,9283262.4,8982081.51,9623684.06,9890050.24,9686284.96,9233155.98,8620039.86,7969881.38
2021-04-13,7563808.27,7294847.55,7111207.83,7054931.95,7199413.9,7381575.75,7660914.74,8307933.27,8832530.0,9184301.81,9538538.48,9700453.44,9699689.07,9769479.11,9754151.38,9638852.39,9409339.19,9002305.51,9736863.97,10027230.94,9847807.75,9393020.37,8766343.9,8084754.23
2021-04-14,7577379.24,7320896.17,7124626.22,7037087.71,7150460.82,7403039.73,7691517.45,8253144.19,8725497.45,9026468.57,9342089.38,9627710.42,9624318.99,9623744.75,9763630.56,9699161.1,9456894.5,9149940.9,9743337.67,9975160.15,9746080.67,9322701.04,8693232.89,8037757.9
2021-04-15,7561900.2,7273654.72,7119251.5,7060385.3,7179347.74,7424208.01,7670891.7,8312224.59,8836347.3,9118787.42,9412693.3,9692538.74,9661330.0,9630395.23,9635228.81,9624993.25,9443277.63,9169166.5,9752990.29,9924846.7,9762579.13,9341714.67,8727123.42,8151521.72
2021-04-16,7696027.23,7418356.74,7142356.98,7041236.96,7126566.58,7321871.66,7525371.99,8116844.25,8631344.4,8971405.85,9274796.41,9605472.13,9629475.78,9589852.68,9581287.35,9500555.9,9239893.19,8997729.19,9595513.47,9865494.79,9625055.0,9203636.02,8678379.66,8095127.72
2021-04-17,7648715.42,7359614.47,7175988.94,7084369.69,7122786.01,7153298.28,7281183.23,7742393.47,8295849.81,8630685.16,8946736.32,9223013.47,9194782.72,9167488.61,9009456.45,8885585.13,8728151.99,8688480.3,9350569.42,9594516.96,9354145.09,8915958.11,8365529.38,7786491.69
2021-04-18,7456155.87,7166346.14,6937079.52,6747531.65,6692802.18,6542209.24,6347521.89,6618281.73,6986866.08,7358136.21,7648992.48,7835362.03,7946652.94,7909227.26,7769901.9,7682244.94,7595469.48,7637849.99,8538449.2,8849906.03,8694747.66,8420319.08,7979503.97,7503270.03
2021-04-19,7116629.05,6956097.11,6787873.86,6750397.1,6893050.49,7139151.91,7487187.99,8128590.47,8652045.08,9032225.02,9402815.18,9723101.21,9741327.52,9745976.41,9853554.22,9821452.29,9654472.98,9291614.37,9850470.38,10102294.4,9925115.44,9448771.17,8840571.94,8163438.09
2021-04-20,7688685.87,7423775.51,7260925.59,7175077.58,7266239.12,7445940.29,7754340.48,8409480.4,8910011.22,9290870.94,9625303.05,9907470.98,9889778.4,9952294.03,10025461.93,9978432.19,9765119.38,9448914.49,9935825.32,10095938.13,9913955.7,9466695.31,8842303.99,8221739.7
2021-04-21,7742072.98,7494415.67,7314128.38,7212693.91,7312873.84,7479403.36,7774989.95,8360108.45,8911682.45,9210836.78,9544729.28,9796091.76,9785821.17,9774965.25,9739522.06,9706928.21,9567365.22,9254862.0,9801123.14,10099141.07,9900275.41,9489220.74,8843756.26,8177224.62
2021-04-22,7718100.01,7457216.74,7287675.88,7199063.81,7306153.46,7449828.83,7786652.24,8413609.61,8891908.59,9227424.74,9590411.89,9843693.91,9861684.58,9929127.44,10036234.35,9992606.35,9704697.07,9389457.56,9869615.98,10112354.25,9864430.43,9458586.27,8864253.0,8250767.78
2021-04-23,7766797.76,7482035.94,7264566.07,7233877.59,7365018.97,7446729.78,7689454.0,8314949.55,8801835.98,9119727.68,9426054.93,9681016.03,9735502.64,9713468.41,9784604.48,9703625.86,9468903.23,9127877.8,9681239.36,9980487.99,9780840.23,9423182.3,8857681.32,8277698.23
2021-04-24,7799870.38,7495746.09,7303578.24,7226282.17,7310667.23,7304235.15,7391860.98,7912268.04,8392172.75,8723192.55,9037843.52,9283953.15,9310628.6,9237673.48,9115212.46,9010947.07,8838012.9,8690892.39,9342649.52,9608490.36,9325869.03,8913621.76,8446565.04,7935588.77
2021-04-25,7524193.43,7262451.87,7077442.25,6897334.64,6814642.47,6677406.68,6510789.43,6764983.37,7198669.35,7564280.47,7890698.7,8141797.96,8331857.0,8332503.84,8229967.41,8103104.35,7974980.06,7906497.86,8785019.43,9154099.04,8995388.26,8704269.78,8256268.85,7753856.47
2021-04-26,7425670.35,7200847.99,7069659.17,6992973.09,7095919.91,7304966.36,7620927.48,8313856.03,8863143.39,9150601.68,9489755.79,9809690.05,9799811.44,9804998.29,9849412.48,9787777.1,9530127.17,9179859.79,9747442.69,9886319.98,9697154.26,9312157.6,8699320.36,8078885.15
2021-04-27,7618464.81,7406945.1,7233992.48,7155256.8,7275880.63,7492851.11,7780332.3,8412594.67,8850830.23,9136221.47,9402085.63,9643424.06,9599366.75,9536312.1,9531463.38,9488096.8,9279707.76,9014307.83,9560923.84,9647283.36,9447406.25,8997685.24,8405549.33,7822932.63
2021-04-28,7372608.88,7120888.75,6974314.11,6924603.79,7030204.37,7191730.73,7476126.31,8070253.29,8492134.4,8719665.97,8952077.69,9184682.34,9179034.95,9119462.04,8961430.42,8831724.43,8612038.08,8447059.53,9089610.68,9267598.3,9037836.35,8618220.45,8015431.11,7447020.43
2021-04-29,7074318.45,6866869.69,6717110.17,6667874.62,6771401.04,6990112.8,7362779.36,7977192.98,8461593.54,8743050.13,9030199.77,9305730.18,9298110.6,9273887.92,9302749.34,9190967.89,8988295.85,8782996.59,9305305.6,9463336.7,9234531.01,8802699.56,8256218.79,7692743.07
2021-04-30,7283239.02,7030000.77,6884545.78,6794912.32,6888088.75,7025384.86,7232971.66,7811864.49,8250565.29,8467732.25,8770598.38,9068145.64,9052283.43,8869684.07,8781646.85,8695546.53,8491451.52,8302796.52,8912595.31,9151882.69,8944938.12,8565304.51,8016866.03,7429576.55
2021-05-01,6999065.6,6720208.18,6533073.67,6433721.91,6428946.46,6311509.51,6268268.04,6638793.15,7046125.26,7377140.4,7686624.94,7925087.25,8015324.66,8030878.15,7898588.45,7772972.46,7628132.03,7557882.81,8552793.32,8882052.51,8615402.4,8124271.14,7631366.63,7180538.28
2021-05-02,6789740.68,6542226.89,6363101.81,6229203.29,6130465.12,6009690.12,5859465.22,6184868.77,6580793.53,6926179.75,7193140.77,7487074.41,7693264.14,7761210.51,7672975.04,7542966.98,7413802.79,7465683.44,8214102.74,8342974.47,8286456.89,7966578.66,7521381.89,7021570.93
2021-05-03,6661290.74,6491825.49,6343197.74,6293566.03,6392528.01,6594234.67,6964937.17,7583116.46,8071995.22,8350857.66,8563187.7,8780134.79,8814806.6,8780314.31,8716313.18,8559075.12,8417251.57,8349416.19,8966713.43,9163751.17,8916694.12,8486174.96,7856054.82,7308421.15
2021-05-04,6877655.16,6604951.04,6512572.83,6443346.14,6569339.57,6728018.96,7036682.98,7644108.33,8094050.02,8370265.71,8590433.65,8827706.91,8817617.13,8826189.07,8864004.8,8804441.1,8599029.8,8344137.13,8913574.81,9178601.17,8938381.49,8507126.54,7883430.32,7305033.23
2021-05-05,6873829.29,6630611.84,6473893.85,6399870.33,6471235.32,6640994.11,6950435.98,7571091.14,8050567.88,8332794.06,8560066.77,8862579.44,8871606.7,8725767.73,8655928.08,8514105.78,8258379.78,8095439.69,8753897.33,9014462.46,8774459.62,8369909.31,7797558.12,7223829.68
2021-05-06,6798122.76,6534910.86,6374527.86,6330787.37,6442654.98,6594305.73,6965713.4,7585863.37,8084662.03,8412266.75,8680692.11,8974255.39,8993763.42,8943035.83,8962765.32,8815489.24,8511395.81,8248741.99,8902810.4,9076416.77,8784381.84,8348966.35,7826804.18,7227048.55
2021-05-07,6808430.45,6581402.48,6410157.13,6328145.37,6403584.73,6567318.46,6903502.45,7537970.17,8046367.81,8351722.44,8668400.31,8969200.57,9002486.37,8955219.14,8955040.05,8843647.27,8590990.84,8333116.37,8971609.64,9189789.93,8990750.59,8605343.8,8048534.03,7486089.54
2021-05-08,7007094.93,6707652.3,6538848.09,6443505.67,6477320.96,6510871.79,6645938.54,7183533.24,7775039.17,8119707.88,8414464.84,8674666.42,8708876.85,8594802.84,8402487.65,8234446.53,8044947.05,8001736.27,8708634.94,8819250.71,8604105.49,8245695.59,7768545.8,7307995.72
2021-05-09,6898700.56,6601974.14,6392983.42,6241558.19,6176185.54,6079059.63,5986544.59,6326993.56,6785231.79,7124676.53,7371302.64,7606993.53,7713177.56,7660591.46,7497726.73,7381083.64,7276509.28,7278492.26,8070052.57,8399577.93,8293590.52,8023969.73,7642352.04,7175504.16
2021-05-10,6802980.1,6578260.97,6392907.17,6358428.88,6459331.26,6626489.83,6973859.09,7628327.01,8179297.53,8461700.72,8755501.1,9020962.92,9079300.06,9041178.1,9016099.95,8868033.84,8734754.12,8566164.39,9164937.14,9401819.54,9171504.34,8756173.43,8122958.98,7510793.13
2021-05-11,7096582.16,6841703.97,6650032.69,6593237.61,6693576.66,6839003.98,7198843.3,7825264.8,8354016.16,8696874.87,9007998.54,9289109.98,9297505.63,9286732.94,9297945.24,9210626.46,9035236.8,8744696.24,9341253.18,9594000.61,9364744.7,8972942.11,8330216.05,7722483.43
2021-05-12,7235992.26,6950239.08,6779570.96,6729188.68,6794598.19,6913934.67,7255177.22,7853807.11,8379753.95,8710185.12,9001816.1,9278315.25,9226294.0,9196918.15,9167304.32,9103071.47,8860267.32,8632620.58,9310916.01,9571271.01,9373030.42,8946021.96,8368437.77,7727768.39
2021-05-13,7267682.57,6943952.65,6793624.68,6716153.9,6843776.35,6994254.57,7390088.64,8038278.17,8584502.17,8910498.34,9232420.51,9519779.94,9505427.36,9483345.59,9549964.04,9451567.3,9194844.56,8885056.57,9468168.88,9724879.84,9524931.33,9101997.01,8442772.27,7811123.3
2021-05-14,7359425.88,7106214.73,6930104.82,6863188.03,6959077.58,7074594.95,7398214.96,8072789.54,8635808.31,8960990.4,9257875.04,9588104.02,9624574.18,9576609.32,9618824.81,9577453.91,9308285.52,9001320.45,9586787.33,9814652.63,9605459.29,9205692.59,8665354.99,8071573.83
2021-05-15,7586151.24,7287200.75,7102637.09,6998559.19,7033585.96,7037014.97,7153502.38,7737233.95,8318240.11,8675930.28,8992332.32,9223625.6,9216323.84,9075158.46,8919267.71,8795150.57,8583152.41,8476401.74,9128141.06,9266186.46,9049719.14,8664956.5,8123477.68,7655459.44
2021-05-16,7272167.14,6981599.72,6777457.69,6639470.19,6555655.53,6407172.32,6294641.01,6648430.9,7076622.99,7423720.9,7684772.64,7919523.62,8101568.57,8057234.22,7938120.7,7821978.53,7680385.98,7596272.22,8364605.7,8704108.9,8573924.02,8282755.96,7861306.3,7392174.36
2021-05-17,7019333.52,6720090.04,6550169.62,6448098.77,6443851.02,6412005.93,6343283.08,6683142.73,7137344.02,7508854.07,7857555.28,8116605.91,8231402.23,8165744.49,8024069.76,7895218.65,7776466.55,7809647.95,8597350.97,8854307.38,8693466.94,8339629.05,7839277.38,7359238.69
2021-05-18,6962383.39,6743232.76,6579307.13,6492905.22,6570760.2,6744655.16,7130867.73,7761453.82,8244994.78,8496380.19,8733572.21,9121958.14,9089301.68,9105999.05,9128680.97,9063407.36,8870602.36,8627110.3,9241945.32,9525760.63,9302637.47,8860321.6,8190751.79,7555233.89
2021-05-19,7124197.78,6877036.25,6713399.41,6635785.57,6725959.74,6850031.08,7214044.54,7867992.05,8388912.8,8737744.28,9039138.47,9343111.3,9343868.08,9358816.58,9392458.12,9297632.66,9020050.92,8712626.04,9314377.29,9708054.5,9474984.06,9020428.06,8390534.73,7769377.49
2021-05-20,7327240.32,7058198.48,6894067.57,6816395.16,6925523.28,7065147.94,7433073.8,8085706.16,8594559.17,8952026.3,9274099.52,9572166.48,9586220.87,9611532.23,9639710.3,9553673.73,9305565.02,9036630.07,9641109.98,9945411.38,9701011.56,9305053.12,8662956.44,8031116.6
2021-05-21,7537211.2,7254926.96,7068433.31,6997778.27,7079057.54,7193746.64,7561589.98,8226612.0,8787351.57,9115760.56,9462953.17,9743448.27,9735008.83,9638522.28,9688743.02,9615881.18,9357983.01,9048598.42,9643281.15,9914506.0,9673374.39,9255543.28,8687154.79,8107710.89
2021-05-22,7665820.4,7368212.27,7141483.59,7038665.68,7075109.77,7103085.59,7251450.25,7820627.47,8399197.97,8763506.97,9046535.4,9238458.98,9238983.55,9030942.57,8959559.3,8830051.44,8625513.37,8515595.65,9220888.86,9477147.41,9235116.16,8819564.41,8319679.12,7845912.7
2021-05-23,7385029.73,7112957.09,6901276.34,6767759.86,6687047.94,6503650.29,6381431.27,6679112.41,7019590.05,7399028.02,7701764.79,7909267.28,8026227.68,8021679.29,7909241.23,7768587.51,7636692.25,7629815.61,8466995.6,8842248.86,8733418.04,8436549.58,7991445.51,7545306.31
2021-05-24,7177830.7,6917379.16,6766234.97,6694080.81,6798471.2,6966486.54,7368316.68,8046417.27,8648921.63,9022912.42,9353117.5,9601637.69,9635050.06,9625839.86,9614139.81,9543220.78,9315220.23,8979138.93,9541958.77,9857023.72,9659089.28,9201319.55,8525826.12,7886799.06
2021-05-25,7480279.54,7175413.09,7030385.22,6953677.65,7027962.27,7182619.0,7528727.86,8154642.9,8656547.88,8985875.92,9336826.56,9638191.09,9631258.26,9560273.74,9570590.08,9479078.81,9291552.0,9015603.73,9609283.91,9868822.67,9653313.98,9237474.73,8556682.48,7937200.41
2021-05-26,7478628.25,7205418.49,7004026.23,6965600.33,7062680.25,7181762.44,7515679.26,8203156.16,8718900.66,9045550.19,9377760.4,9652807.5,9692453.18,9642863.31,9652521.88,9529027.49,9320251.57,9061660.12,9656604.12,9960385.84,9695784.52,9258395.45,8691965.89,7971351.36
2021-05-27,7525027.39,7261868.71,7098157.46,7002874.85,7120013.45,7252536.0,7582883.46,8227388.45,8761135.41,9041823.87,9322188.41,9612853.24,9594874.14,9554821.48,9488362.22,9483800.04,9228942.13,8943711.2,9581427.65,9843342.75,9567020.77,9101155.62,8494246.1,7871631.79
2021-05-28,7364588.59,7053271.96,6900478.68,6861869.92,6988273.8,7120265.25,7457777.58,8075760.61,8619668.11,8922283.58,9228309.65,9465614.27,9457314.72,9398040.76,9357976.38,9224752.88,8961714.73,8761477.4,9305248.85,9580968.7,9282423.86,8902876.32,8327116.96,7760204.06
2021-05-29,7317050.29,7056666.94,6860836.91,6764619.11,6815851.68,6880582.08,7018251.02,7572459.35,8117934.68,8487785.72,8759601.06,8946489.97,8944385.46,8806476.76,8665097.6,8558569.71,8375569.27,8311499.2,8943631.57,9180126.18,8965646.22,8510959.09,7943590.86,7480089.63
2021-05-30,7111051.98,6836591.38,6580524.43,6502725.18,6458247.02,6367039.5,6252285.91,6629594.17,7034402.26,7366506.31,7668420.87,7909944.85,8003238.05,7960673.94,7824962.84,7698900.44,7572807.43,7545181.18,8263439.63,8673913.17,8574904.8,8293115.57,7870066.14,7396716.67
2021-05-31,7029616.95,6830421.77,6664891.99,6608126.28,6715350.49,6868055.0,7224819.99,7863169.26,8486337.07,8823945.21,9132281.2,9430936.82,9451577.48,9473031.24,9507845.68,9439437.24,9204938.49,8960233.5,9467245.74,9803374.36,9568707.33,9143282.31,8491867.75,7821066.99
2021-06-01,7436619.03,7177969.99,6991238.19,6946927.64,7042230.93,7184459.36,7441768.17,8043792.19,8527636.92,8776920.92,9083251.14,9340230.43,9357712.5,9326575.21,9381800.82,9297466.5,9112832.02,8896374.67,9413208.12,9702119.35,9502357.14,9078004.79,8420025.99,7849666.14
2021-06-02,7387061.59,7138006.04,6942942.97,6872627.88,6967067.94,7169524.98,7521249.84,8184545.44,8657556.13,8889085.87,9165641.54,9447888.3,9487972.13,9485889.17,9445452.53,9332139.03,9165502.37,8933561.14,9489263.84,9728798.3,9492421.68,9088730.5,8424484.44,7773264.72
2021-06-03,7356437.33,7069406.01,6895166.28,6865375.85,6993890.37,7155967.63,7499508.02,8088821.43,8613093.34,8956072.63,9342912.72,9657658.34,9608725.47,9630740.9,9755438.9,9764806.94,9571236.93,9294780.57,9808264.71,10057197.36,9813881.66,9419704.66,8808879.94,8113752.34
2021-06-04,7604549.98,7336335.49,7170760.13,7060263.56,7169392.29,7310992.39,7601696.52,8265299.14,8798872.1,9057065.2,9389316.46,9683640.21,9692957.77,9641063.09,9695538.98,9618681.38,9383502.4,9096229.47,9552253.31,9845167.54,9662222.16,9225502.0,8645437.38,8113704.29
2021-06-05,7612172.61,7321441.54,7167161.03,7043464.68,7091546.56,7094632.15,7264401.02,7828929.75,8390053.56,8745988.9,9062761.07,9310538.5,9288776.29,9146911.83,8976012.8,8851953.31,8700105.19,8631140.49,9217124.98,9484509.75,9253976.94,8825160.29,8351616.3,7840653.38
2021-06-06,7416252.5,7116311.71,6909724.27,6796876.19,6740351.89,6582350.67,6412241.31,6737319.2,7085021.19,7437620.07,7693641.9,7922165.27,8001953.43,7917842.93,7835075.26,7737491.51,7661066.44,7739436.08,8440847.35,8774016.12,8639809.55,8340831.71,7898161.74,7438425.46
2021-06-07,7090799.52,6806281.89,6640887.5,6558990.77,6509767.94,6459888.74,6385974.91,6770647.13,7201249.92,7547704.12,7852327.51,8168152.43,8277564.31,8176667.45,8011344.14,7894699.74,7795875.2,7831631.2,8561651.68,8912199.61,8750399.44,8363798.15,7841474.78,7329309.69
2021-06-08,6966582.14,6721180.55,6579168.95,6550201.11,6692842.88,6916980.96,7301066.36,7920830.41,8434699.34,8741365.49,9034935.43,9338413.29,9333205.07,9284492.71,9303911.33,9295407.05,9067300.28,8892420.87,9435706.2,9650088.31,9410954.12,8964352.07,8291385.25,7690776.44
2021-06-09,7273802.84,7037144.22,6860904.89,6792417.1,6936429.96,7101339.35,7378176.05,7994157.07,8453832.59,8726173.45,9005646.43,9268026.36,9205282.24,9115342.34,9087776.59,9065241.8,8944296.49,8735890.62,9264105.61,9543209.0,9281123.62,8787865.34,8140332.53,7573925.49
2021-06-10,7166130.18,6894614.33,6745463.95,6695333.96,6836933.62,7059852.66,7394769.28,8010246.82,8513425.88,8790177.32,9104940.69,9426134.92,9417389.23,9450501.49,9541803.19,9497197.88,9326231.58,9052334.98,9537569.75,9896514.82,9675458.84,9198146.86,8546783.85,7929267.46
2021-06-11,7472219.78,7219501.52,7054016.01,6979298.67,7105175.06,7280806.49,7603635.23,8249961.23,8774752.41,9110280.06,9500235.26,9787642.08,9707672.38,9660428.35,9744584.05,9782057.81,9540584.56,9272515.27,9712045.62,9957377.22,9726490.04,9324776.46,8733738.06,8181402.65
2021-06-12,7674267.37,7347060.25,7174681.08,7064226.2,7102440.76,7119439.99,7249586.79,7783916.98,8302510.84,8694501.67,9027874.43,9258780.81,9195656.86,9027582.47,8897315.23,8793036.02,8698622.73,8615960.24,9211390.34,9465931.5,9177077.57,8744889.15,8174744.37,7635585.48
2021-06-13,7247793.66,6941860.89,6731264.13,6606369.48,6557776.28,6446527.69,6341291.15,6641438.61,7043663.02,7422382.45,7683232.1,7890802.35,8051087.78,8033622.08,7882582.18,7783890.01,7673993.98,7723598.24,8523185.45,8870466.71,8706586.53,8363535.54,7965291.67,7498789.12
2021-06-14,7102113.87,6863053.26,6660905.03,6544783.34,6547665.82,6518515.03,6446288.21,6825598.23,7287605.95,7671486.01,8006978.34,8294499.41,8376411.29,8338446.98,8164197.07,8023410.93,7929191.59,7924933.64,8598890.73,9016675.99,8878958.11,8479757.51,7964029.01,7476668.89
2021-06-15,7131071.98,6881272.86,6722029.76,6658250.34,6785097.64,6957596.46,7287344.94,7912853.19,8447499.28,8817083.46,9162054.99,9461650.89,9506830.64,9521408.22,9582165.85,9535351.67,9347813.8,9016612.67,9444916.56,9827225.3,9615439.72,9177157.34,8549511.03,7914314.16
2021-06-16,7442771.3,7148500.78,6990441.9,6902300.74,7029037.75,7161746.41,7455872.17,8105003.27,8594305.86,8938763.12,9288429.85,9526380.02,9533833.53,9544076.35,9581566.21,9562420.9,9403020.93,9088353.41,9531782.2,9984652.25,9795286.15,9365173.86,8733192.63,8101559.29
2021-06-17,7621940.88,7353493.56,7186642.42,7122439.05,7232959.93,7363545.17,7673878.65,8296111.83,8849178.99,9200610.29,9459536.61,9769323.78,9767677.59,9802707.68,9929321.64,9938615.99,9798984.61,9539520.01,9929123.56,10185254.07,9943255.04,9464186.78,8738528.86,8166420.16
2021-06-18,7730875.61,7470747.73,7287892.61,7177687.8,7199353.14,7365589.21,7638501.78,8267351.1,8787241.32,9068813.22,9427663.28,9694538.64,9665891.16,9649877.35,9722673.04,9659546.53,9441300.83,9188421.71,9673155.55,9970027.91,9712780.7,9295712.46,8760542.09,8138443.58
2021-06-19,7614013.11,7294700.05,7096882.91,7011295.68,7044987.78,7075893.5,7264373.0,7847523.51,8459076.05,8834988.86,9148772.46,9398688.52,9396210.31,9256440.55,9099537.02,8896658.53,8802042.43,8684012.03,9254998.37,9624056.42,9419841.64,9026682.94,8510417.61,8012679.07
2021-06-20,7567753.54,7208308.24,6983524.95,6891965.14,6839381.04,6700696.99,6570315.3,6860022.97,7252234.67,7613930.38,7896717.54,8144426.35,8245621.01,8177206.65,8029889.36,7949153.2,7825166.52,7886179.28,8581940.66,8920202.2,8806557.81,8436001.65,8059064.5,7611730.89
2021-06-21,7219379.84,6963167.55,6805291.71,6731802.57,6836964.63,6986796.72,7270335.81,7941530.42,8529394.17,8860970.83,9202311.11,9474266.97,9548200.19,9555652.37,9652335.81,9632662.35,9440763.23,9154674.57,9602590.63,9979413.18,9786971.82,9325754.54,8708747.34,8036306.2
2021-06-22,7561863.5,7280938.15,7078575.46,6997287.46,7060062.01,7235097.44,7531296.11,8171678.3,8694348.28,8971197.61,9293370.27,9610110.63,9570824.67,9549573.19,9652894.25,9620529.36,9388308.33,9058142.26,9553594.45,9938326.84,9706684.03,9245429.08,8572663.29,7910116.8
2021-06-23,7470580.33,7233901.19,7093782.89,7025820.22,7129406.87,7268985.39,7511220.8,8175753.45,8716840.96,9084899.45,9413894.6,9675286.53,9678049.55,9713910.04,9767621.96,9742877.2,9509945.62,9232064.6,9731261.56,10040501.64,9737235.34,9252293.02,8638790.59,8019596.65
2021-06-24,7563908.38,7272957.58,7085292.32,7017687.85,7087718.03,7247935.42,7504629.23,8131104.23,8607768.7,8873803.72,9174104.23,9422866.33,9413021.89,9389731.12,9287689.91,9297699.12,9152677.48,8936722.79,9249818.07,9494510.85,9288454.15,8836862.5,8205250.99,7603670.57
2021-06-25,7158127.22,6928595.46,6779659.39,6733984.27,6832496.58,6977395.65,7238756.45,7931965.56,8528398.78,8857038.82,9224241.47,9521748.48,9476117.46,9464972.37,9546470.66,9472898.82,9274603.21,9025517.06,9497587.89,9826910.77,9579249.2,9115402.45,8497820.19,7923478.62
2021-06-26,7425554.16,7122068.79,6918776.81,6832323.91,6903807.09,6924674.68,7067885.37,7615412.61,8134082.88,8475467.92,8823124.19,9063108.88,9068727.53,8872713.73,8731708.86,8643791.3,8509845.17,8407118.43,8997437.33,9395722.51,9138268.18,8695708.88,8113256.07,7613811.5
2021-06-27,7180705.8,6883365.03,6674054.07,6529096.57,6491037.34,6366067.73,6249922.57,6556971.44,6977128.95,7343407.54,7648801.85,7888769.95,8041970.31,7959043.3,7804946.5,7718319.67,7599802.91,7549581.02,8248867.59,8786184.41,8676477.08,8415460.71,8012048.49,7466106.4
2021-06-28,7083542.96,6857819.93,6691750.24,6635055.58,6758680.01,6963175.5,7251247.9,7938352.65,8555238.73,8927915.08,9257664.24,9562414.05,9537040.58,9555360.53,9660726.57,9632670.12,9413850.71,9102577.76,9526818.58,9987762.41,9759456.25,9305799.56,8672946.19,8052893.15
2021-06-29,7583020.12,7309713.62,7117172.19,7005515.14,7105939.15,7208101.75,7520915.11,8225340.88,8828526.13,9183416.71,9490603.34,9811197.47,9819910.37,9853466.37,9950496.13,9902153.95,9674994.39,9344059.67,9735778.27,10164974.82,9927730.18,9487574.31,8887717.17,8255574.16
2021-06-30,7765577.38,7473261.06,7258310.95,7139526.59,7186333.95,7327147.23,7566779.9,8219867.92,8783903.33,9117473.91,9456777.36,9717760.39,9722996.11,9699544.73,9737527.26,9655692.2,9460288.34,9196499.0,9634386.15,9974143.9,9756258.86,9426335.77,8773587.7,8137035.1
2021-07-01,7614352.32,7325349.84,7114904.83,6980096.77,7076181.88,7218808.25,7517570.76,8182921.88,8679712.03,9036041.27,9375918.12,9622710.29,9528939.89,9412512.56,9426286.39,9436382.11,9272444.15,9019192.85,9429327.29,9788536.31,9615324.7,9212334.61,8592372.36,7959492.1
2021-07-02,7492905.16,7213357.77,7037288.36,6929114.25,7073126.97,7233871.9,7512876.53,8176497.41,8735907.75,9037404.7,9382305.43,9637246.97,9610228.37,9606808.16,9694931.92,9699375.83,9484500.28,9165665.26,9578053.46,9989829.14,9797125.39,9367482.27,8770670.79,8196795.72
2021-07-03,7731902.03,7430674.68,7219332.83,7075718.46,7079388.39,7099179.44,7282114.1,7860823.39,8469983.42,8851121.29,9109818.86,9178882.09,9069702.91,8889975.56,8783051.66,8712737.37,8593929.35,8601613.96,9122106.77,9367727.01,9107514.25,8660141.57,8111043.12,7637390.51
2021-07-04,7230595.33,6948792.75,6754671.46,6618596.82,6576765.82,6443856.47,6269597.89,6586730.01,6980327.73,7289952.76,7564562.96,7746387.24,7849845.67,7800916.22,7729091.95,7614798.08,7480114.53,7452052.5,8080042.98,8555312.7,8449026.21,8137386.14,7715292.65,7272716.77
2021-07-05,6926187.56,6671635.19,6518744.4,6410209.67,6396760.96,6355001.96,6308881.85,6661786.65,7165693.64,7547462.76,7927386.9,8195323.61,8306796.92,8252354.94,8130317.43,8064817.02,7971293.61,7953327.67,8644199.7,9186227.85,9042820.48,8658596.21,8173498.09,7690334.68
2021-07-06,7297102.83,7011257.05,6804081.26,6707267.6,6818793.61,7011274.2,7325365.09,7967280.39,8511649.25,8864612.41,9298607.9,9587107.19,9589453.98,9604297.15,9726721.7,9734217.14,9544340.15,9201979.73,9589960.15,10093091.35,9851479.76,9416562.43,8854166.39,8236091.46
2021-07-07,7681494.01,7351335.18,7155365.0,7060415.22,7144994.67,7307521.29,7590624.98,8267495.38,8852359.86,9179242.49,9512826.24,9806016.14,9771303.09,9783862.14,9843576.24,9792856.1,9599123.79,9204247.26,9606917.5,10061929.93,9878834.44,9489888.08,8880080.89,8229153.97
2021-07-08,7751501.16,7452788.83,7203215.96,7109750.72,7205222.45,7390287.09,7668790.29,8305265.21,8860275.49,9201949.6,9528125.52,9828539.43,9805054.83,9811258.49,9910179.21,9881270.15,9644999.7,9310772.98,9719307.55,10110723.58,9910682.03,9513485.7,8864215.02,8271415.03
2021-07-09,7776700.06,7489022.54,7301402.69,7214387.17,7313907.87,7474339.16,7707861.84,8377285.73,8892853.75,9184638.79,9517751.21,9782660.12,9797295.88,9843672.79,9881776.58,9737743.39,9472405.78,9213579.9,9682341.75,9958894.16,9711281.91,9311226.44,8747582.05,8194389.49
2021-07-10,7708075.44,7425000.69,7212806.35,7109974.76,7151388.83,7261248.3,7376880.16,7882452.58,8405501.1,8710153.12,8973410.88,9213087.78,9207315.1,9036715.71,8828909.95,8733137.8,8614300.7,8535246.74,9152940.84,9554481.73,9298040.33,8860997.64,8330691.65,7878408.02
2021-07-11,7409820.97,7104566.22,6880950.51,6742373.36,6684836.67,6596205.86,6426756.76,6730197.81,7146198.48,7500017.43,7774074.81,7903050.81,8047710.53,8017750.58,7919734.75,7796430.84,7733155.08,7695877.59,8354788.83,8932318.61,8862705.27,8583762.35,8143881.29,7650016.92
2021-07-12,7229574.0,6964065.17,6797107.19,6714295.79,6825776.35,7105739.76,7457619.01,8141360.4,8779527.21,9155433.08,9495423.33,9771857.41,9739619.12,9783954.16,9877043.11,9827981.61,9622166.73,9259026.72,9633328.88,10072093.64,9890702.53,9419802.79,8728006.2,8099406.37
2021-07-13,7646863.62,7357710.47,7172141.99,7120394.18,7259599.38,7469375.14,7778074.56,8394829.3,8918651.36,9194820.84,9491146.12,9809135.4,9765013.49,9750126.11,9818985.99,9779317.1,9595606.65,9309662.04,9673621.87,10106529.88,9897920.9,9459063.86,8792819.83,8199432.04
2021-07-14,7697604.45,7407177.61,7213650.01,7118699.81,7208088.77,7420032.94,7729600.2,8387261.23,8928964.63,9255186.14,9618175.56,9889047.13,9865816.48,9882985.04,9987307.11,9977385.72,9746354.87,9408048.34,9808348.14,10185785.87,10005672.33,9539179.73,8883566.4,8277930.89
2021-07-15,7823574.09,7529418.87,7295875.44,7233632.69,7339889.71,7564052.56,7898911.68,8499224.01,9022436.83,9309684.79,9638539.48,9909865.58,9902947.46,9890204.39,10019665.99,9977045.79,9793951.27,9444884.27,9818809.97,10199084.8,9992487.71,9564030.63,8957829.89,8350911.86
2021-07-16,7848591.39,7524717.11,7346906.9,7275003.11,7356456.26,7543664.29,7791573.22,8439600.37,8969025.92,9284886.1,9633001.77,9860580.8,9886855.91,9898207.63,9928053.27,9930544.42,9750170.16,9428783.68,9813222.01,10181706.28,9961254.56,9539948.52,8995899.67,8427244.77
2021-07-17,7934379.99,7571256.3,7340603.07,7281013.37,7332212.91,7387488.22,7492205.38,8047152.08,8603068.74,9010191.76,9281878.3,9479151.95,9424678.49,9315019.62,9137574.85,9028688.73,8858467.09,8749328.31,9299178.65,9691109.69,9485724.37,9137699.7,8605974.94,8096006.42
2021-07-18,7694286.93,7355545.14,7167478.59,7018857.76,6929925.56,6814006.3,6667222.88,6951982.63,7369490.65,7686030.09,7977284.08,8226163.25,8361430.41,8322977.25,8196216.4,8118026.14,8011615.26,7981256.95,8571867.31,9082495.55,9018144.28,8749296.85,8349339.4,7870993.91
2021-07-19,7471900.69,7177067.61,7007297.1,6898914.54,6958531.71,7167942.56,7480368.75,8144148.13,8704509.65,9073196.55,9450591.45,9865017.32,9903830.8,9895325.37,9927117.08,9893729.97,9773671.15,9500644.23,9844567.03,10340988.49,10130526.71,9686096.76,9021711.03,8432126.58
2021-07-20,7824533.87,7501890.71,7297197.68,7183461.12,7137448.72,7096451.68,6993431.33,7395063.7,7876374.28,8273497.92,8656224.44,8980914.52,9123931.22,9025228.8,8862902.11,8773193.95,8651318.9,8517747.33,9188253.72,9788715.05,9558289.59,9232598.77,8813126.45,8242982.04
2021-07-21,7819639.95,7540111.01,7373958.52,7291941.39,7243585.61,7477142.1,7816432.53,8495602.65,9127600.44,9447976.96,9824688.42,10104274.75,10041091.56,10044955.09,10176893.68,10067896.16,9842649.22,9501669.52,9932894.18,10385085.65,10163180.76,9734760.88,9123758.65,8520861.61
2021-07-22,8026417.18,7697645.5,7483477.76,7392850.58,7500144.33,7697879.12,7963517.95,8525843.84,9037139.25,9402813.17,9730352.2,10018810.91,10036624.72,10087035.27,10172781.78,10141602.72,9916473.45,9566571.01,9979174.34,10339396.76,10109533.25,9694297.57,9097396.55,8471261.2
2021-07-23,8010626.72,7743034.06,7541825.75,7452006.23,7550221.94,7763594.79,8013516.27,8619096.76,9196607.88,9524284.18,9874521.31,10109247.23,10129738.15,10185176.91,10229860.59,10198244.13,10017179.98,9668053.28,10035879.11,10385879.39,10119228.48,9731967.07,9185492.95,8622677.94
2021-07-24,8124878.59,7822675.26,7599018.63,7433549.17,7466400.14,7528685.42,7616499.23,8184805.68,8724859.07,9025631.39,9269318.75,9554176.22,9527120.94,9295619.88,9054005.7,8961833.96,8785674.09,8681467.97,9260234.51,9462376.02,9079621.56,8790776.92,8305890.08,7759164.55
2021-07-25,7384449.91,7064735.46,6844934.74,6690281.57,6623930.27,6544324.0,6392447.42,6655703.94,6988478.46,7285309.21,7512228.04,7749969.19,7856137.82,7739995.82,7590118.44,7530849.4,7488149.56,7585475.31,8291644.01,8758904.19,8614212.25,8359196.85,7934849.11,7443835.19
2021-07-26,7108057.54,6891536.17,6736934.01,6684964.9,6819209.98,7176487.81,7530416.99,8109975.65,8674260.87,9007671.23,9287897.77,9635096.48,9643934.45,9612657.89,9672053.89,9645498.01,9458392.4,9173083.39,9549826.86,9953588.0,9746761.35,9259915.62,8639251.94,8031442.82
2021-07-27,7573442.31,7306018.97,7151373.61,7067725.76,7179261.04,7466044.42,7737271.92,8310003.37,8804014.27,9078029.01,9394768.92,9648461.01,9603637.79,9589414.47,9611423.73,9528472.21,9354373.37,9136448.2,9598278.11,9962914.43,9754713.98,9217612.99,8545942.88,7934915.75
2021-07-28,7499687.86,7243210.42,7090621.83,7024493.16,7172507.29,7464851.23,7762505.12,8278239.52,8742505.65,9048843.07,9386257.27,9680119.72,9672052.72,9698161.44,9824459.25,9755738.72,9575336.57,9325086.64,9723354.94,10193361.14,9980624.61,9548936.97,8927137.46,8284699.42
2021-07-29,7811831.56,7533824.55,7348715.41,7236978.03,7341095.66,7598911.52,7862489.34,8435395.32,8957452.65,9319411.44,9639174.57,9939255.59,9896533.7,9953968.76,10020825.71,9947270.35,9743038.71,9382594.51,9830192.85,10126600.33,9911657.85,9443922.02,8863123.86,8226850.07
2021-07-30,7725188.3,7430008.35,7251826.03,7157016.92,7252511.49,7506248.43,7754731.1,8331005.08,8788388.74,9051591.92,9471947.1,9810643.05,9813567.71,9816185.53,9861236.26,9893504.8,9736834.34,9461557.71,9813699.88,10201182.61,10001040.79,9578560.27,9017946.25,8464922.58
2021-07-31,7960626.97,7634253.66,7415532.91,7312090.73,7330768.98,7375762.09,7472495.43,8026286.22,8591050.87,8978838.99,9284606.03,9540709.34,9490492.01,9397710.39,9274693.12,9192560.48,9035917.35,8903648.46,9374747.69,9799437.51,9591406.76,9240532.68,8762789.13,8277267.95
2021-08-01,7791824.88,7458817.76,7195910.16,7036329.74,6963629.91,6780101.29,6604213.31,6942658.73,7319033.5,7669331.53,7938548.63,8179870.7,8284513.65,8283483.06,8177401.5,8065118.01,7946832.06,7910167.93,8617893.23,9106169.26,9029038.39,8769873.88,8360179.31,7868329.37
2021-08-02,7475372.72,7222555.9,7003028.92,6872195.27,6986334.64,7268610.54,7489730.24,8059520.32,8605963.87,8929084.38,9244948.34,9529962.31,9499589.31,9501182.91,9580670.44,9542558.81,9358896.83,9076938.68,9576553.56,9936852.35,9747397.02,9274632.58,8659654.58,8024690.91
2021-08-03,7529162.46,7225035.7,7034340.45,6931487.09,7064426.32,7397151.49,7657084.91,8208755.86,8704885.86,9023274.8,9371957.1,9690706.92,9639924.53,9543667.78,9641712.22,9564641.72,9343637.16,9105232.12,9584552.62,9902797.57,9692003.39,9208558.52,8592454.85,7921922.31
2021-08-04,7415659.86,7172284.53,6979136.45,6906437.33,7031497.48,7365734.91,7651402.3,8201844.49,8718826.0,9031861.71,9339764.87,9652018.54,9650693.07,9689838.15,9824470.23,9830407.11,9657468.01,9383982.6,9791018.36,10202092.83,10014966.32,9555673.85,8912608.36,8227116.78
2021-08-05,7729755.44,7434689.35,7241988.17,7165667.78,7278794.82,7554052.3,7850495.52,8441936.73,8992260.03,9308695.25,9665132.18,9973323.11,9950363.94,9949684.67,10065054.03,10024337.59,9751274.3,9452253.19,9892925.02,10222569.33,10011223.02,9586166.88,8970601.44,8319771.4
2021-08-06,7821305.2,7537878.1,7342312.99,7225679.73,7261486.08,7546489.81,7830443.19,8449637.54,8971694.98,9286799.44,9701090.42,10002897.29,9952298.13,9937987.97,10044691.74,9933644.2,9674826.68,9377657.24,9770778.54,10145159.3,9963687.83,9535932.6,8968743.94,8406122.2
2021-08-07,7923967.84,7605781.5,7358004.02,7208484.65,7155397.27,7112401.58,7020456.2,7488069.22,7983061.67,8301161.45,8661411.65,8903664.59,8993266.07,8839750.37,8747093.02,8666883.5,8542130.33,8459166.02,9086635.94,9461078.91,9267039.2,8888229.23,8412888.57,7936386.66
2021-08-08,7517911.0,7250325.21,7048609.93,6908739.92,6827219.96,6763997.03,6601584.52,6882297.43,7297733.13,7648788.87,7963511.21,8224731.3,8352038.23,8287943.25,8197445.53,8134826.77,8035624.56,8014444.95,8761429.5,9327409.84,9210431.01,8901446.26,8433972.27,7804079.58
2021-08-09,7344248.41,7117380.85,7006073.68,6947702.95,7003254.46,7309797.64,7646386.19,8239962.68,8851157.51,9348499.62,9713170.14,10036626.54,10036968.56,10091021.91,10265354.63,10231800.14,9957851.02,9503019.72,9901857.59,10259486.41,10058752.14,9616714.91,8946883.8,8302214.64
2021-08-10,7804942.46,7506685.45,7317111.72,7237041.36,7353508.96,7592682.43,7872983.58,8444915.17,8955785.1,9211183.45,9550466.85,9856824.96,9836790.46,9828614.34,9941912.34,9914435.25,9741443.32,9448202.7,9958443.38,10288397.56,10070641.19,9608480.71,8953477.28,8289177.9
2021-08-11,7790280.54,7525766.49,7366806.29,7287521.9,7386179.22,7673465.21,8006488.91,8523508.85,9042260.48,9353741.97,9639813.45,9892650.74,9833894.19,9795129.33,9823705.22,9830200.28,9633948.36,9316518.78,9833413.29,10178034.62,9954546.76,9494592.18,8848566.73,8223081.1
2021-08-12,7722047.22,7375572.37,7216796.61,7139497.72,7266200.69,7541817.36,7837896.97,8434385.36,8961805.04,9282963.91,9593783.38,9916299.48,9873560.22,9907410.78,9880212.04,9865142.03,9709641.32,9420827.57,9906542.78,10193440.43,9988723.37,9563460.26,8910757.69,8284931.48
2021-08-13,7775310.44,7512883.05,7323141.88,7251045.94,7373408.85,7686473.98,7907862.07,8439915.36,8988130.64,9299837.78,9581264.18,9847088.67,9829213.69,9814404.45,9898227.61,9862360.22,9668757.81,9341748.68,9840020.97,10061849.69,9853764.65,9420037.26,8901555.26,8266313.84
2021-08-14,7828680.44,7554008.75,7322256.49,7223786.86,7242199.75,7346235.48,7462133.57,8001834.26,8539275.39,8879785.87,9189402.99,9380425.48,9338366.16,9209551.39,9037060.92,8929163.41,8761781.8,8700184.27,9355201.47,9588635.76,9322043.71,8876137.03,8371078.04,7900795.38
2021-08-15,7476781.36,7190974.39,6993957.31,6821820.89,6743261.66,6671430.06,6425831.66,6662577.54,6981723.42,7349822.35,7589383.73,7823638.01,7951423.64,7916246.6,7797784.02,7681961.55,7612151.32,7674069.61,8355748.77,8732391.25,8650623.93,8358476.2,8016381.81,7617890.85
2021-08-16,7221904.86,6969009.57,6802624.61,6684934.62,6648949.71,6668118.37,6556061.04,6903043.73,7380287.29,7789603.84,8128181.47,8378800.51,8445655.6,8387887.75,8157760.12,8007097.9,7921549.07,7938867.38,8635863.93,9129513.67,8974858.36,8598699.56,8057832.7,7562261.12
2021-08-17,7172878.78,6909985.3,6744246.59,6741233.9,6855964.4,7181179.36,7475270.81,8006043.14,8576485.84,8901036.38,9218067.57,9482436.4,9508638.05,9537070.04,9621162.89,9598306.61,9430778.08,9193138.02,9646149.44,9928701.72,9782497.02,9309342.43,8634519.96,7965358.38
2021-08-18,7526541.18,7219510.42,7056732.1,7003614.18,7116942.62,7389710.38,7634906.03,8154459.27,8674188.59,8963451.0,9324261.83,9606852.32,9574276.06,9571948.26,9766722.29,9754181.42,9605016.53,9339461.85,9831935.48,10157930.38,9953330.68,9528107.04,8838518.4,8162066.3
2021-08-19,7716012.48,7471944.32,7296101.74,7208857.32,7324923.78,7657090.5,7934898.75,8413711.5,8951259.98,9193375.82,9510524.48,9774990.7,9672656.12,9606311.1,9624844.52,9583775.98,9425643.17,9242314.23,9750478.68,9987540.57,9733093.62,9223922.5,8509534.11,7864355.66
2021-08-20,7455766.64,7210570.27,7018281.35,6943889.19,7068038.23,7428554.14,7687067.94,8279881.97,8781639.66,9077602.37,9447806.78,9722203.71,9677400.4,9583110.86,9676742.55,9682616.5,9509812.88,9188918.88,9751938.21,10029206.66,9729902.98,9280929.23,8682453.88,8108104.95
2021-08-21,7640404.34,7358594.92,7151757.85,7053679.29,7077468.05,7183060.33,7260162.08,7850345.61,8466744.72,8852377.3,9158896.01,9395003.4,9367479.24,9228383.39,9091111.03,8992465.25,8858887.27,8743019.87,9365784.85,9639660.94,9394336.09,8971166.07,8467581.95,7973061.42
2021-08-22,7529237.09,7218030.56,6994295.98,6846515.84,6825922.97,6709692.66,6517551.14,6840859.54,7260714.85,7619313.04,7915912.4,8163879.23,8258175.09,8198954.83,8052223.76,8001670.16,7918630.43,7931697.34,8697916.53,9141315.6,9060846.25,8795550.31,8383217.45,7843656.97
2021-08-23,7433431.95,7197795.15,7063121.99,6993278.41,7094139.77,7378511.84,7680585.57,8316108.11,8931314.13,9291199.64,9648687.05,9934665.33,9898551.65,9901133.0,9950560.54,9901362.99,9691917.2,9408567.34,9931663.79,10101695.05,9915839.89,9443487.79,8739311.37,8126628.93
2021-08-24,7641414.12,7402508.71,7226256.98,7105270.55,7233402.82,7568763.35,7794534.21,8327673.02,8811700.05,9055718.81,9327534.07,9650633.73,9614091.29,9566535.62,9708866.85,9709051.77,9528338.41,9185747.41,9768929.21,9984906.12,9717286.52,9224164.11,8540322.16,7899329.99
2021-08-25,7459654.58,7230233.71,7047406.65,6968538.07,7107131.84,7436760.17,7736904.39,8233096.86,8728002.29,9016135.89,9387460.36,9659599.39,9589191.03,9621217.4,9711986.84,9733095.23,9547642.0,9244266.41,9979947.68,10221514.93,9886165.69,9393357.21,8651662.7,7988067.53
2021-08-26,7466134.96,7188794.91,7028678.68,6981589.37,7127330.13,7428951.83,7708417.98,8291653.22,8878640.49,9200174.85,9511836.03,9827450.95,9766487.57,9766331.3,9897318.88,9872693.46,9711832.13,9395430.19,10079781.93,10347880.41,9999584.34,9457185.29,8729576.67,8041533.5
2021-08-27,7579745.55,7317713.34,7136520.35,7049685.2,7160671.23,7458520.42,7744252.86,8342364.22,8888733.68,9289271.29,9670311.58,10006818.01,10014398.43,10058059.04,10159405.71,10099717.96,9821162.51,9452038.59,10045167.85,10358803.31,9986431.67,9515936.34,8808263.64,8247753.14
2021-08-28,8053555.59,7686568.78,7467330.84,7365821.32,7300240.11,7404188.86,7467624.83,8107322.5,8812432.73,9283869.48,9330129.63,9551427.56,9601740.77,9416110.89,9250426.38,9185511.97,9132770.19,9144475.77,9892614.82,10067323.05,9696044.23,9421574.0,8834567.31,8287416.03
2021-08-29,7830806.68,7487718.7,7248837.03,7055038.63,6954021.54,6837260.61,6604352.6,6978705.68,7392519.06,7778222.36,8069957.18,8326843.17,8427584.89,8387135.15,8265689.34,8100408.36,7891559.87,8102854.37,9000493.61,9264144.44,9111789.33,8709768.94,8293815.45,7970374.26
2021-08-30,7482849.28,7186407.52,7003665.5,6920526.68,6933041.99,7394648.71,7591819.82,8127463.51,8659375.0,8995149.96,9291969.69,9577015.16,9639806.29,9603506.04,9667982.72,9641330.6,9455772.64,9127504.53,9828856.46,9999253.32,9632598.69,9140897.53,8396913.54,7923140.25
2021-08-31,7487008.83,7296318.29,7105763.74,7043250.18,7073952.89,7470612.08,7690196.67,8276037.18,8757524.47,9033733.36,9305274.29,9591463.49,9536511.63,9483523.06,9532100.34,9607160.61,9504567.57,9278575.63,10000626.02,10201713.41,9800257.86,9355940.24,8712922.59,8168777.92
2021-09-01,7707198.84,7425643.76,7265486.42,7167712.85,7245308.91,7550154.72,7734684.11,8410031.46,8907248.67,9232617.5,9549841.34,9898066.59,9831175.77,9837951.59,9978432.69,9995889.47,9819652.71,9489663.17,10232990.36,10294058.33,10094696.5,9675681.11,9045537.82,8421972.65
2021-09-02,7918696.08,7689699.94,7425033.08,7316154.67,7390375.39,7742592.0,8037937.23,8656605.09,9318336.56,9576747.85,9950242.25,10278246.37,10243370.36,10307124.24,10518395.96,10603702.39,10502467.29,10124174.57,10524904.04,10774841.55,10580751.35,10105204.0,9421745.36,8805528.98
2021-09-03,8344572.66,8068425.47,7846447.91,7743875.99,7877103.38,8174292.91,8445974.97,9028397.7,9606454.47,9947734.59,10215480.19,10574095.26,10544719.16,10577730.15,10611368.52,10528270.0,10182039.8,9823901.89,10545263.34,10383536.66,10454422.91,10057544.55,9475479.23,8876327.25
2021-09-04,8343050.17,8009410.43,7790898.34,7637761.9,7659208.46,7669272.74,7651004.82,8269537.0,8907829.75,9351580.65,9674427.44,9883094.21,9847293.91,9683513.74,9538993.43,9467085.44,9287768.04,9208809.96,9951934.22,10029145.94,9759635.27,9408392.74,8828603.17,8273853.28
2021-09-05,7914240.56,7627293.95,7436590.01,7266892.45,7227260.33,7193851.3,6796096.12,7024131.0,7467875.13,8032907.07,8283518.1,8478660.53,8532067.93,8482460.42,8383636.23,8273643.36,8167915.02,8273211.93,9137685.14,9325277.39,9187250.3,8920631.68,8510680.51,7968979.18
2021-09-06,7584909.66,7307655.36,7122283.87,7097827.43,7219643.06,7609662.53,7927648.96,8531041.28,9104678.85,9156088.77,9326117.97,9635488.63,9893527.66,9980236.17,9734048.28,9829042.58,9765946.29,9495055.07,10132568.31,10270081.13,10047984.27,9516153.54,8939049.83,8300068.61
2021-09-07,7672577.46,7251034.39,7058561.09,6971217.03,7129363.17,7500264.04,7769567.68,8258133.68,8672218.0,8932029.61,9263358.61,9532049.74,9496014.51,9472409.02,9611043.54,9651960.39,9481873.88,9292508.62,9926406.01,10070077.67,9805428.61,9306152.55,8664265.49,8059932.28
2021-09-08,7627703.51,7396472.67,7222020.36,7176429.53,7310422.17,7643542.86,7918001.96,8420633.05,8884446.35,9182431.38,9516925.42,9804923.99,9775756.17,9779232.74,9849959.14,9801295.46,9664603.6,9408880.66,10100805.36,10281150.37,10021754.81,9539537.75,8883159.39,8171397.85
2021-09-09,8043760.4,7854411.27,7692450.83,7621316.61,7741725.24,8042324.56,8358457.96,8907337.07,9387165.19,9696474.79,10028583.4,10276008.07,10268430.37,10346250.9,10480917.55,10338166.0,10013832.05,9946444.33,10613842.55,10707700.67,10346774.27,10070095.64,9441496.29,8828844.2
2021-09-10,8335034.86,8076517.95,7886042.63,7786067.4,7906827.98,8176509.75,8421971.64,9002848.43,9549310.02,9894062.63,10230165.17,10592624.06,10364808.49,10342569.49,10392620.33,10508633.18,10320182.98,9993006.98,10685369.24,10679987.88,10241367.74,10053942.92,9449524.3,8801319.87
2021-09-11,8296082.99,7977163.75,7786068.52,7611018.46,7622247.58,7646314.56,7756779.14,8286105.5,8819446.81,9308981.07,9550603.07,9729613.21,9716383.33,9548983.41,9321732.58,9134697.91,9096150.13,9123799.93,9837456.65,9814680.47,9480311.64,9280328.11,8911870.91,8429368.93
2021-09-12,7931927.53,7640746.77,7399966.98,7199892.23,7132531.99,7029248.56,6746042.06,7051653.34,7495543.58,7932932.49,8325415.85,8571532.3,8608617.63,8549669.35,8413106.56,8370971.03,8116885.98,8029677.24,9057022.6,9354761.18,9187396.92,8828319.3,8401371.24,7874436.02
2021-09-13,7561166.81,7270685.68,7051292.28,6930520.79,7107879.74,7475100.78,7822042.54,8444250.29,9163445.81,9338686.59,9689121.34,10041328.53,10002057.07,9993553.88,10022448.38,9916046.27,9737643.15,9394562.03,10032257.61,10195371.54,9965499.54,9571507.41,9036598.94,8469613.44
2021-09-14,7709002.57,7416623.03,7237088.45,7167793.67,7298810.34,7570436.51,7873093.83,8395412.55,8915789.92,9196525.61,9639170.22,9941580.16,9954152.62,9898210.97,9933696.67,9919843.27,9699423.22,9476432.34,10140958.88,10225659.27,9995763.85,9663077.43,8831307.75,8196928.86
2021-09-15,7748188.22,7489372.48,7469599.02,7378852.79,7488857.22,7828448.34,8118484.92,8754673.63,9369250.5,9683435.54,9837870.55,10125951.01,10050493.05,9996004.51,10137630.4,9987704.6,9781263.88,9607298.18,10228151.63,10369398.79,10090788.52,9770012.47,9305684.28,8685847.21
2021-09-16,8232260.46,7913071.78,7654819.62,7588888.46,7732971.1,7896027.89,8124926.88,8786939.55,9332695.33,9652564.14,10071294.27,10330732.97,10266416.95,10116061.18,10265641.62,10297353.53,10173572.76,9942759.41,10553907.97,10462374.85,10277076.27,9986010.82,9319285.07,8728159.24
2021-09-17,8254422.49,7995536.68,7786648.67,7689678.04,7863784.61,8111459.16,8401324.8,8945389.67,9538521.87,9913137.22,10274210.57,10561204.14,10470307.76,10522062.57,10677510.35,10655184.01,10472931.14,10174368.19,10805278.62,10883124.71,10641974.28,10226393.94,9628697.71,9069393.64
2021-09-18,8590891.73,8270505.59,8044779.23,7913298.26,7909684.36,7959851.92,8068388.83,8648471.22,9320611.16,9694042.05,10029002.99,10044284.12,9942632.84,9793432.3,9553580.35,9526393.94,9364812.18,9342774.47,10198758.32,10275516.52,9969021.4,9458721.19,8930337.19,8497163.89
2021-09-19,8123265.35,7858703.06,7627729.62,7466543.31,7377261.73,7234401.03,6826616.32,7153795.39,7599417.2,7955544.8,8223731.66,8411900.53,8559330.12,8562973.92,8435794.59,8346917.89,8235373.99,8437281.09,9270044.85,9468020.02,9414559.43,9162872.14,8745795.44,8253637.08
2021-09-20,7924180.27,7670896.32,7472739.11,7385658.07,7531425.37,7871510.36,8154889.35,8781914.55,9430081.97,9798736.81,10141573.36,10445126.74,10445507.51,10493716.69,10615743.38,10549922.97,10337593.97,10029835.08,10592791.12,10629439.38,10469161.79,10020095.75,9381593.87,8761559.93
2021-09-21,8324381.26,8049520.32,7833966.03,7815483.4,7941951.64,8262614.63,8285672.75,8807037.12,9293836.41,9574992.92,9888101.66,10127629.87,10057320.86,10088810.6,10248249.02,10266537.39,10058494.02,9979843.14,10759890.15,10759515.19,10506962.24,10076716.16,9425072.91,8802633.3
2021-09-22,8346712.85,8058586.62,7884342.12,7812378.32,7924139.59,8230149.58,8424835.74,8932621.56,9437338.77,9723809.96,9995880.32,10231798.47,10103210.13,10047412.2,10094759.44,10080344.45,9930470.04,9788933.45,10450240.73,10432000.73,10127420.52,9738055.88,9005288.61,8411788.58
2021-09-23,7821319.54,7568065.99,7429744.73,7356325.75,7500957.88,7809187.64,8062436.3,8540874.79,9026090.28,9287863.27,9647454.92,9892815.12,9902579.74,9979534.46,10141718.55,10104642.35,9870506.96,9570871.72,10383961.54,10471152.94,10136460.52,9632705.82,8942085.73,8223349.8
2021-09-24,7666693.75,7472705.16,7287991.34,7186494.84,7319665.38,7669796.95,7961000.77,8551934.36,9069636.69,9424443.58,9807256.65,10163664.59,10029907.2,9995729.69,10190269.95,10224141.76,9918316.62,9656455.84,10253364.62,10281671.47,10045241.31,9590995.73,8992738.27,8435649.57
2021-09-25,7989059.71,7670592.04,7475153.67,7354379.61,7395867.14,7487052.9,7613989.34,8200257.83,8794848.71,9149773.23,9477226.1,9680876.56,9687800.42,9553341.18,9404809.83,9269962.0,9114849.39,9125152.7,9866966.88,9890268.6,9623958.66,9151758.66,8631355.73,8171912.03
2021-09-26,7722750.69,7431188.21,7194979.0,7059233.53,6979454.65,6828910.25,6726412.87,7086386.46,7483413.92,7873567.13,8189811.44,8472708.75,8575072.19,8551981.2,8477064.32,8370550.08,8269587.82,8307547.86,9246802.91,9435944.96,9331796.05,9028019.55,8637000.0,8123957.73
2021-09-27,7703397.71,7444949.1,7249877.17,7152027.99,7277483.05,7577234.98,7891799.68,8459203.23,9112435.82,9477078.93,9849592.9,10157176.27,10094211.55,10174632.53,10310286.32,10303192.19,10098565.16,9877187.0,10534729.22,10571709.11,10320068.93,9867246.1,9174731.05,8560624.4
2021-09-28,8427319.33,8212759.83,8033113.03,7892316.28,7992539.11,8287103.45,8547967.29,9088000.7,9543492.69,9806628.93,10065835.21,10217875.31,10107787.51,10026479.52,10068236.09,10064268.03,9934740.74,9913277.35,10295042.73,10237164.9,9884333.72,9797993.17,9241546.04,8700328.89
2021-09-29,8225880.5,7967217.11,7809427.42,7715125.87,7878150.77,8247739.76,8515620.59,9092839.73,9577526.47,9823923.68,10141703.8,10252771.23,10282294.27,10254359.43,10331168.94,10233185.75,9990609.45,10000280.93,10305050.48,10121904.81,9734065.39,9512771.42,9095823.21,8500703.04
2021-09-30,8132624.52,7717623.1,7533174.27,7449592.96,7588403.73,7966655.78,8233980.49,8824491.08,9231130.41,9496208.78,9866650.1,10130330.23,10097446.28,10106589.56,10265179.66,10192023.65,10017546.57,9694793.96,10242738.37,10132506.06,9841207.14,9707895.98,9130311.23,8497748.96
2021-10-01,8028410.63,7778267.39,7569207.0,7481306.28,7625724.11,7935861.42,8216107.65,8711597.0,8991294.15,9518312.68,9800140.47,10054947.12,10104514.77,10168969.69,10215760.77,10160566.49,9909891.17,9670590.68,10189619.29,10117610.34,9869398.89,9712197.53,9208048.27,8667372.59
2021-10-02,8074632.7,7768264.19,7539206.61,7464366.62,7481532.9,7563877.26,7705294.5,8394787.8,9071067.74,9406302.06,9786353.48,10050830.01,10038355.35,9903931.6,9770194.38,9657690.92,9453117.92,9524636.44,10142401.77,10081153.68,9978143.39,9578667.3,8855350.92,8387626.21
2021-10-03,7984412.66,7724422.49,7503253.79,7351875.08,7298061.13,6868393.71,6625452.43,7031257.97,7366666.96,7787830.03,8099854.99,8342410.79,8432210.79,8383596.36,8246112.42,8130340.7,8025232.29,8459760.41,9511384.75,9697029.34,9524943.53,9210090.6,8747113.85,8197062.82
2021-10-04,7898589.52,7619987.68,7443264.78,7382656.45,7517127.21,7839636.49,8157889.89,8797544.53,9407066.69,9806668.74,10173659.07,10136046.23,9990727.57,10157605.92,10346867.79,10269570.8,10053116.13,9806990.95,10389935.36,10411906.13,10111792.24,10016785.56,9362150.19,8728406.49
2021-10-05,8298415.03,8067700.09,7881267.64,7768341.07,7873242.7,8191228.92,8388800.33,8957167.19,9469291.63,9760712.34,10080402.6,10338561.48,10240166.96,10291391.91,10413025.41,10363782.84,10121524.72,10063084.59,10417590.42,10324314.34,10109218.77,9879612.58,9214277.05,8569089.46
2021-10-06,8101260.37,7889497.95,7766468.88,7709997.35,7880586.26,8200626.32,8487665.78,9046796.52,9538609.28,9811876.04,10122211.66,10155461.62,10055288.91,10046949.82,10314142.86,10262043.89,10036581.86,9988416.26,10606024.27,10456337.89,10079603.67,9943458.45,9310118.34,8711715.74
2021-10-07,8243775.41,8001542.08,7818083.1,7727512.56,7859780.41,8157595.59,8462046.56,9009851.56,9551071.06,9908270.98,10261407.82,10488005.73,10444265.03,10536697.7,10690976.17,10649685.68,10443748.92,10343891.79,11026402.56,10881292.33,10719476.8,10229836.89,9594481.75,8981552.04
2021-10-08,8399677.2,8024798.65,7815634.28,7733707.27,7855779.38,8110398.24,8389461.88,9031598.85,9628128.41,9922692.44,10244857.27,10506683.62,10432752.28,10431891.3,10562718.6,10564099.84,10368179.53,10197493.39,10622705.37,10325444.72,10346767.63,9881713.87,9277703.59,8700491.27
2021-10-09,8283554.29,8009960.02,7836299.28,7727759.06,7753201.68,7847251.43,7859423.24,8553220.23,9190814.01,9451434.68,9764177.81,9992309.26,10034319.24,9869427.54,9670910.5,9537163.08,9372718.69,9500242.98,10224786.62,9855713.96,9841340.62,9418684.36,8747847.01,8312879.29
2021-10-10,7920302.19,7657090.11,7463244.09,7322460.08,7251292.11,7102140.77,6874679.67,7280992.66,7860705.87,8170203.29,8469327.39,8722052.43,8845479.7,8778518.82,8681785.05,8691529.86,8700410.41,8842668.25,9635809.98,9656361.97,9488475.85,9150353.07,8622596.21,8155902.28
2021-10-11,7694485.45,7313916.95,7151952.13,7086483.28,7260179.4,7476505.05,7848187.02,8651147.97,9299498.99,9650861.83,9961902.86,10222600.54,10223498.35,10157420.74,10201314.34,10194229.41,10049373.97,9969709.9,10390601.54,10495870.38,10258276.06,9852960.41,9212892.87,8622253.01
2021-10-12,8167834.03,7916138.22,7750458.67,7648625.47,7830602.78,8001744.38,8281700.29,8811340.41,9350295.73,9697007.1,10042588.73,10338862.3,10253568.86,10214551.45,10265171.73,10202526.18,10072900.53,10045321.1,10386173.3,10547003.56,10288637.07,9923171.42,9317889.94,8740400.85
2021-10-13,8254432.41,7990702.3,7817924.64,7718711.09,7709937.66,7875833.06,8164738.95,8751710.25,9274620.83,9571595.27,9835651.4,10080587.67,10006236.93,9982975.72,10080493.87,10018462.21,9964790.65,10048301.25,10424105.72,10297678.61,9913946.95,9782290.06,9149168.47,8540724.1
2021-10-14,8141951.77,7891465.78,7701281.88,7651442.45,7799688.99,8014773.94,8319472.42,8797457.54,9331332.13,9694595.26,10079277.97,10353928.26,10308525.48,10278031.4,10374798.95,10413618.48,10306915.78,10397976.77,10627626.91,10354290.61,10041056.07,9909666.79,9256042.36,8691258.85
2021-10-15,8257134.1,8018786.85,7862045.65,7793453.85,7896087.12,8049659.32,8331280.94,8824837.16,9349690.75,9744520.73,10030966.11,10289440.49,10264261.75,10309785.47,10402946.66,10343225.66,10200572.78,10153379.61,10581554.27,10510081.54,10225203.2,10039078.72,9549719.92,9000187.05
2021-10-16,8335394.68,7978315.97,7723551.1,7639697.38,7683752.41,7749914.36,7694861.02,8222916.0,8880955.5,9086107.6,9424047.69,9582834.34,9442359.66,9345991.37,9212939.97,9061821.76,9051049.25,9294186.56,10000579.84,9880157.92,9704369.29,9261259.41,8581658.59,8119955.41
2021-10-17,7762715.62,7466874.91,7230092.26,7135087.01,7091862.64,6906943.16,6643198.66,7056528.74,7614901.97,8025483.69,8259587.48,8432444.38,8516895.08,8397642.58,8328999.78,8280412.6,8154063.74,8333559.27,8950075.5,8910662.11,8707586.59,8675705.8,8118945.47,7846450.76
2021-10-18,7590756.3,7342003.96,7104500.56,6955491.05,6959789.59,6905107.63,6887900.42,7340889.21,7840722.65,8291706.12,8619118.19,8889390.27,9004936.23,8991257.54,8877328.27,8773353.12,8682630.78,8821415.43,9736468.06,9864137.92,9695560.77,9337076.16,8861806.65,8321969.98
2021-10-19,7886648.69,7643785.08,7491445.62,7452742.39,7628895.3,7950107.03,8160170.46,8795527.26,9393387.04,9713334.22,10101086.46,10341618.34,10222097.31,9980314.98,10012101.41,10089025.97,10090538.75,10014733.37,10323682.9,10263449.67,9961736.13,9454151.38,8804352.93,8245340.11
2021-10-20,7799778.18,7518433.49,7360008.63,7306670.74,7425451.32,7726002.52,7993374.87,8483287.8,8942822.73,9213953.02,9600098.44,9884061.18,9842474.41,10079394.97,10267779.26,10236032.16,9910663.11,9800473.77,10468458.83,10343192.9,10048860.84,9544194.93,8929306.2,8289430.61
2021-10-21,7829596.71,7591461.12,7384376.86,7311308.21,7486410.93,7772678.51,8020568.41,8523577.8,9036421.53,9319435.58,9580653.99,9901431.42,9863211.51,9826754.31,9935545.05,9934276.09,9833170.92,9849216.26,10367657.62,10241584.59,9949320.26,9428906.5,8777455.9,8190377.41
2021-10-22,7733523.65,7487471.8,7311931.0,7229373.0,7369469.96,7674662.35,7968388.34,8492738.83,9000498.31,9329366.04,9701232.57,10210387.77,10259062.01,10272098.02,10417679.55,10392858.8,10091665.08,9958251.07,10666413.48,10534518.03,9968508.68,9532525.38,8960878.79,8408646.79
2021-10-23,7974166.43,7692900.38,7486879.21,7369660.94,7402392.7,7451820.26,7615718.35,8161606.94,8795183.06,9176704.64,9539129.32,9717475.75,9659773.55,9464790.32,9307496.1,9228248.57,9091593.71,9268452.3,9919815.13,9834787.45,9583859.76,9127937.88,8561823.12,8060253.67
2021-10-24,7669136.7,7391197.18,7196272.48,7026806.03,6954128.35,6805072.18,6685863.58,7041534.16,7466938.78,7886005.48,8139052.45,8383629.08,8484602.52,8427395.79,8252133.8,8188955.47,8114469.86,8333148.75,9177938.09,9247829.89,9128479.53,8869743.79,8431337.3,7949159.9
2021-10-25,7559482.45,7288707.41,7112584.03,7039207.82,7215320.48,7554672.68,7884306.76,8411740.83,8982795.64,9316776.17,9677574.43,9934266.01,9910507.2,9954157.44,10109685.49,10024412.74,9826486.75,9765920.76,10275396.3,10252560.28,10007990.29,9540555.37,8877646.1,8268722.32
2021-10-26,7831520.78,7558259.3,7391088.16,7336462.95,7478858.26,7821411.76,8067762.42,8606644.02,9113553.46,9327367.28,9660266.84,9988906.75,9906259.56,9883724.16,9974419.75,9974341.44,9860478.72,9905710.76,10415550.18,10295257.59,9994882.59,9555407.2,8904122.22,8231943.04
2021-10-27,7801084.72,7519599.7,7360585.98,7275512.55,7444421.35,7824570.58,8100579.18,8570331.92,9053494.55,9317042.63,9658529.94,9929001.9,9851877.48,9879200.43,9989956.09,9961166.76,9793918.3,9779704.55,10329250.46,10250096.92,10018001.51,9561677.13,8852024.8,8242534.81
2021-10-28,7784705.67,7544920.18,7371223.61,7319636.25,7459578.27,7827813.41,8133086.88,8689822.83,9236770.88,9507899.29,9822430.55,10080669.63,9976822.01,10065152.23,10075921.96,10014407.67,9873308.79,9872420.88,10398275.11,10279370.74,10010498.27,9490207.8,8834048.54,8426019.49
2021-10-29,7748880.44,7474998.6,7263070.75,7145365.58,7303651.54,7605045.23,7885270.16,8397622.37,8890005.1,9141441.42,9391653.08,9626482.54,9524298.26,9507660.42,9620207.35,9612998.76,9538732.84,9576048.03,10090081.71,9955883.3,9654990.31,9191532.6,8585286.4,8034203.85
2021-10-30,7598377.13,7345774.22,7139835.3,7040105.17,7092229.31,7179741.85,7400923.81,7954904.86,8529879.4,8905880.78,9209510.53,9400133.68,9322023.88,9195885.34,9036297.65,8918136.15,8765348.2,8962160.27,9654957.91,9573500.41,9312774.53,8864621.05,8285328.64,7779176.49
2021-10-31,7352481.11,7040998.44,6880932.6,6767141.21,6726323.07,6655558.61,6529452.33,6857380.18,7264777.19,7636423.54,7920107.07,8126642.64,8251695.35,8138956.04,7949018.25,7843564.65,7705084.5,7913937.64,8571185.21,8522878.78,8318371.84,8048338.99,7713200.6,7346040.15
2021-11-01,6961342.75,6697791.08,6521044.25,6463593.0,6475499.74,6397786.59,6324383.15,6665953.69,7061934.63,7467485.25,7852761.46,8141991.51,8302435.94,8213611.54,8135641.78,8043798.81,7983079.45,8194051.07,9033571.85,9139450.57,8959016.64,8590463.86,8077970.51,7551333.76
2021-11-02,7188545.57,6958102.08,6807957.81,6750098.53,6925007.78,7285560.55,7591880.04,8157312.34,8696245.65,9013838.81,9338033.3,9617058.33,9564261.59,9582675.03,9634835.7,9661080.4,9536925.38,9548903.11,10197927.12,10171984.36,9931100.79,9423383.97,8759994.48,8127481.27
2021-11-03,7656878.47,7406587.91,7219430.41,7151860.8,7306391.86,7643706.57,7909468.72,8415798.53,8876035.33,9141078.94,9455023.26,9732755.2,9663998.87,9682754.38,9776385.91,9784020.23,9624771.9,9599819.15,10226464.72,10173320.46,9930080.1,9374019.27,8687259.66,8115120.39
2021-11-04,7616438.29,7341141.96,7155667.88,7076624.94,7264021.94,7622331.67,7931625.41,8439133.23,8883855.58,9164880.64,9531012.87,9833289.34,9743697.82,9747919.91,9851590.57,9854965.75,9667151.99,9690822.48,10276477.84,10254802.4,9964991.37,9325308.26,8672948.51,8165357.2
2021-11-05,7774004.75,7505792.42,7261497.29,7196991.22,7378569.33,7699935.59,8014151.55,8577870.71,9067481.9,9366597.38,9755995.64,9996719.65,9943912.79,10005835.46,10174328.82,10205831.27,9994692.26,9903216.86,10515268.1,10433075.24,10171586.83,9689065.8,9113837.76,8547974.02
2021-11-06,8052774.13,7736425.53,7518331.6,7409610.42,7466378.48,7489826.39,7655043.71,8256407.81,8841562.34,9170236.93,9493742.01,9796112.12,9691808.43,9548720.45,9437852.83,9363699.05,9229433.07,9325231.95,10085666.8,10034380.67,9678382.84,9261367.48,8700935.8,8229549.52
2021-11-07,7817842.36,7518510.76,7283037.3,7123577.3,7056879.38,6933888.26,6814245.32,7147455.18,7559878.81,7937563.22,8273337.84,8548227.65,8660271.79,8602796.33,8539149.55,8459084.03,8320952.79,8547851.73,9389618.9,9456642.81,9316518.92,9023738.3,8580783.55,8077980.45
2021-11-08,7679925.39,7432063.78,7247627.98,7176063.28,7299444.73,7675959.05,7986128.28,8545736.6,9087894.01,9335564.56,9635743.06,9892900.75,9833456.8,9856585.62,9949858.85,9956172.22,9813540.79,9907408.84,10481825.87,10383755.13,10112773.92,9613423.25,8906937.1,8267186.71
2021-11-09,7850500.48,7607355.98,7415073.62,7342950.09,7495243.8,7810819.23,8097282.33,8633978.09,9115118.47,9375756.18,9704486.15,9979428.43,9916730.52,9962506.57,10119184.54,10095629.21,9893625.16,9855790.02,10414664.47,10327322.12,10065470.3,9520756.96,8870168.93,8254937.33
2021-11-10,7770129.83,7524930.69,7341664.54,7252455.46,7402464.6,7731839.14,8011836.87,8561458.76,9023367.25,9303173.49,9603141.02,9866608.31,9766400.28,9829683.21,9979965.18,9998589.0,9886511.71,9920959.88,10453680.65,10373335.26,10091050.95,9563473.69,8908102.92,8282289.64
2021-11-11,7799476.44,7518871.98,7331798.34,7280972.59,7431122.49,7767424.64,8038493.89,8542719.69,9113408.42,9396550.09,9711179.21,9992750.28,9904738.45,9953582.88,10105415.99,10134039.89,9958850.15,9932162.29,10571219.72,10491199.95,10135452.8,9605012.95,8980203.29,8356171.37
2021-11-12,7845475.16,7592185.99,7413419.59,7341278.51,7463711.21,7756524.55,8038239.63,8617716.62,9179653.12,9486623.36,9796740.42,10093588.83,10027113.25,10047359.39,10184440.91,10169116.28,9939061.03,9891286.01,10431827.19,10287553.2,9977954.09,9569195.62,8975557.07,8412521.81
2021-11-13,8007519.86,7687896.74,7482755.6,7353261.21,7345250.41,7407000.99,7566351.07,8168632.92,8720960.34,9053088.94,9346408.48,9568792.68,9550956.64,9422363.17,9323852.5,9246867.19,9110032.22,9324875.36,9953768.61,9852699.19,9576817.4,9079601.48,8536775.24,8118047.82
2021-11-14,7713172.36,7418463.74,7228052.27,7066487.51,7015180.93,6903406.0,6766056.04,7090446.05,7488308.01,7846317.49,8124653.59,8322078.69,8404313.34,8385531.47,8251124.26,8156908.55,8032129.59,8233873.43,9051897.43,9044088.56,8910977.83,8635327.13,8260996.3,7831287.29
2021-11-15,7443804.4,7199751.42,7022728.47,6880162.6,6846131.91,6772198.11,6750484.23,7208366.4,7623766.52,8043847.07,8384031.99,8675251.19,8736784.33,8666271.97,8548182.44,8417773.05,8328998.11,8586863.04,9383305.15,9479184.44,9326180.28,8944780.45,8448174.97,7921804.5
2021-11-16,7555290.6,7305193.51,7170997.26,7104400.46,7302339.3,7656566.54,7977926.3,8548546.19,9189070.45,9479988.85,9862044.51,10082646.28,10226263.79,10331646.98,10416634.83,10199317.56,10164437.89,10294296.23,10641221.76,10496518.69,10235827.8,9889323.75,9087047.24,8417773.68
2021-11-17,7923670.0,7637650.78,7441402.99,7360670.75,7470183.67,7761071.25,8041183.69,8622257.91,9155690.1,9455986.03,9787791.08,10082583.91,10001314.72,10011648.6,10148269.94,10140783.01,10188610.28,10000775.37,10484629.7,10393831.5,10147984.05,9946903.99,9214958.51,8398796.09
2021-11-18,7900487.75,7617034.37,7462567.27,7392943.25,7507587.09,7789658.98,8070922.29,8623806.3,9134509.83,9656200.5,10005914.88,10267736.87,10303017.65,10377680.58,10392165.46,10361068.01,10298537.71,10312312.07,10607782.01,10473958.44,10381897.25,9834488.86,9082315.75,8469425.82
2021-11-19,7998701.72,7705358.26,7508915.01,7414547.56,7515770.83,7816788.28,8108633.99,8694619.98,9238243.9,9515880.33,9825062.29,10073534.01,10024890.69,10024853.58,10140831.26,10119099.59,9960993.61,9870286.97,10401782.02,10311766.05,10085779.08,9645346.2,9097122.37,8525417.32
2021-11-20,8072153.57,7772067.8,7539282.18,7434131.46,7492587.66,7553049.32,7720522.25,8299909.14,8848406.39,9159281.31,9469822.1,9758045.69,10008929.66,9828712.65,9779724.93,9641679.75,9234607.55,9400290.38,10028207.96,9949899.35,9685175.52,9247006.15,8675061.31,8170946.88
2021-11-21,7806072.37,7490003.28,7317978.68,7134520.84,7013896.04,6894805.43,6774281.74,7111942.8,7464046.5,7796264.98,8079591.16,8316369.33,8454571.4,8423856.77,8290019.62,8196851.97,8130831.71,8373155.36,9190507.35,9238955.04,9101167.46,8793882.7,8409652.1,7958459.13
2021-11-22,7601669.78,7340672.07,7186561.67,7139642.63,7215529.28,7514960.13,7837498.37,8471354.84,9017897.13,9358816.24,9679827.49,9940927.61,9876336.65,9841384.19,9902741.65,9884508.67,9757054.58,9752964.01,10313964.83,10279458.74,10015069.57,9522132.44,8849269.12,8234674.33
2021-11-23,7763034.0,7518124.25,7337359.86,7240031.74,7381694.06,7639098.57,7898891.97,8487262.94,8985273.73,9322971.75,9561415.25,9832429.5,9799914.24,9793620.24,9883412.42,9862094.14,9733460.68,9939880.88,10199476.72,10090615.68,9856932.26,9437818.4,8736406.69,8062797.66
2021-11-24,7654386.64,7413210.56,7251727.22,7179660.22,7339239.87,7706275.2,8058878.52,8628185.28,9036005.02,9212431.27,9528610.65,9770729.01,9692180.27,9676480.62,9768882.65,9733853.71,9601663.57,9632289.66,10170753.13,10108146.66,9789159.33,9321928.45,8711682.96,8037094.25
2021-11-25,7592019.04,7335909.1,7173686.41,7124954.83,7245004.91,7508205.67,7778781.06,8377095.9,8928816.45,9203397.4,9469907.2,9748370.54,9740897.31,9696544.2,9802264.85,9726316.64,9543102.4,9678922.72,10244793.42,10130617.64,9819158.78,9357934.89,8690009.29,8136850.43
2021-11-26,7709665.08,7453146.74,7273081.56,7220050.54,7333134.46,7583292.15,7846407.23,8459705.7,8914323.28,9173328.5,9438460.51,9683291.2,9637738.85,9579473.6,9639245.84,9609889.1,9494536.24,9508138.27,10054345.67,9957595.15,9660147.74,9205755.74,8594633.77,8046981.63
2021-11-27,7579742.45,7317939.07,7128879.1,7028589.88,7090727.46,7168459.1,7338425.5,7942673.41,8500626.46,8882366.38,9180456.98,9359022.2,9370240.68,9195214.53,9049840.01,8983739.97,8886557.28,8970241.47,9737214.29,9702375.8,9424125.56,8966804.42,8414392.12,7935543.51
2021-11-28,7527715.26,7230083.96,7008209.15,6872742.46,6797357.99,6690166.64,6588561.82,6984572.47,7424620.1,7788814.2,8067474.03,8308171.29,8424295.85,8408430.45,8283147.87,8206428.09,8091391.18,8286251.41,9140118.28,9245956.77,9110812.12,8832541.09,8397930.37,7922173.73
2021-11-29,7542888.55,7286451.52,7093728.47,7041571.83,7170173.81,7362495.02,7634020.14,8285376.17,8873550.98,9221144.47,9580905.6,9847073.08,9684835.74,9588697.28,9795036.34,9816520.37,9662776.38,9636852.56,10229705.66,10226260.69,9990135.87,9497822.84,8883865.04,8321798.37
2021-11-30,7862727.72,7560165.21,7373630.92,7288678.98,7400042.95,7648582.3,7890250.82,8466415.36,9016226.74,9286561.21,9570435.74,9826838.15,9791294.67,9768090.65,9871048.72,9854589.87,9720492.83,9759748.01,10328633.94,10236354.76,9970314.61,9484010.01,8882212.25,8305282.18
2021-12-01,7832105.41,7554064.21,7319900.64,7209341.94,7356880.92,7552128.42,7835919.62,8405038.22,8933271.73,9255542.6,9571184.34,9820752.42,9766912.95,9765464.62,9836642.31,9913015.03,9793702.06,9726287.43,10309554.8,10166493.94,9924028.67,9464861.63,8863735.11,8233479.4
2021-12-02,7728995.95,7444201.59,7273961.55,7191432.33,7313401.74,7601881.91,7879440.31,8519947.88,9046804.86,9304734.55,9626899.09,9926287.87,9894715.94,9893139.43,10006351.5,10030588.05,9876297.79,9782067.08,10439303.29,10382807.34,10124534.66,9674594.96,9059116.05,8428930.29
2021-12-03,7959012.79,7661958.25,7434483.71,7364764.4,7492991.46,7773004.63,8024754.66,8672944.56,9227143.27,9541147.54,9824656.65,10041928.84,9980297.99,9996095.35,10132342.56,10118699.04,9905090.76,9841624.38,10453069.86,10317428.48,10040830.51,9639620.21,9074395.39,8492391.82
2021-12-04,8045448.84,7731248.85,7539276.7,7404738.02,7497764.76,7595816.49,7731585.77,8300097.17,8835294.79,9168311.35,9465408.82,9691824.68,9608659.75,9436327.52,9318731.99,9248355.1,9084142.01,9190414.3,9954328.21,9914094.51,9642035.35,9202088.18,8654776.11,8171859.39
2021-12-05,7770056.03,7491038.86,7278991.15,7088801.77,7030121.05,6979456.56,6833749.02,7209362.22,7642004.7,8006426.75,8266986.13,8429351.39,8552076.92,8458200.71,8337793.62,8292174.27,8218042.05,8409865.61,9224381.34,9337749.18,9252993.49,8975173.03,8567703.13,8113918.15
2021-12-06,7633074.69,7378324.09,7171468.99,7098932.79,7255604.69,7490108.25,7791156.79,8481079.72,9057869.83,9409923.31,9718799.14,10000684.22,10015524.05,10045538.55,10172052.47,10128947.66,9910011.11,9759182.32,10434020.6,10385480.1,10141135.74,9695491.17,9047618.32,8393011.37
2021-12-07,7893141.66,7630368.44,7448382.91,7340424.52,7460960.72,7738455.49,7983920.84,8626331.2,9203074.97,9516389.26,9829347.81,10106834.65,10057997.82,10091621.96,10183530.56,10094192.81,9893286.89,9657420.81,10201027.92,9901787.71,9421183.48,8982658.97,8601166.59,8224819.53
2021-12-08,7870444.88,7586829.82,7380762.62,7230043.09,7181399.98,7148789.26,6992448.13,7369857.8,7777265.64,8165865.04,8537657.82,8849589.91,8955688.81,8871190.97,8751409.17,8677107.36,8540696.35,8640725.0,9495398.21,9500530.02,9296543.14,8990310.36,8532193.14,8089334.03
2021-12-09,7652433.34,7400841.02,7238348.99,7150951.78,7309445.09,7545299.89,7793956.9,8472946.46,9074647.72,9415812.33,9781705.75,10080588.89,10054637.5,10068708.83,10195837.15,10146944.88,9935862.69,9813434.8,10438905.23,10388697.97,10118855.66,9699442.73,9037505.77,8417093.37
2021-12-10,7948069.74,7674867.97,7463806.58,7381825.79,7488684.89,7674874.97,7869232.13,8520921.4,9077256.54,9420750.92,9753762.74,10016210.67,9915476.44,9930060.23,10043246.21,10023023.74,9820795.52,9719729.46,10353452.79,10228109.48,9970219.61,9502664.73,8956990.33,8374793.86
2021-12-11,7905608.52,7622325.52,7398872.51,7295627.1,7333905.91,7411982.56,7531169.24,8079213.72,8569926.57,8919255.42,9201687.65,9427908.6,9363789.38,9278540.04,9160028.28,9078187.26,8918303.78,9102137.05,9844973.28,9793264.25,9505353.75,9067686.66,8542685.91,8089518.65
2021-12-12,7650051.05,7335570.72,7095012.5,6926465.29,6884008.71,6804591.33,6718931.04,7054249.55,7470230.75,7813011.96,8075468.48,8312496.85,8477849.28,8424062.25,8249954.26,8119050.56,8034702.0,8241360.21,9097353.67,9148960.58,9013248.48,8704629.95,8251678.63,7790179.96
2021-12-13,7399493.73,7168893.15,7030720.36,6982167.6,7047100.86,7231360.94,7452011.77,7990389.35,8582463.8,8978824.4,9313726.06,9609593.42,9580512.62,9601615.19,9704764.12,9734363.81,9557778.12,9477134.12,10179534.09,10235884.27,10028233.34,9560539.68,8868572.76,8199871.66
2021-12-14,7702709.09,7479487.34,7309698.94,7209576.68,7352890.85,7576102.22,7716227.69,8313482.85,8812472.84,9171325.06,9443740.57,9717315.96,9712100.3,9753651.49,9871879.62,9878447.98,9720865.06,9596635.2,10269219.95,10260790.85,10044893.31,9576869.07,8936540.14,8336247.84
2021-12-15,7894898.28,7602366.85,7417106.58,7303895.6,7467397.71,7712035.7,7921836.79,8494545.25,8989251.61,9315066.43,9624629.99,9908137.15,9800996.73,9820707.25,9934266.32,9875861.69,9731792.69,9613821.51,10341817.38,10370833.02,10154424.01,9760555.09,9135363.61,8538233.74
2021-12-16,8081913.37,7744463.84,7527616.4,7418041.82,7525655.26,7784582.05,7985879.63,8605512.69,9169943.83,9500202.15,9731400.52,10044345.78,9986543.89,9947115.75,10099054.61,10106257.02,9912072.25,9728145.6,10390029.13,10299488.89,10104469.12,9765687.75,9143558.69,8531722.97
2021-12-17,8003048.97,7664907.92,7468241.19,7364920.1,7484531.52,7699746.36,7899055.87,8494815.58,9063534.42,9363414.59,9656453.64,9929283.63,9863176.12,9800392.64,9903224.61,9906966.95,9756822.81,9678923.63,10298311.15,10190600.43,9935038.91,9585452.67,9064774.67,8483211.78
2021-12-18,8023784.9,7718509.28,7519897.37,7397034.4,7468430.43,7578371.15,7671892.43,8193798.77,8759291.65,9040845.19,9289694.26,9498999.63,9439607.45,9272527.7,9115018.5,8975749.51,8861618.09,8968468.49,9712523.69,9668523.69,9434243.11,9064609.81,8606248.12,8142212.8
2021-12-19,7705476.23,7369126.75,7142781.36,7006653.05,6926752.26,6891987.18,6702831.42,6997706.95,7414974.87,7816696.7,8087913.65,8380484.23,8457091.03,8421966.21,8336859.42,8238328.61,8164129.19,8278200.81,9126140.59,9233964.71,9141638.42,8911061.22,8550974.54,8055125.57
2021-12-20,7630007.66,7353883.54,7190886.29,7112426.12,7232669.96,7438000.58,7671199.37,8346171.88,8919346.99,9288743.54,9608736.24,9918734.68,9927199.57,9942210.85,10077795.84,10017523.9,9832323.73,9677388.67,10259742.51,10217559.47,9988291.04,9614616.85,9019507.26,8466429.78
2021-12-21,8006182.76,7690784.85,7505327.0,7416837.03,7511513.85,7719944.36,7912802.22,8476354.06,9036588.06,9316261.79,9568998.73,9809147.5,9801635.32,9823129.71,9932065.87,9951253.83,9776459.5,9651812.38,10214911.89,10178623.64,9987108.36,9585885.96,9004181.1,8432661.83
2021-12-22,7948015.22,7670327.17,7454297.0,7377587.47,7533851.91,7770501.63,7972133.04,8553486.6,9085790.47,9363800.71,9667529.87,9937314.14,9852987.18,9798407.6,9877483.77,9767655.33,9636350.94,9503337.97,10172652.44,10174631.17,9954757.37,9570336.93,9041968.73,8462786.77
2021-12-23,7932255.31,7625552.51,7420304.91,7326660.68,7453111.73,7626124.99,7834278.63,8382906.22,8945162.58,9237096.71,9501915.81,9756839.76,9707709.09,9674000.43,9786030.36,9694689.86,9501860.26,9329255.91,9969038.6,9976206.53,9766848.66,9390368.6,8891936.17,8342230.6
2021-12-24,7870017.77,7550651.83,7306565.34,7159225.24,7199523.44,7317499.14,7369909.78,7849180.71,8326222.06,8619121.73,8890809.83,9022035.15,8896614.73,8745995.67,8553663.05,8497592.22,8418331.39,8444395.31,9281112.97,9284424.66,8824245.87,8324358.88,7914120.77,7598109.78
2021-12-25,7332317.61,7165383.05,6973668.34,6817692.4,6689138.83,6597966.34,6243676.06,6351402.46,6625378.12,6916720.22,7206203.99,7441535.66,7596790.17,7606088.0,7553607.54,7498976.23,7397279.15,7447756.27,8307441.87,8432536.98,8322236.21,8100414.81,7760172.07,7413973.46
2021-12-26,7097518.56,6835637.51,6653010.17,6538803.24,6520114.79,6515788.72,6345782.06,6633284.12,7125414.15,7508252.98,7855839.53,8054796.52,8206741.87,8247521.13,8193887.63,8111243.86,7973775.18,8057269.24,8909105.11,9055044.29,8962224.96,8713948.99,8344394.95,7917619.49
2021-12-27,7560686.86,7279530.25,7086821.72,7004639.56,7087638.09,7290615.08,7485418.34,8060800.56,8696924.24,9053920.58,9325314.17,9590094.74,9606779.33,9662370.94,9705040.21,9693712.73,9476250.38,9304304.85,9963948.07,9991887.45,9734366.38,9341704.81,8749576.17,8192554.88
2021-12-28,7685856.53,7420402.88,7234202.75,7143702.48,7236949.53,7437336.37,7603700.44,8122521.27,8668068.79,9000768.74,9318212.01,9571311.24,9577453.04,9628403.58,9701910.8,9669096.72,9503101.09,9320828.25,9976273.63,9968062.37,9711681.41,9260092.25,8671230.4,8142853.15
2021-12-29,7654299.86,7348496.92,7163717.0,7040418.83,7143202.63,7354182.76,7506085.47,8040579.63,8580955.32,8905577.9,9251090.46,9489327.98,9488720.68,9516539.23,9531218.55,9411684.82,9266013.01,9240423.75,9914791.92,9854941.0,9616694.55,9208371.25,8640757.11,8087002.98
2021-12-30,7646215.96,7342945.68,7162243.11,7060447.81,7087936.57,7286940.04,7407487.65,7921562.79,8406641.78,8719008.03,9044887.66,9330984.02,9288818.98,9297608.48,9291163.07,9242368.33,9018468.92,8893414.56,9586572.54,9643686.44,9384368.09,9026058.48,8500708.64,7997646.17
2021-12-31,7511302.05,7176900.92,6909676.14,6769355.96,6751387.08,6843105.99,6796382.15,7205667.94,7664809.38,7947750.9,8190860.42,8347780.6,8323858.32,8230674.12,8105948.5,8040473.93,7950960.69,8034967.16,8915133.48,8972701.68,8595273.09,8076270.73,7620227.23,7300738.79
2022-01-01,7038982.93,6874949.93,6709135.28,6508836.49,6388276.76,6279438.3,5888024.53,5912957.19,6139624.03,6406025.77,6621781.27,6848070.39,7024169.42,7064664.87,7032022.24,6961300.88,6909754.1,6946729.44,7770701.11,7983812.9,7873221.09,7683784.26,7403684.49,7070034.12
2022-01-02,6753472.08,6483225.92,6355468.69,6253929.47,6196955.31,6221160.69,6020751.83,6266191.08,6660815.13,6973583.09,7284785.79,7545561.34,7690861.73,7711444.65,7645000.69,7580449.78,7510091.78,7565604.54,8403106.23,8591631.15,8471517.84,8240718.06,7920087.13,7492925.97
2022-01-03,7080635.54,6830369.75,6669780.13,6577095.34,6639395.06,6810406.25,6906940.75,7413755.06,7924896.26,8222255.66,8552698.41,8872505.02,8972260.4,9052406.52,9128971.14,9114170.52,8921692.48,8741361.88,9460291.95,9583717.22,9358658.55,8939315.16,8390789.51,7853879.22
2022-01-04,7463967.48,7196260.0,6979585.85,6894719.34,6950553.18,7148726.9,7255626.15,7775972.98,8286236.28,8607737.7,8890547.34,9207980.31,9212407.65,9305594.63,9377461.27,9353026.44,9180479.97,8940432.37,9627868.83,9741892.51,9451057.83,9034247.68,8448940.75,7872857.06
2022-01-05,7485788.16,7183707.97,7040285.05,6945255.65,7019741.08,7190600.34,7313836.58,7755260.87,8292121.89,8607336.74,8979503.6,9237344.55,9226066.21,9214747.18,9332530.72,9394813.66,9236189.06,9089288.65,9739706.77,9849086.62,9567830.29,9155813.01,8566328.93,7994297.39
2022-01-06,7521755.34,7249885.97,7092081.05,6995294.27,7075884.34,7236304.57,7361347.84,7846622.92,8385793.3,8702192.08,9022952.12,9299751.51,9354692.59,9396090.8,9395056.11,9408647.21,9297868.41,9139207.04,9761307.95,9833199.16,9541601.48,9093703.51,8535261.22,7963524.12
2022-01-07,7587988.18,7266053.92,7124719.96,7026561.11,7095314.91,7270528.94,7402921.38,7925529.82,8420706.0,8763559.36,9087136.05,9358915.67,9411098.97,9411547.59,9484519.99,9447925.8,9264683.27,9086128.9,9732305.94,9809828.79,9554337.34,9129384.53,8608023.89,8069793.96
2022-01-08,7673152.39,7396181.67,7220353.02,7112017.69,7115643.85,7186161.83,7237400.29,7664619.69,8163729.53,8520408.36,8851038.54,9102785.97,9128485.78,9053236.11,8910231.72,8812853.34,8697220.14,8689699.45,9376104.1,9511879.92,9241496.49,8826353.07,8324517.88,7860890.7
2022-01-09,7467186.52,7167857.99,6969525.48,6821585.62,6781898.08,6756467.13,6545703.54,6805980.42,7179255.85,7485661.76,7755692.12,7993749.26,8127482.86,8093994.31,7981108.63,7869393.56,7786101.87,7769976.19,8566838.75,8796324.3,8599328.16,8314865.55,7943126.19,7583753.36
2022-01-10,7204510.37,6937130.25,6738881.46,6620205.11,6613524.1,6648139.76,6515370.4,6818976.97,7207039.7,7551334.29,7892645.11,8203816.49,8315725.01,8251437.59,8154725.6,8083499.54,7990517.22,8033692.69,8872376.07,9036714.31,8842379.53,8472383.54,8063910.1,7622428.35
2022-01-11,7258707.91,7033038.34,6878011.24,7026591.65,6941517.86,7181458.26,7396523.06,8198174.95,8522786.47,8787978.46,9060068.94,9269680.32,9307872.39,9290094.09,9371209.54,9339302.14,9180358.93,8989303.32,9609484.76,9741988.06,9494500.08,9061290.36,8496765.38,7882914.93
2022-01-12,7607523.3,7527432.4,7345717.42,7159532.7,7131681.54,7301850.75,7603071.26,8051777.31,8556996.16,9214603.17,9224337.73,9522684.65,9509161.19,9497882.16,9607062.1,9543888.59,9424231.68,9201269.77,9791163.67,9944904.72,9681961.83,9215751.25,8619158.19,8009402.32
2022-01-13,7547274.02,7284361.31,7097393.89,7022568.91,7139691.68,7368855.34,7599610.27,8190146.35,8943759.45,9373380.6,9721224.38,9983869.89,9999182.05,9961378.97,10058389.85,10012224.24,9886420.8,9714888.6,10152841.07,10164874.55,9987464.64,9483932.18,8836915.34,8289670.31
2022-01-14,7607332.02,7524813.06,7321232.9,7246288.52,7162594.4,7399485.88,7670929.34,8227075.38,9026836.08,9374868.92,9624154.05,9751097.03,9867804.76,9688531.5,9778919.4,9753499.38,9571547.67,9553290.73,9802455.7,9910966.28,9662023.93,9234382.31,8698102.03,8099406.55
2022-01-15,7593030.34,7317905.73,7137796.35,7054300.77,7090007.18,7223382.48,7337006.87,7801584.44,8275668.87,8658740.18,8985535.21,9259135.83,9233257.43,9093321.53,9003024.21,8898239.34,8771612.74,8698719.29,9421060.83,9595885.33,9308375.78,8830440.23,8311461.46,7845600.06
2022-01-16,7447280.37,7144630.44,6937609.05,7064723.3,6723510.37,7017052.47,6496273.77,6771711.25,7163094.89,7518447.16,7848811.38,8104004.22,8278518.57,8265413.35,8447177.87,8060240.56,7929512.84,7992742.12,8848208.92,9129156.38,9000658.69,8709380.22,8296537.86,7815623.2
2022-01-17,7426222.23,7132064.09,6995926.48,6936408.79,7038783.08,7294450.99,7594698.27,8184951.99,8761994.87,9085203.51,9392241.48,9652996.63,9648949.26,9696891.99,9800978.34,9787915.59,9592870.32,9316388.91,9893131.93,10101317.24,9879986.21,9448645.35,8818594.97,8187520.8
2022-01-18,7744173.68,7487195.56,7334789.62,7258852.55,7355539.4,7655941.05,7907527.29,8432496.03,8940892.62,9159556.73,9525706.56,9814105.58,9748574.94,9784920.64,9889623.42,9865495.97,9628909.25,9358449.34,9926317.08,10098772.78,9806636.44,9378705.46,8789083.2,8157039.06
2022-01-19,7700917.1,7438311.34,7242713.58,7153418.6,7278103.28,7568221.82,7844733.51,8356104.34,8897029.58,9178024.08,9572888.84,9933260.14,9850342.11,9865494.02,9985042.51,9992849.99,9828357.31,9486032.85,10043140.83,10239544.13,9987830.35,9549464.24,8937741.8,8276013.09
2022-01-20,7792660.39,7498035.32,7302479.31,7222259.52,7311119.76,7651124.57,7906823.03,8446648.14,8983999.74,9299899.85,9591405.96,9959429.5,9910203.48,9937320.36,10096577.79,10052248.19,9899942.21,9556738.87,10076787.69,10279798.77,10064741.19,9636225.45,9020619.96,8401449.23
2022-01-21,7920441.77,7637133.28,7415075.56,7319967.05,7456808.17,7743697.58,7973699.35,8520941.01,9036096.88,9386417.36,9842186.2,10250286.07,10199660.1,10205653.72,10385921.84,10299519.93,9948957.28,9639793.33,10182554.38,10331094.56,10074897.37,9674927.32,9126846.33,8482070.01
2022-01-22,8015026.44,7692963.83,7485658.45,7389127.13,7398886.51,7525864.09,7634471.5,8113063.86,8651379.08,8997470.19,9279344.85,9551846.16,9503457.67,9412322.72,9317789.76,9229171.09,9030590.1,8954305.89,9631680.83,9799055.44,9534262.16,9104151.61,8596082.0,8118617.94
2022-01-23,7717824.74,7399529.25,7164250.49,7026825.54,6964961.3,6943300.95,6804147.15,7007696.36,7355561.93,7689382.14,7986036.63,8276766.1,8419316.58,8384724.42,8296379.67,8235198.43,8100718.98,8018598.62,8824503.57,9199355.89,9063184.54,8786069.72,8342956.84,7885787.4
2022-01-24,7470931.98,7220725.72,7050164.23,6986623.85,7131118.07,7553625.96,7808941.46,8309520.18,8846860.09,9242004.86,9626673.3,9856231.18,9814608.65,9873354.98,10015687.48,10022699.82,9809603.92,9471695.57,9977893.54,10221205.84,10001582.17,9567437.1,8944366.74,8285624.72
2022-01-25,7806440.64,7535577.84,7287566.97,7279209.14,7417174.18,7814186.39,8010215.09,8451938.1,8926428.0,9288064.13,9653894.8,9887733.1,9826683.65,9857138.58,9975994.7,9945272.37,9772527.61,9479993.69,9995735.86,10201719.44,9979849.05,9534309.05,8911357.09,8268133.35
2022-01-26,7807507.84,7485726.66,7347979.17,7292645.29,7419419.02,7799895.26,8044904.83,8510897.0,8993719.43,9300526.37,9592604.8,9832788.91,9773517.05,9804418.76,9948638.75,9960101.63,9841927.08,9523870.27,10013445.37,10199739.53,9976771.58,9553923.38,8958851.13,8321239.32
2022-01-27,7817410.17,7558316.03,7369099.58,7283980.46,7409673.64,7824158.74,8053415.86,8524294.97,8983595.38,9263886.89,9574096.88,9898571.46,9843013.74,9863147.34,10050850.38,10059365.63,9865399.26,9612297.88,10129378.01,10313554.02,10072907.26,9548257.28,8929568.74,8285678.01
2022-01-28,7810277.65,7523427.52,7364149.29,7290549.32,7415300.02,7795013.43,7996143.55,8482681.65,9047598.57,9359377.25,9702429.29,9998194.76,9923015.52,9973891.57,10094197.32,10100168.55,9948685.8,9627812.2,10037234.55,10170789.9,9893135.58,9473066.91,8958153.75,8360569.25
2022-01-29,7895515.46,7602846.63,7431790.47,7303938.04,7350219.95,7511699.19,7632674.45,8102751.14,8605257.19,8940024.3,9259400.69,9493528.18,9475014.48,9325968.96,9213331.63,9127867.8,8958823.34,8773184.15,9459768.28,9653772.5,9391317.71,8933332.01,8386556.94,7915645.67
2022-01-30,7471847.33,7187291.68,6975286.63,6797432.41,6741224.86,6728834.03,6554614.7,6814200.63,7228603.42,7543255.1,7781831.13,8022898.74,8117422.68,8110228.03,8032050.23,7964875.37,7863245.73,7832507.48,8582957.69,8944458.66,8842900.86,8579287.92,8153813.77,7642957.26
2022-01-31,7282530.37,7046396.31,6915118.71,6804105.6,6950099.86,7424507.98,7664335.82,8109555.06,8637458.39,8988150.05,9347286.27,9576542.7,9509467.82,9581531.52,9777080.43,9750001.49,9573278.22,9270560.49,9809092.78,10067693.86,9860496.89,9417504.11,8759003.64,8091440.72
2022-02-01,7624876.66,7376274.09,7205183.94,7127065.86,7298713.39,7818342.47,7984019.27,8315583.85,8784384.82,9106164.07,9445092.28,9746389.32,9635398.84,9786926.2,9956745.08,9973817.28,9832288.96,9533816.6,10078048.85,10348295.36,10050190.93,9523880.44,8897997.94,8232099.11
2022-02-02,7796607.0,7539707.81,7357001.2,7287347.96,7456346.16,7946296.08,8083659.28,8454698.5,8908019.15,9201678.97,9553206.61,9848593.27,9794659.12,9892302.02,10104083.91,10098027.77,9907986.05,9547108.16,10037938.57,10338845.04,10136686.88,9666148.25,9007300.34,8332002.28
2022-02-03,7864765.73,7592979.01,7391701.64,7322330.29,7482417.44,7968036.17,8135830.72,8505535.05,8959898.58,9264709.12,9615259.64,9963256.72,9864788.16,9978256.14,10212814.98,10218793.79,10000507.31,9649554.54,10146162.37,10442391.61,10153416.57,9770389.65,9100718.93,8445039.31
2022-02-04,7999090.45,7700615.47,7520594.36,7434940.0,7583921.32,8091936.51,8253980.28,8622574.05,9070505.7,9356459.37,9710273.42,9978160.02,9871343.63,9964418.12,10096875.75,10097431.89,9933763.05,9528530.32,10042998.3,10250640.3,9998815.21,9570370.19,9028537.68,8442382.16
2022-02-05,8004148.77,7701254.21,7493942.43,7367529.92,7391679.71,7526215.8,7676297.0,8126970.52,8672479.81,9026188.24,9369271.11,9587552.06,9556923.86,9349641.88,9158131.56,9094642.39,8961888.67,8879218.18,9472954.48,9702796.35,9425915.4,8941163.54,8417956.3,7929444.57
2022-02-06,7557874.23,7275613.32,7040091.46,6887182.85,6802451.06,6766222.74,6570776.74,6783820.39,7198624.89,7542380.35,7765591.24,8082928.56,8217762.76,8198643.88,8102008.68,8073344.98,8001027.96,7971759.74,8704451.61,9080860.25,9000454.88,8721288.88,8292378.3,7811589.95
2022-02-07,7408624.31,7196740.32,7069445.75,6991114.81,7189185.22,7756520.5,7945315.33,8348007.88,8785243.72,9079394.5,9402024.98,9604676.75,9526670.37,9608261.02,9704191.01,9757109.88,9624665.51,9348734.0,9872012.58,10162732.15,9950633.54,9427519.36,8810821.87,8168097.81
2022-02-08,7740904.52,7471399.68,7292718.48,7240121.64,7498155.59,8044938.9,8169900.27,8473827.98,8937094.77,9243553.99,9569435.55,9692959.09,9602432.0,9578391.41,9694132.45,9629643.68,9497257.95,9222979.32,9731412.66,10039894.29,9842175.33,9351260.59,8665431.55,8016502.2
2022-02-09,7599798.35,7363705.58,7210938.31,7178740.37,7389706.45,8008923.7,8073119.21,8450260.04,8902238.4,9152309.82,9455300.98,9650457.4,9524214.29,9596572.44,9825325.22,9857051.2,9716935.9,9414234.32,9957027.89,10193500.25,9940158.0,9443956.19,8749770.57,8124116.33
2022-02-10,7685108.59,7421649.95,7250147.97,7186078.54,7379117.37,7913360.87,8001162.22,8348851.28,8798177.43,9103135.65,9438803.86,9719549.67,9592377.27,9730305.47,9870016.13,9888560.05,9716475.6,9423995.61,9912533.92,10163196.19,9957779.19,9502480.69,8848719.71,8208576.05
2022-02-11,7780363.38,7509172.75,7322302.48,7266072.57,7456706.65,7986728.24,8117793.53,8488721.2,8960538.03,9276061.72,9638414.95,9926802.48,9799566.75,9865860.01,10018604.88,10073781.34,9849682.29,9485217.08,9998449.27,10266287.26,10015208.19,9557026.51,8964765.08,8331784.01
2022-02-12,7907126.49,7615195.97,7435821.81,7326825.14,7369779.25,7539018.51,7661885.05,8171579.24,8723956.73,9064209.8,9376145.54,9630792.51,9561903.67,9445358.23,9371612.41,9254102.49,9130361.92,9012242.04,9661989.2,9914566.26,9627329.99,9178863.55,8641938.35,8147027.84
2022-02-13,7729769.13,7430955.19,7222502.1,7102904.67,6986389.71,6920900.14,6750957.88,6966144.0,7403682.18,7748679.63,7974517.16,8217753.79,8369505.08,8358266.68,8265581.16,8253470.28,8185528.57,8171906.98,8983543.45,9335380.58,9213115.53,8894225.72,8467349.66,7966061.47
2022-02-14,7547453.92,7305563.15,7131150.74,7059480.75,7278006.34,7863838.84,8024673.05,8415108.87,8930566.75,9225908.39,9574265.12,9822109.14,9686062.8,9778714.23,9914352.79,9900854.4,9758030.32,9442034.2,9907786.25,10155096.25,9982141.91,9523929.05,8881427.95,8228803.17
2022-02-15,7790622.67,7494632.42,7359109.26,7274937.51,7450991.89,7966732.86,8109571.31,8483072.13,8918663.86,9158369.61,9443252.23,9678931.97,9564903.5,9650027.28,9851031.82,9884600.82,9709379.3,9356929.28,9810013.4,10105011.59,9883640.06,9445824.04,8760559.32,8128527.99
2022-02-16,7655373.02,7416060.27,7232067.74,7182112.55,7380689.56,7959013.36,8087644.76,8440720.86,8837511.85,9109735.44,9432266.8,9690521.29,9554545.65,9683435.9,9905787.0,9947769.36,9781041.34,9445285.41,9954696.51,10204746.87,10032520.6,9587295.84,8934577.62,8304998.77
2022-02-17,7867746.13,7565591.46,7356372.95,7286337.46,7492680.39,8077251.73,8166560.04,8520556.4,8966233.01,9253486.5,9628702.62,9888250.13,9789026.34,9888741.9,10144693.25,10144425.43,9928893.52,9580780.21,10114933.45,10361403.08,10125182.61,9651102.9,8982229.02,8349456.76
2022-02-18,7879546.16,7626866.83,7448272.94,7347056.73,7539210.3,8078566.8,8214957.05,8577299.27,9026243.05,9346593.91,9650039.44,9902856.3,9723695.46,9740285.29,9941291.0,9912223.02,9711706.23,9372221.65,9906117.89,10098992.66,9819255.9,9355748.36,8809129.42,8229022.17
2022-02-19,7824586.05,7582650.85,7395043.25,7279543.55,7323555.28,7486123.73,7649268.32,8113751.79,8649179.43,8992254.71,9285572.42,9426211.2,9404906.26,9286148.38,9176687.31,9115367.14,8977007.28,8877926.2,9484644.7,9714965.6,9455893.14,9021740.6,8483528.14,7997348.52
2022-02-20,7597909.45,7336898.93,7103521.68,6956312.03,6897784.25,6820089.11,6617273.01,6876143.47,7279232.62,7640994.2,7901625.87,8124160.5,8262922.18,8240778.25,8118329.35,8024033.62,7920497.25,7913695.28,8616563.39,9017639.87,8876161.15,8560092.38,8141148.08,7654387.29
2022-02-21,7292879.45,7079438.86,6924909.36,6862514.7,7113357.24,7730050.23,7840867.7,8295108.62,8795979.1,9134271.05,9498454.09,9770416.66,9700390.33,9786054.39,9994486.22,9957630.66,9834691.26,9545313.18,9958887.19,10228801.06,9954451.05,9530964.34,8857754.53,8217413.15
2022-02-22,7765335.5,7488543.63,7336357.57,7371214.68,7624380.05,8175917.86,8200192.29,8570208.41,9075122.88,9377119.54,9769155.89,10202467.95,10110566.08,10234850.28,10433178.86,10423619.36,10068100.86,9821163.23,10441213.84,10779316.08,10434513.66,9830080.63,9023331.58,8344916.35
2022-02-23,8101995.83,7620361.38,7611410.73,7612265.09,7578363.05,8087345.73,8201567.64,8583759.62,9036672.36,9548165.6,9946281.5,10016195.9,9857755.59,10045332.44,10162761.71,10177887.28,10223980.62,9978481.34,10169341.74,10443162.15,10184933.62,9833300.72,9164354.89,8645207.64
2022-02-24,7965529.57,7657394.97,7739796.97,7750031.3,7687211.77,8128287.66,8261203.27,8647137.36,9126518.54,9367590.0,9654293.12,9910498.88,9807551.58,9898160.25,10069418.75,10111365.11,9900664.01,9599415.68,10074370.54,10285793.48,10055282.42,9609393.33,8952394.8,8327395.13
2022-02-25,7850310.49,7600429.96,7433818.35,7371032.0,7557603.22,8063921.08,8219412.33,8652516.37,9076138.85,9340076.96,9754578.53,10052324.06,9942952.27,9979634.85,10103273.44,10077821.98,9851059.17,9548043.47,9962748.9,10268371.17,10017301.75,9560314.93,8996646.25,8395251.48
2022-02-26,7951997.36,7661478.6,7484372.49,7356383.15,7411774.79,7570118.91,7708653.04,8213708.5,8740461.79,9102635.58,9420205.39,9597468.84,9567277.88,9432987.12,9292914.24,9211332.31,9016427.84,8825262.42,9444222.19,9708157.77,9454362.68,9045619.17,8534662.74,8076129.97
2022-02-27,7649344.01,7394372.28,7155031.41,7017447.46,6943056.16,6913240.7,6752135.25,6990157.53,7374094.06,7732785.99,7970409.49,8197467.43,8335234.95,8288010.85,8171934.67,8055649.84,7983844.58,8040456.11,8742355.34,9047772.27,8918530.74,8568281.9,8136732.39,7684638.8
2022-02-28,7320975.52,7097926.67,6965828.37,6933656.92,7158295.2,7744586.13,7900207.28,8277913.66,8813881.9,9062721.99,9359103.76,9580561.91,9505861.55,9520902.38,9660701.07,9602526.74,9458794.32,9233623.84,9731326.55,10014773.54,9828178.4,9376583.2,8674384.33,8046542.55
2022-03-01,7615241.9,7373978.73,7203109.42,7151455.55,7345403.78,7893216.42,7986453.67,8364852.86,8782422.03,9085855.63,9424029.95,9680693.4,9539886.7,9648207.37,9781930.3,9715863.52,9591503.05,9344225.39,9880158.05,10211443.7,10012632.97,9584494.09,8886809.38,8239181.22
2022-03-02,7787784.8,7564828.62,7398426.39,7317723.25,7518040.72,8112240.74,8202762.16,8516208.61,8938323.06,9198164.64,9490838.06,9743964.85,9587471.77,9597362.97,9670534.0,9641639.54,9532946.55,9276279.13,9784903.71,10023335.42,9843964.18,9393643.47,8732516.06,8102753.12
2022-03-03,7695399.26,7434197.4,7287171.97,7198660.91,7400261.28,7974262.26,8105334.27,8467548.8,8904129.81,9229908.21,9563711.58,9823605.38,9706599.49,9674592.66,9882747.76,9888156.99,9724151.29,9448159.42,9902304.77,10150733.28,9918417.56,9505801.76,8866222.65,8242235.51
2022-03-04,7788802.2,7539258.63,7382147.09,7291311.18,7495826.18,8049746.55,8146860.25,8538400.89,9010200.61,9254419.45,9594652.53,9884758.53,9798154.03,9803986.75,9927476.4,9913756.66,9765325.78,9481330.63,9972301.29,10201136.39,9968678.86,9522491.08,8947748.77,8354828.66
2022-03-05,7906677.75,7623557.67,7439925.95,7332006.58,7427157.71,7602331.67,7734507.52,8253467.7,8777624.57,9117942.58,9384247.42,9560928.18,9514037.31,9321083.61,9217311.77,9099144.42,8994226.15,8870981.23,9481877.98,9660583.63,9405529.94,8957094.05,8394395.76,7900531.67
2022-03-06,7559632.39,7286246.18,7062708.33,6904050.49,6833927.97,6811457.38,6622169.77,6823725.02,7231518.82,7514502.49,7685736.35,7965589.35,8095282.19,8078234.73,7930007.33,7788838.75,7671959.47,7768919.62,8521494.24,8872351.78,8749672.92,8430207.72,7974094.35,7488977.03
2022-03-07,7148770.36,6939524.75,6837038.18,6791907.72,7059452.74,7657751.24,7869909.42,8263749.32,8744940.23,9066404.22,9425472.2,9709544.1,9558659.35,9604899.03,9777888.39,9799084.21,9640898.25,9399714.52,9883330.71,10233958.59,9995976.32,9548041.96,8875149.74,8176915.41
2022-03-08,7772540.79,7500914.02,7288346.89,7250386.88,7485562.42,8018950.36,8090863.62,8457554.3,8877942.59,9245928.42,9591223.51,9874492.74,9756039.19,9789993.71,10031964.0,10101166.6,9939831.56,9566307.64,10005459.04,10298741.19,10005453.95,9577972.68,8950836.34,8285698.36
2022-03-09,7815811.78,7548264.0,7361932.44,7269535.23,7487071.57,8018190.08,8109752.31,8451144.88,8912013.79,9210852.71,9579672.2,9849189.7,9756786.44,9853177.73,10084395.23,10105586.77,9896373.58,9503969.94,9926823.08,10306774.44,10034473.04,9557112.51,8901111.8,8269706.92
2022-03-10,7816228.25,7557623.96,7386173.8,7320901.71,7505411.94,8076055.33,8169991.98,8542852.65,8991567.27,9249790.07,9608078.55,9912726.72,9764834.45,9825717.77,9994976.12,9961830.19,9754584.76,9495461.08,9936013.55,10271640.19,10055481.14,9571889.7,8905366.42,8280227.84
2022-03-11,7840465.9,7578596.72,7382087.48,7290919.1,7465628.56,8000790.98,8140018.12,8563720.27,8998016.52,9351924.39,9647773.38,9918271.11,9880875.66,9955106.87,10063761.73,9938231.57,9741152.82,9454684.57,9878705.36,10137458.8,9898482.4,9478288.66,8939150.03,8350252.9
2022-03-12,7861375.12,7565206.05,7384437.84,7287875.62,7306035.9,7465717.39,7597824.16,8097544.78,8684357.61,9091408.73,9342255.67,9635471.35,9623918.21,9484729.62,9334426.92,9199272.88,9073275.24,8977330.28,9478243.23,9699780.16,9442866.15,8977159.65,8434566.06,7959037.53
2022-03-13,7555935.22,7301005.18,7073146.71,6936264.87,6873838.77,6875629.41,6778685.66,7026641.51,7379573.46,7650694.57,7869425.88,8006488.11,8120511.73,8069944.76,7915613.88,7860959.2,7906302.2,8015279.13,8739975.36,9141254.46,9023861.27,8724884.21,8253234.72,7775158.19
2022-03-14,7443050.37,7206948.39,7057474.26,6994952.11,7228001.14,7777469.52,7951913.29,8456583.37,8992315.25,9340994.01,9661396.78,9927097.34,9887623.99,9983478.99,10099825.7,10078255.15,9930028.07,9598838.61,10020263.3,10231467.17,10027720.91,9531398.65,8876259.5,8249988.17
2022-03-15,7806668.48,7540421.87,7382717.54,7298428.99,7500974.38,8046022.93,8154395.27,8583014.69,9011346.64,9262493.75,9599190.02,9803904.53,9763413.63,9850798.71,10045904.41,10102807.62,9930576.73,9609735.37,10140500.77,10396393.06,10166151.85,9699788.82,9004757.56,8377767.54
2022-03-16,7907101.94,7645586.6,7471480.75,7389172.78,7603007.16,8167350.47,8234654.48,8612693.23,9070413.67,9366400.14,9735337.13,9988789.76,9882506.82,9997034.87,10169575.03,10176694.06,9966232.47,9630613.11,10108645.83,10401917.72,10186449.16,9705831.49,9032153.68,8349475.9
2022-03-17,7892057.64,7567536.29,7438842.37,7393930.0,7620329.74,8152631.81,8219735.0,8633991.75,9109499.01,9383898.73,9701193.18,9949058.23,9879739.14,9970098.51,10152269.41,10077710.37,9740695.22,9591178.75,10104176.26,10426460.92,10204348.59,9745856.78,9067117.74,8404967.86
2022-03-18,7959075.23,7732458.58,7539054.15,7446368.76,7659442.72,8155357.33,8250943.92,8677988.7,9174004.34,9434700.39,9787924.93,9993837.11,9896135.88,10000416.41,10168651.26,10140370.32,9971858.48,9654306.04,10089880.4,10326441.68,10088672.61,9658844.77,9098955.56,8499545.09
2022-03-19,8065996.64,7777363.78,7580829.64,7461442.09,7474901.14,7592069.73,7714262.94,8260572.21,8830424.16,9140587.5,9428960.21,9560603.47,9559160.48,9385358.04,9272507.39,9227089.63,9075054.12,8989717.7,9619391.43,9853621.65,9572518.44,9080599.31,8590162.36,8111610.34
2022-03-20,7764959.84,7505964.42,7284369.42,7124730.83,7047665.33,7003242.27,6876920.22,7113729.73,7497751.03,7828809.51,8119263.82,8269138.36,8376060.04,8374050.03,8233327.88,8136513.39,8054304.21,8026707.58,8720062.83,9038021.06,8869751.31,8573431.9,8184427.51,7768738.73
2022-03-21,7424680.72,7192827.87,7025127.32,6907646.94,6893508.67,6912665.25,6805089.64,7096949.37,7536394.06,7946545.33,8284176.17,8578171.56,8700030.96,8654312.4,8518276.35,8432014.16,8358658.45,8356185.92,9099785.06,9477944.26,9327738.66,8970838.03,8463544.44,7980472.77
2022-03-22,7596917.71,7353554.43,7201823.26,7156593.44,7390937.33,7944018.57,8072411.01,8502785.74,9000583.59,9304255.9,9638509.12,9939101.16,9836296.7,9871114.78,10046027.76,10070526.32,9859543.53,9542166.85,10086069.18,10405307.5,10163051.62,9719109.89,9038425.49,8389590.67
2022-03-23,7917703.69,7648566.21,7476636.7,7408872.03,7635235.83,8105060.85,8155613.58,8563816.17,9054223.16,9371966.77,9749380.46,10010212.32,9873191.76,9944552.68,10114734.51,10124906.28,9939380.77,9623843.33,10101470.96,10398192.87,10191638.49,9717903.33,9061071.48,8421066.41
2022-03-24,7983035.26,7721766.89,7526699.57,7466125.79,7696893.9,8190710.2,8275715.62,8679543.74,9170052.73,9463101.3,9833238.48,10073246.57,9977261.02,10041724.79,10276581.11,10250896.07,10089935.84,9800601.33,10357748.39,10609064.71,10321055.46,9851721.6,9178782.59,8529039.18
2022-03-25,8088674.28,7784860.39,7606607.82,7535874.12,7686998.74,8184415.33,8310894.89,8746572.24,9241109.23,9507597.5,9863711.49,10119017.03,10070026.71,10134015.34,10309380.38,10356676.38,10149721.24,9860524.14,10278999.85,10497804.35,10231777.26,9796588.39,9228802.03,8641917.14
2022-03-26,8163430.85,7885911.48,7691972.54,7585352.41,7636326.76,7766541.24,7869976.28,8387593.85,8877714.44,9162196.78,9475662.05,9722781.98,9657863.95,9484587.85,9367873.94,9212708.57,9071723.86,8980105.28,9588840.44,9789965.42,9520565.51,9053273.37,8539429.49,8053977.78
2022-03-27,7675519.14,7367688.13,7175066.03,7051432.23,6986929.86,6969027.48,6806434.77,7158403.78,7538295.48,7852065.23,8103144.93,8307744.75,8420451.21,8385806.42,8227188.13,8115045.54,7995080.84,8037779.08,8764194.62,9084050.47,8969887.35,8669792.71,8197529.08,7628884.42
2022-03-28,7353378.16,7151349.43,7035822.88,7012249.6,7242796.25,7806086.39,7965337.32,8392822.26,8831153.02,9072918.54,9454620.0,9737277.01,9617286.57,9656312.17,9795353.79,9813459.86,9675756.29,9382348.12,9956709.81,10200150.04,9935549.82,9413908.37,8780808.92,8002947.87
2022-03-29,7610800.58,7375235.08,7258771.45,7179593.48,7416741.38,7944277.69,8106900.27,8533358.21,8929295.02,9183481.59,9493590.46,9791756.95,9744065.09,9741252.26,9885960.04,9819199.08,9688253.64,9528784.1,10138340.25,10288773.58,9997656.37,9511648.62,8819913.69,8200667.14
2022-03-30,7805908.18,7434737.41,7242464.29,7177325.95,7470734.49,7941414.15,8093907.48,8551702.54,8994813.32,9272590.12,9554088.44,9870328.14,9799537.44,9849728.13,10025663.92,10041065.38,9899271.97,9616224.43,10114176.02,10295645.61,10085461.51,9601576.13,8940867.17,8324813.15
2022-03-31,7886919.8,7637196.99,7457519.44,7397535.33,7604726.6,8133539.39,8242893.96,8621772.61,9023687.85,9287630.76,9636609.51,9887975.41,9827524.45,9897279.8,10051429.36,10031757.75,9860731.45,9638899.37,10160712.38,10303235.49,10070729.03,9620913.29,8961098.46,8325792.47
2022-04-01,7905320.63,7651766.95,7480564.55,7400572.99,7605726.36,8035755.13,8161409.54,8565459.15,8995334.29,9262750.59,9516757.42,9756603.36,9696822.14,9819676.14,9963438.36,10018176.94,9878497.16,9597880.67,10114803.83,10301463.21,10074138.58,9644962.92,9067313.26,8514069.1
2022-04-02,8028775.41,7731314.98,7446803.18,7419858.64,7472778.17,7617715.72,7765138.9,8281985.93,8826328.51,9183394.03,9494861.56,9682138.94,9614342.73,9460322.67,9337752.32,9195188.95,9059595.75,8957384.95,9525337.24,9791993.84,9557276.2,9168901.65,8668507.63,8219128.88
2022-04-03,7830508.82,7537851.82,7301713.07,7152290.15,7088882.11,7031222.87,6850768.74,7189870.13,7604016.18,7955376.72,8162073.85,8459948.32,8626602.49,8550212.63,8365701.78,8200313.72,8102317.23,8115682.16,8857289.34,9126628.85,9015344.18,8633941.71,8198234.99,7685502.28
2022-04-04,7312441.57,7077831.02,6956428.35,6920243.39,7124717.68,7648412.1,7784687.69,8299287.06,8783628.08,9134176.2,9511565.11,9823196.99,9701840.83,9753271.42,9883977.71,9894317.24,9722840.31,9497953.58,10040042.72,10234089.09,10010131.39,9495785.98,8805557.89,8187073.04
2022-04-05,7787798.62,7558362.72,7370988.21,7293743.72,7445061.28,8011029.94,8119491.18,8545230.7,9007281.16,9286996.97,9569114.55,9893700.82,9748772.35,9856009.32,10066829.36,10109688.65,9976079.88,9688617.91,10165416.15,10429072.62,10223016.33,9715156.29,9027672.69,8419680.05
2022-04-06,7984291.0,7716527.66,7514691.45,7450180.01,7664658.16,8186779.23,8285619.82,8680344.6,9124879.84,9452179.71,9766690.88,10151779.66,10070394.02,10202790.09,10392197.31,10315588.83,10076723.03,9770536.08,10319905.3,10536342.58,10322592.14,9867345.04,9193496.08,8582362.91
2022-04-07,8131351.47,7857407.23,7674145.25,7581132.64,7761899.06,8283506.23,8385098.34,8750315.26,9186619.65,9442941.18,9743499.5,10033706.76,9976353.78,10003837.56,10132515.58,10187191.99,9978036.12,9775615.11,10270523.84,10413913.4,10198012.25,9729438.55,9057608.86,8428940.88
2022-04-08,7993049.21,7779304.31,7625257.44,7521840.06,7705612.03,8151759.28,8267353.48,8682609.76,9116570.54,9407209.29,9769189.81,10068827.3,9980837.35,10046957.18,10204950.91,10181119.32,9894577.6,9609161.22,10189649.27,10383308.91,10166489.13,9712062.95,9114480.24,8472307.47
2022-04-09,8094368.44,7783946.49,7533935.26,7411492.28,7521501.68,7602132.51,7749232.34,8326388.27,8881724.49,9229304.23,9564325.11,9775535.41,9754624.54,9612952.35,9499239.87,9371874.8,9234058.44,9144805.94,9765787.55,9976778.43,9778979.64,9296040.04,8772869.07,8308046.56
2022-04-10,7938877.09,7667987.53,7450303.05,7299200.49,7216059.24,7114953.55,7007241.06,7373990.2,7762835.56,8073071.81,8375812.35,8568054.66,8717896.83,8686606.24,8591369.01,8493962.02,8384494.04,8361806.63,9090618.22,9389253.87,9297509.36,9035410.76,8612446.57,8179889.04
2022-04-11,7787400.96,7509829.23,7350834.57,7277376.75,7374308.7,7594276.67,7851162.95,8509359.08,9122012.74,9479738.19,9846050.32,10157964.99,10171373.35,10162308.54,10350815.2,10281213.21,10028753.43,9756847.6,10242694.27,10449141.42,10224275.6,9793188.93,9202712.34,8571905.27
2022-04-12,8077914.17,7808690.61,7613114.62,7518691.07,7608782.26,7780624.6,8016915.96,8665930.86,9178496.87,9468266.76,9787216.9,10060463.31,10082773.99,10134653.14,10268763.77,10250644.65,10082027.85,9800673.92,10310529.5,10467868.29,10219768.0,9816293.66,9213414.9,8628375.36
2022-04-13,8201640.12,7906574.21,7678953.35,7555996.88,7608724.5,7725463.69,7961484.63,8605563.15,9103221.72,9393477.56,9680980.18,9913779.56,9846064.58,9789524.55,9921087.75,9857501.19,9638091.41,9361080.73,9886103.04,10036324.66,9785076.24,9406387.78,8893544.77,8358350.0
2022-04-14,7914890.27,7596570.5,7391781.53,7233816.23,7199338.16,7096651.83,6908684.13,7257096.93,7625160.95,7912429.64,8228826.36,8511393.32,8662831.14,8556544.68,8491158.58,8340318.68,8188350.99,8129327.37,8850693.15,9136289.03,8947228.07,8662352.26,8328111.19,7870709.72
2022-04-15,7504787.63,7195883.86,7008434.52,6878229.35,6816797.78,6692746.49,6503171.26,6779735.28,7135860.03,7383251.99,7613871.96,7901291.83,8085334.13,8079977.73,8020440.72,7903708.74,7806427.0,7788410.7,8510450.57,8782434.25,8698820.98,8534949.15,8199344.49,7831397.84
2022-04-16,7480808.17,7160325.26,6977925.0,6870692.36,6850402.99,6875573.72,6911164.2,7376159.97,7840477.23,8266925.15,8567782.69,8764882.06,8933876.51,8814460.13,8639715.09,8510877.49,8470832.03,8470645.75,9032759.37,9125345.05,8910627.22,8537144.91,8185273.63,7791138.05
2022-04-17,7402183.02,7100402.66,6909256.03,6757098.32,6703531.19,6653840.38,6491869.44,6806943.32,7183774.78,7527955.91,7804700.71,8015302.84,8158290.15,8155870.95,8132107.58,8077176.95,8010370.95,8029073.34,8813810.15,9125449.36,8999287.79,8698178.19,8291109.97,7796925.24
2022-04-18,7400039.73,7217362.73,7066108.94,7001715.1,7266970.51,7670230.09,7852116.94,8438745.46,9006232.05,9330933.9,9676783.76,9901472.34,9723556.52,9759006.07,9868131.69,9847893.39,9737998.61,9539654.9,10074235.95,10214779.55,9963015.69,9481604.84,8749557.89,8179909.48
2022-04-19,7741321.44,7487614.56,7329222.27,7240881.38,7451072.38,7935962.23,8036727.03,8446423.27,9094298.8,9446852.75,9482818.13,9656246.13,9505864.96,9483861.48,9623528.79,9690449.83,9536392.44,9329186.52,9836999.03,9993459.81,9757564.68,9287296.22,8601262.38,7967841.98
2022-04-20,7553480.26,7290624.1,7090412.84,7010638.45,7207012.06,7706936.69,7859173.47,8317088.9,8697378.99,9001323.42,9352777.93,9580780.61,9457058.62,9504373.54,9715434.54,9701968.28,9585988.58,9379423.89,9941578.49,10157264.72,9891587.35,9388550.24,8656913.72,8050013.87
2022-04-21,7633066.66,7412309.52,7222617.13,7156986.06,7401299.6,7915022.38,8051266.02,8461144.51,8895139.14,9177012.61,9497099.58,9712205.29,9569384.05,9586868.58,9772078.91,9794454.04,9647727.54,9410609.74,9929009.42,10189710.27,9886554.9,9362930.3,8695317.22,8122252.92
2022-04-22,7691490.28,7412880.43,7217053.28,7144566.75,7366859.09,7835358.43,7969988.79,8425042.36,8882924.83,9182010.65,9500459.19,9759703.44,9634252.04,9631898.67,9790717.66,9800056.09,9672170.46,9422483.77,9919952.65,10071966.29,9829519.56,9351980.67,8697362.03,8079212.2
2022-04-23,7655971.93,7377756.98,7219849.85,7136471.96,7201666.51,7295542.54,7503848.89,8078433.94,8592554.02,9029075.55,9316320.79,9586159.75,9537530.59,9411932.2,9277763.03,9190005.37,8907608.78,8848797.87,9483031.58,9676941.82,9419964.02,8975600.08,8450355.64,7997198.5
2022-04-24,7617304.33,7339439.9,7146246.85,6990614.36,6832643.22,6776902.68,6684765.25,7083330.21,7535219.81,7897950.18,8193661.09,8513446.35,8608256.29,8509150.52,8392985.18,8301540.92,8172398.47,8206761.15,8946094.17,9245068.36,9117812.62,8770548.43,8301411.15,7775769.56
2022-04-25,7416023.0,7208130.97,7072842.17,7021427.69,7240648.24,7745055.56,7886416.95,8363219.51,8895098.24,9197832.94,9520055.68,9736116.03,9647230.68,9638945.76,9732480.4,9705313.2,9543763.64,9315275.32,9866055.71,10097383.71,9861879.37,9353606.53,8629196.73,8052253.39
2022-04-26,7640772.33,7391593.97,7226620.19,7189917.49,7433879.42,7895228.92,8058954.24,8467502.1,8960766.62,9295664.56,9605347.95,9865352.66,9787129.6,9895809.83,10041104.0,10024946.02,9864705.39,9590764.12,10188711.64,10375823.46,10135162.66,9614795.33,8922878.21,8290018.31
2022-04-27,7810421.23,7527757.29,7374281.71,7309215.94,7506015.41,7963091.01,8054411.43,8564863.9,9057456.35,9362162.42,9683810.99,9975205.66,9874265.86,9935300.5,10093359.56,10085388.93,9852600.62,9626129.82,10187719.04,10321397.02,10074942.36,9557485.39,8871104.82,8271535.82
2022-04-28,7816330.55,7558138.89,7383779.29,7315019.78,7493694.04,7902209.48,8080674.02,8584766.59,9069856.76,9306460.56,9588637.05,9842328.75,9747142.99,9739324.33,9791881.98,9803268.04,9635407.19,9386937.16,9973461.58,10178533.73,9926295.44,9394827.91,8688709.12,8113544.75
2022-04-29,7672821.05,7413408.56,7254235.89,7164688.03,7393814.11,7805135.68,7981643.46,8467655.66,9011293.63,9318712.91,9609886.17,9872025.88,9779179.74,9797672.67,9969042.86,9985781.9,9786974.47,9515346.5,10053578.73,10280244.87,10081412.21,9606074.62,8963293.91,8433924.71
2022-04-30,7996596.99,7662524.73,7426537.95,7331499.8,7409615.27,7468726.26,7671002.33,8289671.51,8875556.75,9202692.5,9556481.91,9800048.96,9748027.53,9584662.99,9455690.41,9330592.8,9132201.39,9033604.05,9923782.66,10158536.94,9849802.59,9322431.87,8620854.27,8093349.25
2022-05-01,7635780.04,7337962.81,7074060.97,6935285.22,6811994.12,6671605.51,6538681.08,6867205.16,7225540.63,7551117.65,7823317.85,8120399.09,8267574.8,8213451.29,8103665.06,8068336.98,7991254.74,7980265.55,8719706.81,9111890.56,9031308.26,8780557.92,8438156.4,7986215.81
2022-05-02,7566368.91,7332668.71,7145125.19,7121508.92,7320600.42,7752216.29,7945817.88,8472151.69,8961513.79,9303219.69,9634775.18,9910191.08,9838713.41,9927017.37,10145198.11,10142405.56,9997010.11,9721566.51,10211102.81,10442659.58,10258852.9,9768703.56,9028584.17,8440384.3
2022-05-03,7921467.99,7654805.54,7492693.59,7450342.77,7678483.85,8023121.73,8134792.39,8630588.42,9126368.7,9431270.57,9880843.55,10179652.92,10097946.99,10241866.14,10435306.23,10480996.43,10324133.49,9961980.75,10415912.63,10704252.07,10489109.24,10022903.51,9314179.48,8633016.03
2022-05-04,8143061.44,7833862.52,7665238.16,7550908.84,7744038.44,8196542.56,8338099.64,8842647.84,9370192.54,9697221.87,10068737.3,10321184.19,10227863.52,10348145.82,10548791.01,10502104.86,10334305.45,9987698.38,10494449.92,10752935.04,10563784.88,10048270.84,9341998.88,8674153.5
2022-05-05,8191567.49,7945084.84,7714238.52,7644642.85,7827582.89,8230766.64,8335905.14,8811850.16,9272140.72,9531059.83,9832291.86,10011882.44,9862893.62,9875855.4,9888470.45,9694874.79,9560857.32,9421025.53,9970950.71,10092601.19,9858616.52,9410097.05,8773704.85,8180794.33
2022-05-06,7741647.28,7470769.11,7321226.1,7257056.66,7431561.27,7876354.75,8067009.92,8539456.27,8977676.72,9228548.03,9522458.23,9698296.66,9644298.28,9598500.93,9656877.34,9687329.16,9543822.15,9353230.53,9853660.82,10013524.57,9757518.06,9269545.88,8695897.1,8121202.18
2022-05-07,7710917.5,7453325.25,7249538.38,7138771.97,7207491.7,7245384.85,7423135.25,8008649.77,8548097.77,8912577.13,9186050.8,9350310.87,9323930.08,9184922.54,9023239.53,9004976.91,8899757.44,8854846.22,9481193.59,9691779.91,9508955.75,9047232.18,8469759.75,7950049.08
2022-05-08,7488330.16,7177409.86,6963797.06,6815012.2,6772487.65,6630515.64,6541515.6,6932482.63,7393096.51,7809185.2,8145010.84,8335270.53,8366453.95,8280851.35,8179985.39,8098669.74,8019133.12,8020906.2,8764349.09,9168716.83,9120992.09,8895591.86,8500331.58,8046680.68
2022-05-09,7676955.27,7439431.13,7239819.02,7164981.44,7360961.75,7781456.53,8008425.24,8548046.77,9131987.47,9476354.11,9945267.49,10203831.05,10124675.06,10117766.57,10245654.89,10185407.47,10019181.21,9747541.06,10221613.61,10396754.57,10161123.18,9683804.5,8947980.87,8344040.17
2022-05-10,7916661.63,7624581.8,7472226.1,7393109.09,7587380.75,8051477.27,8243110.0,8679315.49,9160479.59,9414877.22,9712173.32,9953125.2,9836747.48,9872879.24,10016616.4,10089381.09,9931100.04,9661863.89,10194210.12,10416072.24,10157423.11,9672427.93,8968635.76,8321499.82
2022-05-11,7855284.34,7596141.72,7413207.66,7305502.41,7449342.94,7948024.7,8114261.91,8598866.42,9041986.17,9309219.5,9670077.06,9917319.45,9852184.44,9831059.36,9969599.64,10004247.74,9754140.75,9549766.94,10103786.46,10270806.97,10032292.99,9516798.86,8818869.07,8204201.15
2022-05-12,7780052.78,7540357.83,7382379.51,7315430.3,7530443.67,7982581.92,8165538.55,8579615.9,9029001.74,9380512.03,9696350.42,9981775.85,9824308.61,9857604.56,10062967.55,10136163.96,10014456.22,9752382.42,10228217.08,10503138.05,10285695.45,9795680.01,9121462.72,8174039.83
2022-05-13,7715212.4,7463964.68,7288599.24,7226883.2,7385773.61,7744236.41,8180775.68,8718810.18,9241776.96,9527630.37,9844851.09,10092470.35,10016974.12,10069678.23,10236968.12,10257573.56,10046665.08,9808951.7,10259683.8,10430454.86,10212526.27,9754527.3,9126927.05,8546927.94
2022-05-14,8109321.72,7841191.52,7630147.18,7522023.52,7571522.02,7649316.49,7843491.18,8396054.9,8938378.08,9307184.58,9558553.65,9764891.18,9752187.05,9553530.29,9411288.06,9335370.33,9183522.88,9148727.56,9811807.96,10133244.52,9977860.64,9518383.8,8897595.09,8310359.81
2022-05-15,7863384.82,7554426.44,7329985.67,7222269.8,7143664.4,6976334.43,6880833.07,7240986.4,7646373.0,8016132.42,8308406.72,8498753.72,8642890.28,8587031.16,8434711.4,8336370.46,8240287.95,8229918.21,8995639.32,9391897.51,9321145.98,9043921.12,8611208.03,8158911.23
2022-05-16,7728941.3,7417865.76,7233210.61,7205691.86,7436187.34,7816521.48,8016720.95,8594398.42,9124082.48,9452272.39,9802877.91,10076219.55,9972444.83,10020855.44,10126981.5,10123668.17,9965600.63,9684516.9,10284102.51,10527230.51,10304003.55,9844057.87,9140599.96,8460982.32
2022-05-17,7966801.21,7704860.27,7544808.82,7517159.54,7698723.57,8081572.31,8282575.35,8774045.39,9213012.85,9501141.58,9771150.72,9968148.45,9881166.68,9836556.77,9956358.83,9880360.53,9734012.95,9577483.58,10108396.12,10314446.78,10111806.21,9645995.7,8878695.63,8236129.48
2022-05-18,7787819.72,7604483.39,7450471.57,7345481.29,7553507.11,8055195.75,8252880.84,8701479.57,9093988.45,9410177.99,9762733.09,9989508.24,9785194.67,9774391.84,9862054.5,9855657.02,9767483.66,9574273.31,10144702.38,10384080.43,10137003.5,9605598.59,8911180.87,8333992.41
2022-05-19,7901967.73,7610394.54,7458484.16,7395151.99,7549356.68,7974286.88,8131044.2,8556343.96,9081033.89,9349747.64,9674539.52,9915239.92,9796107.08,9839320.77,9996917.41,9968408.19,9790755.19,9613119.07,10177086.06,10366862.06,10132088.99,9632938.31,8949596.61,8317680.61
2022-05-20,7924331.1,7693755.55,7493264.73,7400851.86,7652441.91,8050958.28,8219144.89,8744766.67,9247375.69,9519696.12,9862748.47,10151497.17,10017244.49,10005869.57,10124821.54,10133114.8,9981138.51,9701016.3,10091908.46,10283630.95,10090962.27,9622191.96,9067974.78,8512290.92
2022-05-21,8041187.41,7754115.33,7563936.14,7446679.25,7466245.61,7493495.81,7699552.52,8265034.41,8811513.79,9151919.28,9456156.01,9651543.1,9566339.36,9468572.49,9328425.44,9323154.49,9235354.96,9141271.63,9700898.21,9945408.28,9685328.78,9222864.94,8709528.09,8236766.93
2022-05-22,7786513.35,7491000.5,7320187.88,7133531.1,7099957.83,6925242.18,6847636.11,7197259.16,7570444.58,7991038.09,8324933.43,8587984.73,8724781.28,8723015.73,8580395.05,8510004.9,8444540.32,8386618.82,9078974.8,9482556.95,9406339.75,9111469.31,8654855.27,7980178.19
2022-05-23,7517056.58,7336951.22,7273119.71,7199003.53,7386004.33,7792068.34,7957474.44,8477987.84,9029368.48,9341385.79,9692474.43,9955657.38,9910900.95,10041582.56,10192264.44,10178549.82,9996295.77,9728965.07,10208984.49,10434115.0,10208911.45,9710002.5,9020950.25,8412221.2
2022-05-24,7966041.46,7708197.69,7534464.7,7456743.81,7648166.25,8022750.0,8207129.44,8728256.31,9232493.31,9534342.76,9826697.37,10110595.74,9995867.91,10100150.02,10261664.56,10227951.83,10079155.49,9804950.56,10292740.68,10520474.95,10327999.66,9805224.63,9064333.75,8399822.77
2022-05-25,7971512.71,7716636.29,7547202.1,7459842.3,7680117.71,8106643.65,8250165.26,8712403.03,9210345.57,9472223.43,9817800.34,10083731.39,9956438.98,9984739.14,10148255.23,10155503.72,9982632.19,9766417.71,10275203.94,10488724.4,10237106.54,9743613.53,9001107.12,8381253.12
2022-05-26,7954777.31,7682745.37,7454235.78,7353674.76,7579998.46,7997711.06,8189161.52,8652135.11,9124702.19,9431398.7,9771897.18,10013526.93,9912812.8,9858593.46,10048692.47,10047431.78,9848731.59,9599807.59,10105720.17,10357080.41,10160916.17,9662326.17,8939430.19,8319297.2
2022-05-27,7835462.37,7603110.22,7412948.08,7346296.46,7508868.59,7859330.94,8076865.16,8640575.2,9140188.91,9492890.4,9832498.44,10138615.42,10038560.26,10051981.28,10213141.56,10172017.42,9978663.43,9730672.96,10213930.09,10419115.45,10202427.03,9758074.55,9118663.6,8549877.53
2022-05-28,8044242.1,7767768.9,7586200.74,7481754.36,7511235.92,7514943.43,7747712.6,8369688.62,8958907.16,9323801.79,9640804.82,9851870.31,9792527.02,9637797.15,9526985.62,9432490.69,9233528.91,9076708.88,9571050.99,9735816.13,9481735.84,8985851.61,8411854.11,7935497.91
2022-05-29,7572015.15,7288458.63,7050224.67,6939803.72,6859678.88,6739679.83,6702992.11,7063764.21,7411421.01,7731786.69,7986880.46,8162216.17,8254957.17,8155526.85,8051616.27,8029811.73,8015650.58,8071367.46,8702542.85,8987792.82,8836563.97,8544912.04,8143927.88,7765254.22
2022-05-30,7388573.37,7085793.27,6905379.89,6788731.61,6776127.21,6710378.14,6742114.47,7196889.12,7675667.74,8076661.19,8403908.26,8693318.5,8856813.32,8828211.84,8693176.91,8579522.65,8496511.13,8505045.7,9202636.99,9562434.28,9367778.26,8968588.04,8437705.66,7910448.42
2022-05-31,7559035.62,7290337.45,7114439.07,7081648.34,7293315.05,7717872.92,7889045.93,8366477.69,8851610.03,9211786.39,9618352.58,9880764.65,9822299.47,9903354.96,10102967.24,10078379.86,9857057.88,9503151.18,9942457.0,10218596.16,9992952.63,9543657.24,8840199.74,8197684.79
2022-06-01,7732018.0,7477683.8,7289387.96,7214501.64,7411212.14,7801405.33,7959883.48,8443972.16,8953464.17,9258065.32,9650846.36,9930976.5,9817264.2,9914887.26,10054753.11,9980516.37,9819941.09,9592931.58,10064386.42,10365023.1,10128939.94,9667297.92,8953331.49,8308193.72
2022-06-02,7877022.99,7581620.59,7380371.83,7273989.06,7437281.48,7873221.05,8079788.04,8554428.4,8994160.79,9256926.62,9565199.89,9850824.29,9741767.82,9815152.47,9932677.1,9952826.49,9807032.72,9577660.22,10003637.09,10253638.59,10037708.25,9485392.19,8803377.13,8188987.12
2022-06-03,7747007.48,7523968.07,7360912.11,7284323.93,7456629.89,7848498.33,8011960.44,8489236.9,8962143.29,9158585.25,9428893.92,9664713.49,9534696.06,9543390.02,9642773.03,9660839.56,9579998.81,9293734.74,9717356.75,9922855.48,9709025.8,9264027.98,8700383.41,8164367.08
2022-06-04,7713895.0,7422133.15,7258289.21,7207637.74,7271954.77,7370977.68,7539608.89,8096595.24,8627203.35,8921450.88,9194282.72,9418765.51,9339579.81,9192329.1,9060211.58,9025624.18,8918875.87,8884496.64,9419182.33,9585870.08,9311406.59,8844483.47,8304624.73,7818197.41
2022-06-05,7410774.05,7135406.1,6941850.93,6796809.76,6728050.38,6597581.35,6480213.54,6853455.3,7266440.02,7619248.09,7855383.54,8148172.99,8314787.69,8295040.95,8143134.49,8016592.49,7964948.11,8027440.05,8744686.64,9099290.25,8981562.73,8645438.28,8177359.69,7699803.58
2022-06-06,7329117.25,7113470.43,6962351.41,6889635.5,7081440.68,7529158.96,7773383.2,8256472.54,8790515.53,9117200.17,9510732.43,9801873.95,9752790.65,9810530.32,9911014.72,9906580.93,9777176.44,9533555.31,9949463.98,10185744.69,10001304.12,9437235.92,8743262.08,8127074.94
2022-06-07,7691535.37,7448915.55,7277574.93,7217490.02,7392359.99,7782208.76,7971320.52,8456070.03,8950396.93,9209242.44,9454044.99,9636114.47,9552089.48,9536163.8,9626560.56,9616731.71,9471848.0,9351216.8,9788035.33,9977627.18,9663121.03,9178225.23,8500603.2,7885763.77
2022-06-08,7482482.17,7225674.82,7037742.96,6983096.3,7208123.29,7707361.94,7930604.94,8343448.02,8762085.44,9132275.04,9504705.32,9763109.32,9651693.01,9646581.5,9811583.61,9813089.21,9658639.62,9422410.77,9867740.69,10185632.16,9995932.96,9532194.2,8835168.35,8192236.19
2022-06-09,7759297.99,7514062.91,7274144.91,7173955.02,7445692.24,7864267.5,8046690.71,8530646.42,9005555.99,9271509.98,9581519.51,9854737.61,9684351.48,9709379.39,9869189.15,9812462.62,9684559.44,9399221.04,9917893.49,10211235.13,9984581.71,9515664.84,8814242.31,8193162.9
2022-06-10,7774898.19,7524456.9,7360565.72,7297570.08,7467897.73,7846596.59,8071304.87,8563312.91,9104684.75,9413327.15,9757626.22,10028019.24,9850038.79,9828986.83,10036776.28,10093732.27,9923345.81,9658064.12,10094909.81,10369064.05,10124731.42,9707989.51,9094791.37,8476694.13
2022-06-11,8016746.02,7757921.5,7537255.23,7432935.76,7439916.44,7548722.64,7708606.39,8236507.88,8777891.76,9162825.64,9401277.25,9572468.48,9505670.46,9325290.9,9086465.44,8921882.8,8839489.09,8886054.61,9502088.9,9697768.76,9386522.02,8925946.87,8361028.87,7863635.51
2022-06-12,7507630.06,7247923.69,7020153.19,6901284.02,6867196.96,6746683.28,6649009.82,7008109.6,7341831.88,7671122.44,7972710.07,8170889.51,8204798.34,8225156.92,8093851.46,7980750.3,7944625.7,7989904.77,8702579.86,9081234.98,8935788.5,8561643.31,8047157.14,7615013.86
2022-06-13,7287477.74,7061542.61,6874821.75,6823862.95,7068058.8,7492608.67,7727006.44,8287607.05,8817977.45,9137809.23,9494579.69,9712354.74,9692722.44,9768998.21,9949498.07,9930510.01,9776872.87,9539251.9,9973488.89,10263973.58,10030037.68,9515335.96,8819271.3,8216023.62
2022-06-14,7743617.5,7499136.23,7319038.27,7226740.55,7417996.34,7788398.45,7994211.29,8477736.56,8877272.72,9118116.55,9444006.86,9680239.84,9535912.82,9508312.1,9645557.59,9623353.7,9485630.24,9294941.99,9740450.51,10066856.18,9867389.31,9369263.17,8669523.48,8077526.41
2022-06-15,7661119.61,7410256.72,7270615.52,7198462.48,7362699.2,7778446.81,8027621.29,8495497.84,8976794.08,9285065.4,9624944.44,9901824.74,9789646.95,9829484.51,9917980.81,9965305.51,9816119.8,9545722.39,9969467.39,10303467.11,10075762.2,9594682.95,8901648.5,8272296.22
2022-06-16,7786159.77,7501632.51,7333956.7,7257377.34,7428889.56,7766119.16,7984049.49,8538504.24,8991595.77,9334550.99,9673004.64,9947743.53,9877793.82,9950345.73,10081562.06,10024490.79,9890920.73,9603355.6,10015538.05,10348273.05,10143856.85,9685144.27,8991553.75,8368810.98
2022-06-17,7964931.01,7636312.71,7464034.87,7376982.13,7537690.36,7873748.87,8132763.64,8697868.63,9205603.0,9417047.94,9645086.72,9889988.99,9806881.06,9785815.37,9833994.61,9759421.8,9583046.99,9380379.58,9811823.57,10030981.08,9819942.85,9385387.26,8805087.9,8222266.94
2022-06-18,7791791.0,7516228.71,7339337.31,7223058.98,7269897.29,7310081.86,7516438.92,8103903.42,8689881.87,9013681.11,9296971.02,9494736.51,9471099.68,9291502.01,9119702.26,8988564.54,8834773.08,8755202.3,9280390.21,9499627.32,9282128.13,8821667.11,8254464.69,7776864.29
2022-06-19,7365114.7,7070498.72,6862196.52,6744557.85,6670992.94,6627215.67,6574683.5,6870470.9,7211140.21,7445934.68,7608142.89,7786441.32,7770704.54,7691707.67,7547704.18,7504637.15,7575479.2,7647270.63,8308886.83,8598325.53,8447765.5,8132402.49,7731842.86,7309199.37
2022-06-20,6980080.52,6760867.68,6605651.97,6536872.68,6534773.18,6524928.58,6533080.71,6954784.74,7406633.23,7830762.06,8197463.71,8513596.83,8682115.05,8635279.49,8508101.58,8420839.66,8363411.6,8393799.32,8999595.31,9387935.24,9203378.13,8837912.58,8331881.77,7813124.68
2022-06-21,7466708.08,7226524.27,7065602.46,7009844.16,7154037.38,7408748.78,7733756.78,8362589.97,8890535.1,9188084.97,9514061.03,9814861.99,9780939.19,9799371.84,9857785.69,9810588.9,9671311.27,9432054.89,9808653.34,10128376.73,9939425.85,9465055.75,8780357.64,8174693.99
2022-06-22,7785042.25,7525827.55,7368669.06,7289784.64,7410464.57,7596285.68,7906751.75,8511813.04,9045014.59,9357509.24,9666475.62,9972629.46,9953021.76,10039840.83,10144362.13,10123196.58,9994307.75,9705637.75,10071242.57,10412797.35,10169244.04,9715984.79,9049640.26,8458940.68
2022-06-23,8001360.61,7723847.78,7546044.06,7434607.42,7540762.01,7742853.87,8022171.18,8648341.21,9223274.11,9535750.15,9815224.61,10075855.57,10020766.15,10067796.71,10155172.76,10091180.81,9951860.76,9674247.57,10071447.29,10441029.84,10194799.97,9706864.75,9088327.52,8486406.15
2022-06-24,8005294.88,7731102.96,7510354.53,7406744.78,7514619.88,7663180.43,7962077.87,8502539.44,9023915.49,9271079.64,9579963.4,9876982.82,9870744.58,9901986.38,9984318.1,9930693.76,9731831.57,9460392.03,9869382.69,10120043.8,9866818.99,9404452.11,8754467.0,8218499.23
2022-06-25,7837517.61,7550507.95,7333942.6,7243059.92,7312667.03,7334935.91,7484386.75,8038811.3,8580706.04,8938451.0,9196462.9,9361057.57,9330368.63,9141842.47,9002616.59,8895763.14,8792045.36,8745548.14,9306207.18,9529470.24,9257046.01,8807936.11,8234942.61,7765114.49
2022-06-26,7378346.28,7116174.3,6903389.86,6744143.99,6685935.86,6634775.02,6488046.06,6828908.57,7241647.48,7553431.7,7750313.45,7975379.16,8080872.55,8041141.64,7877399.04,7790790.37,7757169.44,7801350.0,8361142.84,8716309.52,8562796.47,8339314.38,7995427.91,7558953.29
2022-06-27,7213830.07,6918024.98,6757661.17,6653230.78,6623912.68,6580787.99,6559811.93,6935911.68,7334802.48,7634526.79,7966186.59,8321530.21,8466197.6,8428241.4,8287837.93,8205560.43,8094160.65,8084953.76,8701667.99,9151827.92,8950724.67,8613845.63,8141865.82,7649353.36
2022-06-28,7294347.88,7067943.56,6891957.78,6861768.68,7007091.41,7247659.14,7579707.98,8223195.52,8778350.48,9120036.11,9505995.49,9773616.98,9738425.65,9738294.14,9838474.88,9839442.21,9667252.28,9425734.45,9752420.86,10092985.04,9906510.07,9398929.96,8725077.48,8143251.45
2022-06-29,7731450.67,7487797.51,7275552.84,7227387.3,7341728.19,7540461.69,7851415.86,8425634.05,8931118.36,9272073.43,9589963.46,9858675.72,9812790.9,9838627.16,9965509.75,9963239.73,9806434.09,9475203.09,9828532.48,10173114.21,9985801.14,9578998.26,8881860.36,8301316.34
2022-06-30,7865567.67,7561950.04,7387271.73,7298229.34,7429913.57,7589739.52,7916484.26,8559123.42,9031962.79,9284639.59,9628087.24,9908812.8,9880824.92,9829840.59,9816722.72,9760154.15,9681410.21,9427044.55,9829455.91,9988645.66,9760651.7,9369072.12,8693715.74,8158141.17
2022-07-01,7723138.12,7459954.86,7272926.36,7198884.74,7317678.89,7514122.47,7826864.16,8461103.51,9001997.27,9272426.06,9579114.24,9869500.56,9874428.08,9889833.71,10025441.2,9902739.18,9709417.8,9426384.55,9744064.66,10079198.5,9930939.33,9518084.65,8978626.83,8444205.85
2022-07-02,7984495.28,7705248.38,7485033.74,7352810.79,7376912.93,7421976.22,7560270.7,8130694.17,8689047.74,9004377.19,9302512.32,9488060.63,9371546.2,9237789.85,9125631.98,9055117.24,8944586.38,8847898.28,9308379.91,9641823.86,9404652.27,8961781.53,8452484.24,8001336.82
2022-07-03,7583630.74,7306247.03,7126858.54,6988885.92,6904856.1,6742665.62,6581248.41,6906877.37,7299169.92,7630846.27,7909506.84,8118458.7,8239951.43,8206273.61,8081230.04,8057925.19,7997709.61,7968894.66,8548128.64,8991036.63,8885885.7,8649836.34,8289186.62,7832289.59
2022-07-04,7519366.18,7246160.94,7039560.81,6892891.79,6849609.78,6836178.42,6748029.26,7055773.31,7531975.59,7908448.67,8525897.6,8922236.32,9088851.98,9064495.05,8921997.95,8828623.94,8727020.52,8619072.63,9341111.37,9780866.35,9680986.15,9367547.49,8821938.25,8190748.11
2022-07-05,7630039.06,7370495.2,7181447.07,7119595.88,7261976.51,7499791.33,7788380.67,8416442.8,8959698.41,9307373.03,9658499.59,9965250.66,9912246.08,9909845.56,10070106.94,10007691.88,9814102.74,9548577.89,9896265.4,10273603.58,10080327.18,9615104.04,8964246.04,8384313.09
2022-07-06,7919023.15,7641316.65,7458686.91,7379585.7,7480758.3,7727644.51,7959251.68,8541439.11,9036059.86,9310747.5,9686465.89,9992150.5,9943943.94,9945946.58,10070319.71,10026764.51,9870205.62,9562438.26,9889986.35,10306600.45,10107639.83,9651264.45,9010047.03,8406479.6
2022-07-07,7980046.97,7691837.79,7490382.89,7397063.76,7512904.0,7776330.72,8079155.88,8653550.81,9165093.27,9526225.32,9898539.2,10187359.86,10115361.8,10148984.99,10233431.77,10182449.92,10025952.27,9717483.92,10071783.34,10485213.99,10221063.95,9721981.38,9083855.36,8532732.65
2022-07-08,8083372.36,7787621.59,7573322.52,7483358.2,7593072.4,7860774.48,8096259.76,8692623.44,9270235.88,9610540.11,9905340.84,10139003.06,10069428.57,10058855.17,10145205.17,10110903.42,9909470.76,9612755.41,9932118.58,10262148.34,10077539.99,9629906.14,9044574.74,8502021.05
2022-07-09,8050362.94,7760692.65,7525242.84,7417838.95,7455002.91,7544308.76,7699455.29,8276960.79,8854112.69,9270669.19,9591784.88,9806385.94,9712935.83,9616277.05,9507412.28,9398155.96,9250734.92,9179028.34,9668816.45,10011964.87,9792637.67,9329021.82,8838705.51,8415121.56
2022-07-10,7980352.62,7685999.48,7460901.08,7279390.3,7079012.01,6941157.99,6778083.03,7070327.94,7514761.54,7887582.73,8186218.13,8434699.12,8578709.33,8561751.93,8426023.6,8336555.39,8228167.06,8217895.59,8868133.73,9375466.87,9314793.81,9067530.4,8612123.71,8138819.57
2022-07-11,7687169.42,7454655.8,7275135.4,7216052.81,7378147.54,7790553.24,7994721.72,8493370.12,8999867.17,9340931.33,9696804.58,9911485.38,9853255.88,9851292.49,9960389.47,9939903.27,9770204.67,9541406.61,9914282.11,10266096.77,10047674.58,9584917.84,8881309.43,8294448.11
2022-07-12,7900750.64,7634617.39,7482625.83,7410424.51,7587884.33,8035022.21,8198345.08,8644255.12,9114504.55,9435784.82,9796088.86,10050020.41,9938439.09,9946630.29,10140126.02,10176832.3,10031304.98,9714441.75,10031565.98,10437723.29,10246767.82,9754780.07,9066364.03,8430163.14
2022-07-13,7950493.88,7680585.26,7499798.95,7437275.68,7602115.15,8020383.24,8210259.83,8665279.43,9102533.0,9373596.02,9736157.32,10032322.39,9902537.5,9956593.44,10248362.86,10263313.38,10124389.83,9740492.88,10082812.87,10557109.02,10318874.03,9823437.18,9165041.33,8557538.94
2022-07-14,8057781.57,7746063.47,7591123.98,7504026.3,7662432.73,8011384.81,8209715.35,8724195.29,9249754.58,9540148.02,9925627.79,10166182.75,10089319.77,10144511.63,10303709.2,10329247.16,10109312.16,9800216.38,10156922.87,10567080.73,10337048.53,9869033.23,9190698.86,8624375.91
2022-07-15,8185889.05,7903078.84,7691271.1,7531638.42,7687966.25,8075075.67,8242351.01,8736185.56,9227923.43,9473381.66,9820679.77,10107463.57,10064316.04,10151989.96,10343438.34,10355425.08,10188345.78,9850555.42,10108483.87,10470987.28,10235262.57,9788500.24,9201755.02,8665884.21
2022-07-16,8244476.47,7947885.72,7715673.56,7535389.78,7565014.7,7630959.15,7807489.66,8364353.32,8957571.17,9330935.3,9650215.22,9868457.13,9808144.92,9638258.83,9576230.7,9473360.84,9354558.44,9257986.4,9677037.78,9975834.18,9700579.09,9281138.17,8747486.82,8339426.85
2022-07-17,7986750.13,7716321.4,7470631.51,7318542.26,7272690.52,7134439.21,6980054.9,7255461.76,7600922.59,7952642.07,8235337.27,8496626.73,8558169.71,8567151.38,8430119.45,8327232.27,8257840.06,8191624.0,8795410.18,9245282.06,9163719.02,8954871.11,8497353.02,8001888.31
2022-07-18,7636942.6,7358912.68,7200873.52,7116292.07,7326787.0,7787716.72,7970186.42,8513576.29,9034683.11,9346560.62,9716193.6,9975541.6,9885669.41,9888893.65,10058295.85,10078687.39,9890572.57,9518038.56,9842119.08,10310856.53,10134158.81,9699394.93,9024572.67,8403758.03
2022-07-19,7957743.76,7698830.41,7540092.09,7445694.87,7640191.11,8045685.5,8182205.77,8654309.67,9128732.73,9434202.61,9766481.38,10036832.58,9856529.1,9988446.94,10189115.62,10154188.84,10007674.63,9715005.97,10030546.3,10415147.1,10205669.28,9753427.21,9086000.24,8608424.09
2022-07-20,8199836.68,7923386.39,7691381.54,7530790.87,7524244.43,7522162.39,7422555.86,7877001.66,8313773.08,8689432.17,9022064.0,9284494.34,9387022.0,9301128.64,9125321.62,8986935.38,8851971.54,8786385.84,9383570.46,9845417.48,9752596.5,9371320.02,8832131.12,8288268.13
2022-07-21,7891969.78,7628097.53,7453862.82,7363985.44,7540222.68,7941986.7,8145777.47,8671126.49,9161726.19,9487702.06,9830281.25,10080607.23,9947244.81,9971554.26,10174243.04,10234239.22,10080759.9,9751750.24,10153201.58,10506780.8,10290362.28,9837220.52,9115028.69,8541560.69
2022-07-22,8053172.69,7701642.93,7426588.28,7396448.74,7597560.82,8052423.17,8234999.4,8772552.06,9287448.12,9549972.51,9943507.89,10204853.42,10067403.12,10049854.09,10203283.4,10200544.76,10048923.46,9756407.47,10148918.22,10397575.64,10170182.79,9675813.17,9084207.61,8574980.6
2022-07-23,8122391.59,7833429.08,7616088.6,7518902.49,7550081.59,7628420.64,7799703.54,8379156.2,8973170.6,9331379.82,9577602.29,9774929.45,9716873.71,9506548.61,9366192.77,9265475.92,9089637.14,9006184.12,9470447.42,9808114.2,9552047.15,9110177.03,8567628.59,8120730.49
2022-07-24,7720542.42,7434638.78,7244303.03,7096364.84,7046610.25,6949460.58,6801822.35,7071067.16,7484075.3,7741842.49,8097418.9,8352520.2,8430562.94,8438257.95,8360822.6,8198679.0,8143743.52,8138456.31,8748462.67,9257255.4,9173678.85,8918431.04,8445555.52,7971766.28
2022-07-25,7582368.73,7331105.73,7198600.9,7139868.53,7304393.79,7803590.2,7989127.18,8453706.46,8978685.56,9284094.71,9604538.22,9888553.15,9785191.05,9856304.19,9953379.59,9954857.49,9852325.92,9557016.29,9964634.2,10373535.96,10181415.19,9660678.35,8875354.33,8264851.86
2022-07-26,7894376.49,7621786.65,7431425.55,7375077.73,7617193.82,8132992.2,8293311.86,8708924.35,9135378.83,9342726.02,9627715.64,9888277.8,9741001.91,9750536.56,9927162.8,9962544.44,9854391.47,9610974.33,10005715.92,10365770.66,10136886.13,9663331.4,8957289.48,8349294.74
2022-07-27,7834553.54,7584060.43,7427271.43,7376185.79,7562241.05,8041405.75,8260758.55,8724633.64,9188139.79,9464779.43,9737865.35,9993398.02,9837685.23,9891656.46,10030193.47,10051551.78,9937531.39,9626766.59,10024031.37,10321199.01,10105307.37,9575255.34,8893721.87,8291365.82
2022-07-28,7880560.97,7622959.72,7422552.36,7346085.48,7536117.82,7961603.4,8152982.76,8571017.7,9002919.52,9166264.23,9488668.56,9707026.11,9682814.71,9733057.36,9908939.46,9888720.02,9722781.34,9471920.14,9862021.33,10187886.32,9895245.22,9412588.38,8788239.9,8206784.51
2022-07-29,7798684.87,7589283.51,7424182.79,7343517.06,7561674.0,7978268.3,8175174.34,8664408.67,9186890.33,9506050.47,9891128.83,10155001.61,10085420.86,10174169.42,10358208.96,10342607.98,10176133.8,9833959.53,10121679.6,10505645.37,10268284.05,9821808.72,9250136.58,8635026.59
2022-07-30,8142142.31,7829646.82,7581050.29,7496497.2,7578209.6,7673461.76,7845628.26,8419750.47,9011182.97,9423634.43,9712140.74,9958254.33,9893933.33,9770808.36,9633648.76,9509906.45,9413408.48,9297586.04,9742310.41,10049581.2,9844845.84,9416809.32,8884722.86,8410520.13
2022-07-31,8039421.95,7726144.86,7457489.29,7289156.82,7172365.85,7029518.77,6856255.37,7149255.12,7493809.27,7887092.52,8115671.6,8352821.53,8477081.84,8489901.41,8438222.55,8361751.65,8294842.76,8278523.06,8898709.54,9331496.08,9247310.77,8973810.18,8566998.26,8096226.54
2022-08-01,7720529.96,7412479.95,7256124.04,7197103.58,7378474.49,7901366.5,8053464.3,8565978.57,9097083.0,9339190.38,9654747.58,9914432.77,9858197.17,9900058.99,9997432.83,9980913.83,9830040.23,9579905.91,10017454.16,10346786.99,10098186.81,9617357.65,8959751.74,8330961.75
2022-08-02,7879367.3,7636943.65,7500443.88,7373571.27,7508804.97,7936762.73,8084170.3,8576189.23,9085279.92,9332624.98,9582492.94,9772284.68,9656945.78,9592929.46,9805662.6,9832927.87,9669982.3,9429042.07,9892447.05,10175193.95,9973408.19,9481998.52,8819621.78,8193033.66
2022-08-03,7785913.61,7497015.82,7345380.69,7278389.13,7482992.75,8021382.9,8187158.47,8600315.26,9047796.18,9251671.21,9519278.75,9790991.8,9703398.27,9749182.22,9939485.45,9903000.85,9770439.83,9517325.45,9963505.34,10360164.8,10135012.13,9664701.86,8979426.28,8353042.86
2022-08-04,7881856.97,7613844.36,7408052.72,7333948.61,7526362.6,7982942.66,8186306.93,8641114.97,9110564.81,9346793.25,9717777.38,9996103.11,9938594.73,9992389.85,10184528.95,10201405.82,10081048.99,9743824.37,10135105.32,10559329.42,10316742.85,9831180.95,9131147.58,8509293.42
2022-08-05,8022460.93,7805794.92,7603457.37,7516012.29,7676846.06,8099952.14,8282407.04,8786856.71,9208020.99,9422080.61,9783987.3,10022726.76,9862981.66,9888319.49,9991993.47,9962221.66,9760312.29,9503964.1,9980060.92,10235559.01,9980152.36,9550532.58,8924543.42,8388945.85
2022-08-06,7994678.8,7712451.07,7508097.95,7381357.38,7366380.93,7475621.86,7623332.65,8137260.02,8655369.21,8994329.59,9271038.23,9475492.41,9449585.99,9277195.35,9142646.98,9066791.63,8968262.05,8845348.55,9454677.9,9723380.19,9493328.04,9043191.2,8484886.43,8018435.69
2022-08-07,7607320.9,7342924.72,7123875.72,6955796.8,6863694.38,6788600.96,6637988.28,6995276.42,7430968.36,7819700.64,8099926.58,8416991.57,8571384.5,8522946.36,8409488.77,8351920.73,8291569.17,8225630.13,8821632.1,9321285.07,9227589.29,8928486.95,8454434.06,7977435.61
2022-08-08,7586052.52,7313434.2,7157959.76,7079384.44,7231447.66,7714016.57,7957993.19,8512227.13,9065142.49,9454031.66,9863819.64,10132436.29,10049186.01,10121283.27,10340285.05,10341268.95,10185370.01,9841397.77,10176132.83,10652672.87,10444859.71,9951306.86,9218333.19,8600665.8
2022-08-09,8117186.81,7797186.69,7587879.83,7537708.64,7734326.2,8201090.45,8325535.9,8793913.43,9298917.27,9544946.83,9962380.93,10215653.23,10105248.53,10170453.93,10307984.24,10281170.89,10116495.34,9774345.12,10192913.83,10478403.35,10250113.03,9759356.32,9032884.81,8431690.99
2022-08-10,7929723.54,7592491.39,7405080.7,7356989.01,7598927.72,8083842.5,8220863.7,8646363.72,9086326.9,9346535.71,9728724.42,10003897.15,9879582.18,9991326.3,10158533.36,10133168.24,9979772.14,9684551.34,10151750.87,10457887.35,10231924.09,9735446.15,8997015.11,8438281.06
2022-08-11,7981897.21,7715527.66,7510898.83,7427236.99,7603146.75,8078126.38,8230982.8,8694478.97,9126539.87,9457096.75,9838083.84,10098117.42,9991886.08,10070201.06,10239651.68,10238633.17,10074587.22,9744151.42,10170536.0,10514100.96,10287560.13,9848357.34,9150995.05,8517652.87
2022-08-12,8077264.81,7772968.75,7593793.04,7474910.3,7682374.02,8114905.08,8283107.84,8766232.53,9249222.22,9549201.38,9987390.33,10267147.67,10114233.97,10141635.55,10272457.92,10204871.35,10054316.74,9725956.16,10139019.93,10384567.44,10129858.52,9604625.78,8987999.28,8486026.03
2022-08-13,8005086.82,7729785.5,7514470.83,7412899.35,7505622.88,7583511.51,7706712.34,8195974.2,8741245.83,9045039.27,9355430.95,9553791.83,9496951.03,9358315.41,9224376.87,9159509.07,9043802.57,9010749.72,9594267.43,9829527.63,9581249.3,9101314.85,8599268.77,8135653.08
2022-08-14,7728915.39,7425539.26,7238355.74,7066950.53,7000811.01,6943242.27,6794454.59,7107678.56,7466346.02,7808051.3,8087521.03,8258717.77,8301744.03,8256298.54,8096339.76,8052699.21,7939122.6,7936934.43,8597426.08,8914972.66,8763191.68,8410066.25,8015575.44,7632546.53
2022-08-15,7254218.23,7017096.95,6843418.05,6745478.97,6737229.01,6759844.66,6661747.29,7076341.82,7545578.03,7922118.16,8268003.71,8577668.56,8696663.46,8693030.24,8525262.22,8378164.97,8303845.13,8285818.22,8943172.94,9365570.41,9140663.65,8834379.02,8302055.76,7840264.39
2022-08-16,7460760.63,7243769.44,7066276.28,7014301.01,7243273.41,7763399.68,7930448.65,8390621.93,8858913.59,9202483.52,9606644.19,9800293.62,9769764.68,9829785.44,10008871.49,10034876.73,9854322.57,9545896.64,9990163.76,10348549.53,10043621.92,9562268.24,8868908.16,8250423.58
2022-08-17,7847234.3,7585027.06,7426688.31,7334887.76,7516214.46,7988570.91,8187236.08,8642571.35,9149905.77,9466395.28,9860907.21,10150783.67,10056728.42,10241292.58,10401945.56,10433459.22,10290608.51,9946696.82,10318400.47,10710781.57,10514371.36,10038236.72,9308131.81,8656444.1
2022-08-18,8195788.34,7938926.66,7697613.53,7634970.95,7815818.65,8236729.1,8394552.25,8828969.48,9315519.34,9615056.87,9980405.0,10291185.18,10190720.47,10237468.24,10487325.93,10589431.32,10396806.53,10032446.38,10433363.3,10747664.5,10545361.64,10028970.1,9323147.37,8757756.15
2022-08-19,8280579.74,8013908.53,7809461.97,7709518.63,7888906.02,8301788.71,8448460.73,8936445.54,9408714.4,9739092.6,10140964.67,10419768.66,10383812.13,10482576.92,10693837.06,10758747.64,10526514.41,10152369.46,10566766.26,10813774.89,10604048.3,10124459.77,9494917.37,8931725.22
2022-08-20,8478988.94,8125862.01,7900147.74,7790765.6,7814180.93,7875970.85,8018749.5,8577467.48,9147486.13,9511022.24,9820148.92,9986316.32,9967880.73,9781927.55,9544195.0,9418437.6,9251818.68,9242580.75,9845861.17,9971198.53,9681040.66,9263281.56,8732752.06,8193441.25
2022-08-21,7758681.36,7505011.01,7213210.1,7026727.05,6956365.04,6813630.82,6727534.97,7053135.17,7492261.79,7754290.98,8003303.47,8232082.08,8388498.2,8396927.8,8206371.27,8158721.0,8103594.89,8151364.83,8906361.11,9263268.17,9167170.32,8847605.24,8380611.2,7889706.64
2022-08-22,7506662.19,7282782.89,7134094.4,7073918.51,7306916.48,7781226.98,8015515.31,8480462.78,8965309.95,9294399.19,9663092.94,9996757.89,9860484.67,9862738.23,9946255.94,9959332.99,9836617.68,9559362.14,10042377.04,10275099.17,10043412.27,9539358.43,8818559.04,8224126.68
2022-08-23,7782562.34,7530297.9,7355766.75,7277100.65,7442760.73,7915326.35,8124610.9,8547377.3,8986002.89,9267913.01,9652578.1,9899370.29,9802143.89,9904819.48,10095268.78,10137094.85,9986917.31,9656950.35,10181719.78,10414628.73,10172816.38,9659045.98,8917678.67,8302848.39
2022-08-24,7894593.76,7630136.23,7453017.37,7401925.12,7581684.19,8072145.59,8206209.4,8617488.23,9089500.02,9413378.16,9831999.24,10153278.85,10043295.63,10088703.52,10309577.98,10302893.4,10098624.92,9818397.92,10298782.2,10628598.9,10425952.86,9928301.97,9190825.02,8601320.09
2022-08-25,8149638.58,7863066.52,7631606.6,7556016.27,7716830.82,8175193.5,8348985.12,8745449.79,9185998.71,9438672.13,9775553.96,10086690.2,9970056.7,10052284.79,10211378.73,10207182.35,10077517.91,9774839.54,10307439.71,10558188.16,10299592.77,9838049.97,9146193.73,8549430.97
2022-08-26,8098970.84,7818577.88,7586021.31,7534228.59,7707650.86,8127917.07,8336321.27,8789972.71,9230126.82,9554419.81,9884027.21,10089658.62,9904293.08,9973606.67,10133950.43,10137408.13,9981927.29,9698927.74,10146188.56,10347176.79,10083045.95,9582593.5,8985975.35,8437153.68
2022-08-27,8019090.28,7715802.9,7512955.2,7384187.49,7428569.45,7538182.92,7745379.95,8384858.53,9094510.08,9504973.18,9811582.0,10042730.03,10026804.3,9855892.16,9659227.46,9571674.42,9442496.99,9388268.07,10034777.89,10165411.77,9890022.55,9424859.58,8777510.07,8207763.4
2022-08-28,7829228.32,7553474.46,7351742.49,7203292.42,7126988.29,7005971.91,6897850.63,7207841.16,7600341.19,7949184.37,8207344.94,8489632.37,8610682.31,8567934.88,8429077.48,8308193.95,8213757.83,8177011.25,8959333.98,9328760.31,9215659.81,8830087.78,8319469.54,7784121.22
2022-08-29,7391353.52,7172343.03,7002057.46,6948131.39,7184625.91,7705681.21,7905864.46,8383383.2,8891373.92,9212531.84,9535021.94,9747687.3,9660517.87,9694840.89,9858741.3,9872611.8,9764271.47,9510767.15,10021542.34,10253373.69,10036855.68,9514908.18,8777702.8,8168552.76
2022-08-30,7773456.57,7540514.2,7376608.54,7302523.58,7473505.2,7949186.98,8170102.83,8599490.98,9057894.84,9358675.78,9692597.25,9935560.5,9891486.36,9906462.22,10109464.67,10297871.59,10139832.39,9889406.41,10385155.09,10589342.15,10366488.64,9906914.79,9224079.87,8584316.65
2022-08-31,8130521.34,7874953.72,7640158.43,7624296.06,7825069.04,8252590.51,8405473.79,8825321.11,9334576.66,9540261.49,9952129.83,10201728.05,10060587.64,10085974.82,10160317.65,10090353.48,9954696.45,9766750.03,10259381.12,10436292.88,10192090.08,9671326.48,8969684.57,8386762.87
